-0.1,-0.1,0.197317
-0.1,-0.09,0.194904
-0.1,-0.08,0.192648
-0.1,-0.07,0.190545
-0.1,-0.06,0.188592
-0.1,-0.05,0.186786
-0.1,-0.04,0.185123
-0.1,-0.03,0.1836
-0.1,-0.02,0.182215
-0.1,-0.01,0.180965
-0.1,-1.04083e-17,0.179849
-0.1,0.01,0.178865
-0.1,0.02,0.178011
-0.1,0.03,0.177288
-0.1,0.04,0.176693
-0.1,0.05,0.176228
-0.1,0.06,0.175893
-0.1,0.07,0.175687
-0.1,0.08,0.175614
-0.1,0.09,0.175673
-0.1,0.1,0.175867
-0.1,0.11,0.176199
-0.1,0.12,0.176672
-0.1,0.13,0.17729
-0.1,0.14,0.178057
-0.1,0.15,0.178978
-0.1,0.16,0.180059
-0.1,0.17,0.181306
-0.1,0.18,0.182726
-0.1,0.19,0.184329
-0.1,0.2,0.186122
-0.1,0.21,0.188116
-0.1,0.22,0.190321
-0.1,0.23,0.19275
-0.1,0.24,0.195417
-0.1,0.25,0.198335
-0.1,0.26,0.201521
-0.1,0.27,0.204993
-0.1,0.28,0.208768
-0.1,0.29,0.212868
-0.1,0.3,0.217314
-0.1,0.31,0.222131
-0.1,0.32,0.227343
-0.1,0.33,0.232978
-0.1,0.34,0.239065
-0.1,0.35,0.245634
-0.1,0.36,0.252716
-0.1,0.37,0.260344
-0.1,0.38,0.268552
-0.1,0.39,0.277375
-0.1,0.4,0.286846
-0.1,0.41,0.296999
-0.1,0.42,0.307866
-0.1,0.43,0.319476
-0.1,0.44,0.331854
-0.1,0.45,0.345023
-0.1,0.46,0.358996
-0.1,0.47,0.37378
-0.1,0.48,0.389373
-0.1,0.49,0.405763
-0.1,0.5,0.422923
-0.1,0.51,0.440815
-0.1,0.52,0.459388
-0.1,0.53,0.478573
-0.1,0.54,0.498291
-0.1,0.55,0.518445
-0.1,0.56,0.538931
-0.1,0.57,0.559632
-0.1,0.58,0.580424
-0.1,0.59,0.601181
-0.1,0.6,0.621775
-0.1,0.61,0.642081
-0.1,0.62,0.661981
-0.1,0.63,0.681368
-0.1,0.64,0.700143
-0.1,0.65,0.718226
-0.1,0.66,0.735548
-0.1,0.67,0.752058
-0.1,0.68,0.767721
-0.1,0.69,0.782514
-0.1,0.7,0.796431
-0.1,0.71,0.809476
-0.1,0.72,0.821663
-0.1,0.73,0.833018
-0.1,0.74,0.843569
-0.1,0.75,0.853352
-0.1,0.76,0.862407
-0.1,0.77,0.870775
-0.1,0.78,0.878498
-0.1,0.79,0.88562
-0.1,0.8,0.892183
-0.1,0.81,0.898227
-0.1,0.82,0.903792
-0.1,0.83,0.908915
-0.1,0.84,0.913632
-0.1,0.85,0.917977
-0.1,0.86,0.921979
-0.1,0.87,0.925667
-0.1,0.88,0.929069
-0.1,0.89,0.932207
-0.1,0.9,0.935105
-0.1,0.91,0.937783
-0.1,0.92,0.94026
-0.1,0.93,0.942553
-0.1,0.94,0.944677
-0.1,0.95,0.946647
-0.1,0.96,0.948475
-0.1,0.97,0.950173
-0.1,0.98,0.951752
-0.1,0.99,0.953221
-0.1,1,0.95459
-0.1,1.01,0.955867
-0.1,1.02,0.957058
-0.1,1.03,0.95817
-0.1,1.04,0.959211
-0.1,1.05,0.960184
-0.1,1.06,0.961096
-0.1,1.07,0.96195
-0.1,1.08,0.962752
-0.1,1.09,0.963504
-0.09,-0.1,0.199337
-0.09,-0.09,0.196776
-0.09,-0.08,0.194377
-0.09,-0.07,0.192134
-0.09,-0.06,0.190044
-0.09,-0.05,0.188103
-0.09,-0.04,0.186307
-0.09,-0.03,0.184654
-0.09,-0.02,0.18314
-0.09,-0.01,0.181763
-0.09,-1.04083e-17,0.180521
-0.09,0.01,0.179412
-0.09,0.02,0.178434
-0.09,0.03,0.177586
-0.09,0.04,0.176867
-0.09,0.05,0.176277
-0.09,0.06,0.175815
-0.09,0.07,0.175481
-0.09,0.08,0.175277
-0.09,0.09,0.175204
-0.09,0.1,0.175263
-0.09,0.11,0.175456
-0.09,0.12,0.175786
-0.09,0.13,0.176257
-0.09,0.14,0.176871
-0.09,0.15,0.177633
-0.09,0.16,0.178548
-0.09,0.17,0.179622
-0.09,0.18,0.180861
-0.09,0.19,0.182273
-0.09,0.2,0.183865
-0.09,0.21,0.185647
-0.09,0.22,0.187627
-0.09,0.23,0.189818
-0.09,0.24,0.192232
-0.09,0.25,0.19488
-0.09,0.26,0.197779
-0.09,0.27,0.200944
-0.09,0.28,0.204392
-0.09,0.29,0.208141
-0.09,0.3,0.212213
-0.09,0.31,0.216629
-0.09,0.32,0.221412
-0.09,0.33,0.226589
-0.09,0.34,0.232185
-0.09,0.35,0.23823
-0.09,0.36,0.244753
-0.09,0.37,0.251787
-0.09,0.38,0.259363
-0.09,0.39,0.267516
-0.09,0.4,0.27628
-0.09,0.41,0.285689
-0.09,0.42,0.295777
-0.09,0.43,0.306575
-0.09,0.44,0.318113
-0.09,0.45,0.330418
-0.09,0.46,0.343511
-0.09,0.47,0.357407
-0.09,0.48,0.372115
-0.09,0.49,0.387632
-0.09,0.5,0.403948
-0.09,0.51,0.421037
-0.09,0.52,0.438863
-0.09,0.53,0.457375
-0.09,0.54,0.476508
-0.09,0.55,0.496181
-0.09,0.56,0.516302
-0.09,0.57,0.536765
-0.09,0.58,0.557455
-0.09,0.59,0.578249
-0.09,0.6,0.59902
-0.09,0.61,0.619641
-0.09,0.62,0.639986
-0.09,0.63,0.659937
-0.09,0.64,0.679384
-0.09,0.65,0.698229
-0.09,0.66,0.716389
-0.09,0.67,0.733793
-0.09,0.68,0.750391
-0.09,0.69,0.766143
-0.09,0.7,0.781027
-0.09,0.71,0.795035
-0.09,0.72,0.80817
-0.09,0.73,0.820445
-0.09,0.74,0.831884
-0.09,0.75,0.842516
-0.09,0.76,0.852377
-0.09,0.77,0.861505
-0.09,0.78,0.869942
-0.09,0.79,0.87773
-0.09,0.8,0.884912
-0.09,0.81,0.89153
-0.09,0.82,0.897625
-0.09,0.83,0.903238
-0.09,0.84,0.908405
-0.09,0.85,0.913162
-0.09,0.86,0.917543
-0.09,0.87,0.921579
-0.09,0.88,0.925299
-0.09,0.89,0.928729
-0.09,0.9,0.931893
-0.09,0.91,0.934815
-0.09,0.92,0.937515
-0.09,0.93,0.940012
-0.09,0.94,0.942323
-0.09,0.95,0.944464
-0.09,0.96,0.946448
-0.09,0.97,0.94829
-0.09,0.98,0.950002
-0.09,0.99,0.951592
-0.09,1,0.953073
-0.09,1.01,0.954452
-0.09,1.02,0.955737
-0.09,1.03,0.956937
-0.09,1.04,0.958058
-0.09,1.05,0.959105
-0.09,1.06,0.960085
-0.09,1.07,0.961003
-0.09,1.08,0.961863
-0.09,1.09,0.96267
-0.08,-0.1,0.201494
-0.08,-0.09,0.198784
-0.08,-0.08,0.196239
-0.08,-0.07,0.193853
-0.08,-0.06,0.191623
-0.08,-0.05,0.189546
-0.08,-0.04,0.187616
-0.08,-0.03,0.185831
-0.08,-0.02,0.184188
-0.08,-0.01,0.182683
-0.08,-1.04083e-17,0.181315
-0.08,0.01,0.180081
-0.08,0.02,0.178978
-0.08,0.03,0.178006
-0.08,0.04,0.177164
-0.08,0.05,0.176449
-0.08,0.06,0.175862
-0.08,0.07,0.175403
-0.08,0.08,0.175072
-0.08,0.09,0.17487
-0.08,0.1,0.174797
-0.08,0.11,0.174856
-0.08,0.12,0.175048
-0.08,0.13,0.175377
-0.08,0.14,0.175844
-0.08,0.15,0.176454
-0.08,0.16,0.177212
-0.08,0.17,0.178121
-0.08,0.18,0.179189
-0.08,0.19,0.18042
-0.08,0.2,0.181823
-0.08,0.21,0.183405
-0.08,0.22,0.185175
-0.08,0.23,0.187142
-0.08,0.24,0.189319
-0.08,0.25,0.191716
-0.08,0.26,0.194347
-0.08,0.27,0.197227
-0.08,0.28,0.20037
-0.08,0.29,0.203794
-0.08,0.3,0.207519
-0.08,0.31,0.211563
-0.08,0.32,0.215948
-0.08,0.33,0.220699
-0.08,0.34,0.225839
-0.08,0.35,0.231397
-0.08,0.36,0.2374
-0.08,0.37,0.243879
-0.08,0.38,0.250864
-0.08,0.39,0.258389
-0.08,0.4,0.266487
-0.08,0.41,0.275192
-0.08,0.42,0.284539
-0.08,0.43,0.294562
-0.08,0.44,0.305291
-0.08,0.45,0.316759
-0.08,0.46,0.32899
-0.08,0.47,0.342008
-0.08,0.48,0.355827
-0.08,0.49,0.370458
-0.08,0.5,0.385899
-0.08,0.51,0.40214
-0.08,0.52,0.419158
-0.08,0.53,0.436918
-0.08,0.54,0.455369
-0.08,0.55,0.474448
-0.08,0.56,0.494076
-0.08,0.57,0.514161
-0.08,0.58,0.5346
-0.08,0.59,0.555278
-0.08,0.6,0.576073
-0.08,0.61,0.596857
-0.08,0.62,0.617504
-0.08,0.63,0.637887
-0.08,0.64,0.657887
-0.08,0.65,0.677394
-0.08,0.66,0.696308
-0.08,0.67,0.714543
-0.08,0.68,0.73203
-0.08,0.69,0.748714
-0.08,0.7,0.764556
-0.08,0.71,0.779531
-0.08,0.72,0.79363
-0.08,0.73,0.806855
-0.08,0.74,0.819218
-0.08,0.75,0.830742
-0.08,0.76,0.841456
-0.08,0.77,0.851394
-0.08,0.78,0.860596
-0.08,0.79,0.869102
-0.08,0.8,0.876955
-0.08,0.81,0.884197
-0.08,0.82,0.890871
-0.08,0.83,0.897018
-0.08,0.84,0.902679
-0.08,0.85,0.90789
-0.08,0.86,0.912688
-0.08,0.87,0.917107
-0.08,0.88,0.921177
-0.08,0.89,0.924927
-0.08,0.9,0.928386
-0.08,0.91,0.931577
-0.08,0.92,0.934523
-0.08,0.93,0.937245
-0.08,0.94,0.939762
-0.08,0.95,0.942091
-0.08,0.96,0.944249
-0.08,0.97,0.946249
-0.08,0.98,0.948105
-0.08,0.99,0.949829
-0.08,1,0.951432
-0.08,1.01,0.952923
-0.08,1.02,0.954312
-0.08,1.03,0.955607
-0.08,1.04,0.956816
-0.08,1.05,0.957944
-0.08,1.06,0.958999
-0.08,1.07,0.959986
-0.08,1.08,0.96091
-0.08,1.09,0.961776
-0.07,-0.1,0.203792
-0.07,-0.09,0.200929
-0.07,-0.08,0.198235
-0.07,-0.07,0.195704
-0.07,-0.06,0.193333
-0.07,-0.05,0.191116
-0.07,-0.04,0.189051
-0.07,-0.03,0.187133
-0.07,-0.02,0.185358
-0.07,-0.01,0.183725
-0.07,-1.04083e-17,0.18223
-0.07,0.01,0.18087
-0.07,0.02,0.179643
-0.07,0.03,0.178547
-0.07,0.04,0.177581
-0.07,0.05,0.176744
-0.07,0.06,0.176034
-0.07,0.07,0.175451
-0.07,0.08,0.174995
-0.07,0.09,0.174666
-0.07,0.1,0.174465
-0.07,0.11,0.174393
-0.07,0.12,0.174452
-0.07,0.13,0.174643
-0.07,0.14,0.174969
-0.07,0.15,0.175434
-0.07,0.16,0.176041
-0.07,0.17,0.176794
-0.07,0.18,0.177697
-0.07,0.19,0.178758
-0.07,0.2,0.179982
-0.07,0.21,0.181375
-0.07,0.22,0.182947
-0.07,0.23,0.184706
-0.07,0.24,0.186661
-0.07,0.25,0.188823
-0.07,0.26,0.191204
-0.07,0.27,0.193818
-0.07,0.28,0.196678
-0.07,0.29,0.1998
-0.07,0.3,0.203201
-0.07,0.31,0.2069
-0.07,0.32,0.210916
-0.07,0.33,0.215272
-0.07,0.34,0.21999
-0.07,0.35,0.225095
-0.07,0.36,0.230614
-0.07,0.37,0.236576
-0.07,0.38,0.24301
-0.07,0.39,0.249948
-0.07,0.4,0.257421
-0.07,0.41,0.265464
-0.07,0.42,0.274112
-0.07,0.43,0.283397
-0.07,0.44,0.293354
-0.07,0.45,0.304016
-0.07,0.46,0.315412
-0.07,0.47,0.32757
-0.07,0.48,0.340513
-0.07,0.49,0.354256
-0.07,0.5,0.36881
-0.07,0.51,0.384175
-0.07,0.52,0.400341
-0.07,0.53,0.417287
-0.07,0.54,0.434979
-0.07,0.55,0.453368
-0.07,0.56,0.472393
-0.07,0.57,0.491975
-0.07,0.58,0.512024
-0.07,0.59,0.532438
-0.07,0.6,0.553102
-0.07,0.61,0.573896
-0.07,0.62,0.594692
-0.07,0.63,0.615363
-0.07,0.64,0.635783
-0.07,0.65,0.655832
-0.07,0.66,0.675397
-0.07,0.67,0.694379
-0.07,0.68,0.71269
-0.07,0.69,0.730259
-0.07,0.7,0.747029
-0.07,0.71,0.76296
-0.07,0.72,0.778026
-0.07,0.73,0.792216
-0.07,0.74,0.805531
-0.07,0.75,0.817982
-0.07,0.76,0.829592
-0.07,0.77,0.840387
-0.07,0.78,0.850404
-0.07,0.79,0.85968
-0.07,0.8,0.868255
-0.07,0.81,0.876173
-0.07,0.82,0.883476
-0.07,0.83,0.890207
-0.07,0.84,0.896407
-0.07,0.85,0.902116
-0.07,0.86,0.907371
-0.07,0.87,0.91221
-0.07,0.88,0.916666
-0.07,0.89,0.920771
-0.07,0.9,0.924553
-0.07,0.91,0.92804
-0.07,0.92,0.931258
-0.07,0.93,0.934228
-0.07,0.94,0.936972
-0.07,0.95,0.939509
-0.07,0.96,0.941857
-0.07,0.97,0.944032
-0.07,0.98,0.946048
-0.07,0.99,0.947918
-0.07,1,0.949655
-0.07,1.01,0.95127
-0.07,1.02,0.952773
-0.07,1.03,0.954172
-0.07,1.04,0.955476
-0.07,1.05,0.956693
-0.07,1.06,0.95783
-0.07,1.07,0.958892
-0.07,1.08,0.959885
-0.07,1.09,0.960816
-0.06,-0.1,0.206232
-0.06,-0.09,0.203214
-0.06,-0.08,0.200368
-0.06,-0.07,0.197689
-0.06,-0.06,0.195173
-0.06,-0.05,0.192816
-0.06,-0.04,0.190612
-0.06,-0.03,0.188559
-0.06,-0.02,0.186652
-0.06,-0.01,0.184889
-0.06,-1.04083e-17,0.183265
-0.06,0.01,0.181779
-0.06,0.02,0.180427
-0.06,0.03,0.179208
-0.06,0.04,0.178119
-0.06,0.05,0.177159
-0.06,0.06,0.176327
-0.06,0.07,0.175621
-0.06,0.08,0.175042
-0.06,0.09,0.174589
-0.06,0.1,0.174263
-0.06,0.11,0.174063
-0.06,0.12,0.173992
-0.06,0.13,0.17405
-0.06,0.14,0.17424
-0.06,0.15,0.174565
-0.06,0.16,0.175027
-0.06,0.17,0.17563
-0.06,0.18,0.176378
-0.06,0.19,0.177276
-0.06,0.2,0.17833
-0.06,0.21,0.179546
-0.06,0.22,0.180931
-0.06,0.23,0.182493
-0.06,0.24,0.18424
-0.06,0.25,0.186182
-0.06,0.26,0.18833
-0.06,0.27,0.190696
-0.06,0.28,0.193292
-0.06,0.29,0.196133
-0.06,0.3,0.199234
-0.06,0.31,0.202612
-0.06,0.32,0.206286
-0.06,0.33,0.210275
-0.06,0.34,0.2146
-0.06,0.35,0.219286
-0.06,0.36,0.224356
-0.06,0.37,0.229837
-0.06,0.38,0.235758
-0.06,0.39,0.242147
-0.06,0.4,0.249037
-0.06,0.41,0.25646
-0.06,0.42,0.264449
-0.06,0.43,0.273038
-0.06,0.44,0.282262
-0.06,0.45,0.292155
-0.06,0.46,0.302748
-0.06,0.47,0.314074
-0.06,0.48,0.326159
-0.06,0.49,0.339026
-0.06,0.5,0.352693
-0.06,0.51,0.36717
-0.06,0.52,0.382458
-0.06,0.53,0.398549
-0.06,0.54,0.415423
-0.06,0.55,0.433047
-0.06,0.56,0.451374
-0.06,0.57,0.470343
-0.06,0.58,0.489878
-0.06,0.59,0.509891
-0.06,0.6,0.530278
-0.06,0.61,0.550928
-0.06,0.62,0.571719
-0.06,0.63,0.592526
-0.06,0.64,0.61322
-0.06,0.65,0.633675
-0.06,0.66,0.653771
-0.06,0.67,0.673394
-0.06,0.68,0.692443
-0.06,0.69,0.710829
-0.06,0.7,0.728479
-0.06,0.71,0.745335
-0.06,0.72,0.761355
-0.06,0.73,0.776512
-0.06,0.74,0.790793
-0.06,0.75,0.804198
-0.06,0.76,0.816737
-0.06,0.77,0.828433
-0.06,0.78,0.839311
-0.06,0.79,0.849406
-0.06,0.8,0.858756
-0.06,0.81,0.867402
-0.06,0.82,0.875386
-0.06,0.83,0.88275
-0.06,0.84,0.889538
-0.06,0.85,0.89579
-0.06,0.86,0.901547
-0.06,0.87,0.906848
-0.06,0.88,0.911728
-0.06,0.89,0.916222
-0.06,0.9,0.920361
-0.06,0.91,0.924176
-0.06,0.92,0.927692
-0.06,0.93,0.930936
-0.06,0.94,0.933931
-0.06,0.95,0.936697
-0.06,0.96,0.939255
-0.06,0.97,0.941622
-0.06,0.98,0.943813
-0.06,0.99,0.945845
-0.06,1,0.94773
-0.06,1.01,0.94948
-0.06,1.02,0.951107
-0.06,1.03,0.952621
-0.06,1.04,0.954031
-0.06,1.05,0.955344
-0.06,1.06,0.95657
-0.06,1.07,0.957714
-0.06,1.08,0.958784
-0.06,1.09,0.959785
-0.05,-0.1,0.208818
-0.05,-0.09,0.205641
-0.05,-0.08,0.20264
-0.05,-0.07,0.199811
-0.05,-0.06,0.197147
-0.05,-0.05,0.194646
-0.05,-0.04,0.192302
-0.05,-0.03,0.190111
-0.05,-0.02,0.18807
-0.05,-0.01,0.186175
-0.05,-1.04083e-17,0.184422
-0.05,0.01,0.182808
-0.05,0.02,0.181331
-0.05,0.03,0.179987
-0.05,0.04,0.178775
-0.05,0.05,0.177693
-0.05,0.06,0.176739
-0.05,0.07,0.175912
-0.05,0.08,0.175211
-0.05,0.09,0.174636
-0.05,0.1,0.174186
-0.05,0.11,0.173862
-0.05,0.12,0.173663
-0.05,0.13,0.173593
-0.05,0.14,0.173651
-0.05,0.15,0.17384
-0.05,0.16,0.174163
-0.05,0.17,0.174622
-0.05,0.18,0.175221
-0.05,0.19,0.175965
-0.05,0.2,0.176858
-0.05,0.21,0.177905
-0.05,0.22,0.179113
-0.05,0.23,0.180489
-0.05,0.24,0.182041
-0.05,0.25,0.183777
-0.05,0.26,0.185706
-0.05,0.27,0.18784
-0.05,0.28,0.190191
-0.05,0.29,0.19277
-0.05,0.3,0.195592
-0.05,0.31,0.198672
-0.05,0.32,0.202027
-0.05,0.33,0.205676
-0.05,0.34,0.209637
-0.05,0.35,0.213933
-0.05,0.36,0.218587
-0.05,0.37,0.223622
-0.05,0.38,0.229065
-0.05,0.39,0.234945
-0.05,0.4,0.24129
-0.05,0.41,0.248133
-0.05,0.42,0.255505
-0.05,0.43,0.26344
-0.05,0.44,0.271972
-0.05,0.45,0.281134
-0.05,0.46,0.290963
-0.05,0.47,0.301489
-0.05,0.48,0.312744
-0.05,0.49,0.324756
-0.05,0.5,0.337548
-0.05,0.51,0.351138
-0.05,0.52,0.365538
-0.05,0.53,0.38075
-0.05,0.54,0.396766
-0.05,0.55,0.413567
-0.05,0.56,0.431123
-0.05,0.57,0.449387
-0.05,0.58,0.468299
-0.05,0.59,0.487786
-0.05,0.6,0.50776
-0.05,0.61,0.52812
-0.05,0.62,0.548754
-0.05,0.63,0.569541
-0.05,0.64,0.590357
-0.05,0.65,0.611074
-0.05,0.66,0.631563
-0.05,0.67,0.651705
-0.05,0.68,0.671385
-0.05,0.69,0.690499
-0.05,0.7,0.70896
-0.05,0.71,0.72669
-0.05,0.72,0.743632
-0.05,0.73,0.759741
-0.05,0.74,0.774988
-0.05,0.75,0.78936
-0.05,0.76,0.802856
-0.05,0.77,0.815484
-0.05,0.78,0.827265
-0.05,0.79,0.838226
-0.05,0.8,0.8484
-0.05,0.81,0.857825
-0.05,0.82,0.866542
-0.05,0.83,0.874592
-0.05,0.84,0.882018
-0.05,0.85,0.888863
-0.05,0.86,0.895168
-0.05,0.87,0.900975
-0.05,0.88,0.906321
-0.05,0.89,0.911242
-0.05,0.9,0.915774
-0.05,0.91,0.919949
-0.05,0.92,0.923795
-0.05,0.93,0.927341
-0.05,0.94,0.930612
-0.05,0.95,0.933631
-0.05,0.96,0.93642
-0.05,0.97,0.938999
-0.05,0.98,0.941384
-0.05,0.99,0.943593
-0.05,1,0.945641
-0.05,1.01,0.94754
-0.05,1.02,0.949304
-0.05,1.03,0.950943
-0.05,1.04,0.952468
-0.05,1.05,0.953888
-0.05,1.06,0.955212
-0.05,1.07,0.956446
-0.05,1.08,0.957599
-0.05,1.09,0.958676
-0.04,-0.1,0.211552
-0.04,-0.09,0.208213
-0.04,-0.08,0.205054
-0.04,-0.07,0.20207
-0.04,-0.06,0.199256
-0.04,-0.05,0.196608
-0.04,-0.04,0.194121
-0.04,-0.03,0.191791
-0.04,-0.02,0.189613
-0.04,-0.01,0.187584
-0.04,-1.04083e-17,0.1857
-0.04,0.01,0.183958
-0.04,0.02,0.182354
-0.04,0.03,0.180886
-0.04,0.04,0.17955
-0.04,0.05,0.178346
-0.04,0.06,0.177271
-0.04,0.07,0.176323
-0.04,0.08,0.175501
-0.04,0.09,0.174804
-0.04,0.1,0.174232
-0.04,0.11,0.173785
-0.04,0.12,0.173463
-0.04,0.13,0.173266
-0.04,0.14,0.173196
-0.04,0.15,0.173254
-0.04,0.16,0.173442
-0.04,0.17,0.173763
-0.04,0.18,0.17422
-0.04,0.19,0.174816
-0.04,0.2,0.175555
-0.04,0.21,0.176442
-0.04,0.22,0.177483
-0.04,0.23,0.178684
-0.04,0.24,0.180051
-0.04,0.25,0.181592
-0.04,0.26,0.183317
-0.04,0.27,0.185234
-0.04,0.28,0.187354
-0.04,0.29,0.189689
-0.04,0.3,0.192251
-0.04,0.31,0.195054
-0.04,0.32,0.198113
-0.04,0.33,0.201446
-0.04,0.34,0.20507
-0.04,0.35,0.209004
-0.04,0.36,0.213271
-0.04,0.37,0.217892
-0.04,0.38,0.222892
-0.04,0.39,0.228298
-0.04,0.4,0.234137
-0.04,0.41,0.240439
-0.04,0.42,0.247235
-0.04,0.43,0.254557
-0.04,0.44,0.262438
-0.04,0.45,0.270912
-0.04,0.46,0.280014
-0.04,0.47,0.289778
-0.04,0.48,0.300237
-0.04,0.49,0.311422
-0.04,0.5,0.323361
-0.04,0.51,0.336078
-0.04,0.52,0.349592
-0.04,0.53,0.363915
-0.04,0.54,0.379049
-0.04,0.55,0.39499
-0.04,0.56,0.411719
-0.04,0.57,0.429205
-0.04,0.58,0.447405
-0.04,0.59,0.466261
-0.04,0.6,0.485699
-0.04,0.61,0.505634
-0.04,0.62,0.525964
-0.04,0.63,0.546581
-0.04,0.64,0.567364
-0.04,0.65,0.588188
-0.04,0.66,0.608925
-0.04,0.67,0.629447
-0.04,0.68,0.649634
-0.04,0.69,0.669369
-0.04,0.7,0.688549
-0.04,0.71,0.707083
-0.04,0.72,0.724893
-0.04,0.73,0.74192
-0.04,0.74,0.758117
-0.04,0.75,0.773455
-0.04,0.76,0.787919
-0.04,0.77,0.801504
-0.04,0.78,0.814222
-0.04,0.79,0.826089
-0.04,0.8,0.837133
-0.04,0.81,0.847387
-0.04,0.82,0.856887
-0.04,0.83,0.865675
-0.04,0.84,0.873791
-0.04,0.85,0.881279
-0.04,0.86,0.888182
-0.04,0.87,0.894541
-0.04,0.88,0.900397
-0.04,0.89,0.905789
-0.04,0.9,0.910752
-0.04,0.91,0.915323
-0.04,0.92,0.919533
-0.04,0.93,0.923411
-0.04,0.94,0.926987
-0.04,0.95,0.930285
-0.04,0.96,0.933329
-0.04,0.97,0.936141
-0.04,0.98,0.93874
-0.04,0.99,0.941145
-0.04,1,0.943372
-0.04,1.01,0.945435
-0.04,1.02,0.947349
-0.04,1.03,0.949127
-0.04,1.04,0.950778
-0.04,1.05,0.952315
-0.04,1.06,0.953745
-0.04,1.07,0.955078
-0.04,1.08,0.956321
-0.04,1.09,0.957482
-0.03,-0.1,0.214436
-0.03,-0.09,0.210931
-0.03,-0.08,0.207611
-0.03,-0.07,0.20447
-0.03,-0.06,0.201503
-0.03,-0.05,0.198705
-0.03,-0.04,0.196073
-0.03,-0.03,0.1936
-0.03,-0.02,0.191284
-0.03,-0.01,0.189119
-0.03,-1.04083e-17,0.187102
-0.03,0.01,0.185229
-0.03,0.02,0.183497
-0.03,0.03,0.181903
-0.03,0.04,0.180443
-0.03,0.05,0.179116
-0.03,0.06,0.177919
-0.03,0.07,0.17685
-0.03,0.08,0.175908
-0.03,0.09,0.175092
-0.03,0.1,0.1744
-0.03,0.11,0.173832
-0.03,0.12,0.173387
-0.03,0.13,0.173067
-0.03,0.14,0.172872
-0.03,0.15,0.172802
-0.03,0.16,0.17286
-0.03,0.17,0.173047
-0.03,0.18,0.173367
-0.03,0.19,0.17382
-0.03,0.2,0.174413
-0.03,0.21,0.175147
-0.03,0.22,0.176029
-0.03,0.23,0.177063
-0.03,0.24,0.178256
-0.03,0.25,0.179615
-0.03,0.26,0.181147
-0.03,0.27,0.18286
-0.03,0.28,0.184765
-0.03,0.29,0.186871
-0.03,0.3,0.18919
-0.03,0.31,0.191735
-0.03,0.32,0.19452
-0.03,0.33,0.197559
-0.03,0.34,0.200869
-0.03,0.35,0.204468
-0.03,0.36,0.208376
-0.03,0.37,0.212613
-0.03,0.38,0.217202
-0.03,0.39,0.222168
-0.03,0.4,0.227537
-0.03,0.41,0.233336
-0.03,0.42,0.239594
-0.03,0.43,0.246343
-0.03,0.44,0.253615
-0.03,0.45,0.261442
-0.03,0.46,0.269859
-0.03,0.47,0.278901
-0.03,0.48,0.288601
-0.03,0.49,0.298993
-0.03,0.5,0.310108
-0.03,0.51,0.321974
-0.03,0.52,0.334616
-0.03,0.53,0.348054
-0.03,0.54,0.3623
-0.03,0.55,0.377358
-0.03,0.56,0.393223
-0.03,0.57,0.409878
-0.03,0.58,0.427295
-0.03,0.59,0.44543
-0.03,0.6,0.464228
-0.03,0.61,0.483617
-0.03,0.62,0.503511
-0.03,0.63,0.523811
-0.03,0.64,0.54441
-0.03,0.65,0.565186
-0.03,0.66,0.586017
-0.03,0.67,0.606773
-0.03,0.68,0.627328
-0.03,0.69,0.647558
-0.03,0.7,0.667348
-0.03,0.71,0.686592
-0.03,0.72,0.705198
-0.03,0.73,0.723088
-0.03,0.74,0.740199
-0.03,0.75,0.756485
-0.03,0.76,0.771913
-0.03,0.77,0.786468
-0.03,0.78,0.800144
-0.03,0.79,0.81295
-0.03,0.8,0.824904
-0.03,0.81,0.836032
-0.03,0.82,0.846366
-0.03,0.83,0.855942
-0.03,0.84,0.8648
-0.03,0.85,0.872984
-0.03,0.86,0.880535
-0.03,0.87,0.887496
-0.03,0.88,0.893909
-0.03,0.89,0.899815
-0.03,0.9,0.905252
-0.03,0.91,0.910258
-0.03,0.92,0.914868
-0.03,0.93,0.919113
-0.03,0.94,0.923025
-0.03,0.95,0.92663
-0.03,0.96,0.929956
-0.03,0.97,0.933025
-0.03,0.98,0.93586
-0.03,0.99,0.93848
-0.03,1,0.940904
-0.03,1.01,0.943148
-0.03,1.02,0.945228
-0.03,1.03,0.947157
-0.03,1.04,0.948948
-0.03,1.05,0.950612
-0.03,1.06,0.95216
-0.03,1.07,0.953601
-0.03,1.08,0.954943
-0.03,1.09,0.956195
-0.02,-0.1,0.217474
-0.02,-0.09,0.2138
-0.02,-0.08,0.210315
-0.02,-0.07,0.207013
-0.02,-0.06,0.203889
-0.02,-0.05,0.200939
-0.02,-0.04,0.198158
-0.02,-0.03,0.19554
-0.02,-0.02,0.193082
-0.02,-0.01,0.190779
-0.02,-1.04083e-17,0.188627
-0.02,0.01,0.186622
-0.02,0.02,0.184761
-0.02,0.03,0.183039
-0.02,0.04,0.181454
-0.02,0.05,0.180004
-0.02,0.06,0.178685
-0.02,0.07,0.177495
-0.02,0.08,0.176433
-0.02,0.09,0.175497
-0.02,0.1,0.174685
-0.02,0.11,0.173998
-0.02,0.12,0.173433
-0.02,0.13,0.172992
-0.02,0.14,0.172674
-0.02,0.15,0.17248
-0.02,0.16,0.172411
-0.02,0.17,0.172469
-0.02,0.18,0.172655
-0.02,0.19,0.172972
-0.02,0.2,0.173423
-0.02,0.21,0.174012
-0.02,0.22,0.174742
-0.02,0.23,0.175619
-0.02,0.24,0.176647
-0.02,0.25,0.177832
-0.02,0.26,0.179182
-0.02,0.27,0.180704
-0.02,0.28,0.182407
-0.02,0.29,0.184299
-0.02,0.3,0.186391
-0.02,0.31,0.188695
-0.02,0.32,0.191223
-0.02,0.33,0.193989
-0.02,0.34,0.197007
-0.02,0.35,0.200295
-0.02,0.36,0.20387
-0.02,0.37,0.207751
-0.02,0.38,0.211959
-0.02,0.39,0.216517
-0.02,0.4,0.221449
-0.02,0.41,0.22678
-0.02,0.42,0.232539
-0.02,0.43,0.238754
-0.02,0.44,0.245457
-0.02,0.45,0.252679
-0.02,0.46,0.260453
-0.02,0.47,0.268814
-0.02,0.48,0.277795
-0.02,0.49,0.287432
-0.02,0.5,0.297757
-0.02,0.51,0.308802
-0.02,0.52,0.320596
-0.02,0.53,0.333163
-0.02,0.54,0.346525
-0.02,0.55,0.360693
-0.02,0.56,0.375674
-0.02,0.57,0.391463
-0.02,0.58,0.408045
-0.02,0.59,0.425392
-0.02,0.6,0.443462
-0.02,0.61,0.462201
-0.02,0.62,0.481539
-0.02,0.63,0.501391
-0.02,0.64,0.521661
-0.02,0.65,0.54224
-0.02,0.66,0.563009
-0.02,0.67,0.583845
-0.02,0.68,0.604619
-0.02,0.69,0.625204
-0.02,0.7,0.645477
-0.02,0.71,0.66532
-0.02,0.72,0.684628
-0.02,0.73,0.703306
-0.02,0.74,0.721275
-0.02,0.75,0.73847
-0.02,0.76,0.754843
-0.02,0.77,0.770362
-0.02,0.78,0.785007
-0.02,0.79,0.798775
-0.02,0.8,0.81167
-0.02,0.81,0.823711
-0.02,0.82,0.834923
-0.02,0.83,0.845336
-0.02,0.84,0.854989
-0.02,0.85,0.863919
-0.02,0.86,0.87217
-0.02,0.87,0.879784
-0.02,0.88,0.886804
-0.02,0.89,0.893271
-0.02,0.9,0.899227
-0.02,0.91,0.904711
-0.02,0.92,0.90976
-0.02,0.93,0.914409
-0.02,0.94,0.91869
-0.02,0.95,0.922635
-0.02,0.96,0.926271
-0.02,0.97,0.929624
-0.02,0.98,0.932718
-0.02,0.99,0.935576
-0.02,1,0.938218
-0.02,1.01,0.940661
-0.02,1.02,0.942923
-0.02,1.03,0.945019
-0.02,1.04,0.946963
-0.02,1.05,0.948768
-0.02,1.06,0.950444
-0.02,1.07,0.952004
-0.02,1.08,0.953455
-0.02,1.09,0.954808
-0.01,-0.1,0.220668
-0.01,-0.09,0.216822
-0.01,-0.08,0.213168
-0.01,-0.07,0.209702
-0.01,-0.06,0.206418
-0.01,-0.05,0.203312
-0.01,-0.04,0.200379
-0.01,-0.03,0.197614
-0.01,-0.02,0.195011
-0.01,-0.01,0.192568
-0.01,-1.04083e-17,0.190278
-0.01,0.01,0.188139
-0.01,0.02,0.186146
-0.01,0.03,0.184295
-0.01,0.04,0.182584
-0.01,0.05,0.181009
-0.01,0.06,0.179567
-0.01,0.07,0.178256
-0.01,0.08,0.177074
-0.01,0.09,0.176018
-0.01,0.1,0.175088
-0.01,0.11,0.174282
-0.01,0.12,0.173598
-0.01,0.13,0.173037
-0.01,0.14,0.172599
-0.01,0.15,0.172283
-0.01,0.16,0.172091
-0.01,0.17,0.172022
-0.01,0.18,0.17208
-0.01,0.19,0.172265
-0.01,0.2,0.172581
-0.01,0.21,0.173029
-0.01,0.22,0.173614
-0.01,0.23,0.17434
-0.01,0.24,0.175211
-0.01,0.25,0.176232
-0.01,0.26,0.177411
-0.01,0.27,0.178752
-0.01,0.28,0.180264
-0.01,0.29,0.181956
-0.01,0.3,0.183836
-0.01,0.31,0.185914
-0.01,0.32,0.188203
-0.01,0.33,0.190714
-0.01,0.34,0.193462
-0.01,0.35,0.19646
-0.01,0.36,0.199726
-0.01,0.37,0.203276
-0.01,0.38,0.207131
-0.01,0.39,0.21131
-0.01,0.4,0.215837
-0.01,0.41,0.220734
-0.01,0.42,0.226029
-0.01,0.43,0.231748
-0.01,0.44,0.237921
-0.01,0.45,0.244577
-0.01,0.46,0.251749
-0.01,0.47,0.259471
-0.01,0.48,0.267775
-0.01,0.49,0.276697
-0.01,0.5,0.28627
-0.01,0.51,0.296529
-0.01,0.52,0.307504
-0.01,0.53,0.319225
-0.01,0.54,0.331719
-0.01,0.55,0.345004
-0.01,0.56,0.359095
-0.01,0.57,0.373999
-0.01,0.58,0.389712
-0.01,0.59,0.406219
-0.01,0.6,0.423496
-0.01,0.61,0.441501
-0.01,0.62,0.46018
-0.01,0.63,0.479466
-0.01,0.64,0.499276
-0.01,0.65,0.519514
-0.01,0.66,0.540071
-0.01,0.67,0.560832
-0.01,0.68,0.581672
-0.01,0.69,0.602462
-0.01,0.7,0.623077
-0.01,0.71,0.643391
-0.01,0.72,0.663287
-0.01,0.73,0.682657
-0.01,0.74,0.701406
-0.01,0.75,0.719453
-0.01,0.76,0.736732
-0.01,0.77,0.753193
-0.01,0.78,0.768802
-0.01,0.79,0.783538
-0.01,0.8,0.797396
-0.01,0.81,0.810381
-0.01,0.82,0.822509
-0.01,0.83,0.833805
-0.01,0.84,0.844299
-0.01,0.85,0.854028
-0.01,0.86,0.863031
-0.01,0.87,0.87135
-0.01,0.88,0.879027
-0.01,0.89,0.886106
-0.01,0.9,0.892628
-0.01,0.91,0.898635
-0.01,0.92,0.904166
-0.01,0.93,0.909258
-0.01,0.94,0.913946
-0.01,0.95,0.918264
-0.01,0.96,0.922242
-0.01,0.97,0.925908
-0.01,0.98,0.929289
-0.01,0.99,0.932409
-0.01,1,0.935291
-0.01,1.01,0.937954
-0.01,1.02,0.940417
-0.01,1.03,0.942697
-0.01,1.04,0.944809
-0.01,1.05,0.946768
-0.01,1.06,0.948586
-0.01,1.07,0.950276
-0.01,1.08,0.951847
-0.01,1.09,0.953309
-1.04083e-17,-0.1,0.224022
-1.04083e-17,-0.09,0.219999
-1.04083e-17,-0.08,0.216173
-1.04083e-17,-0.07,0.212539
-1.04083e-17,-0.06,0.209092
-1.04083e-17,-0.05,0.205827
-1.04083e-17,-0.04,0.202739
-1.04083e-17,-0.03,0.199822
-1.04083e-17,-0.02,0.197073
-1.04083e-17,-0.01,0.194486
-1.04083e-17,-1.04083e-17,0.192056
-1.04083e-17,0.01,0.18978
-1.04083e-17,0.02,0.187653
-1.04083e-17,0.03,0.185672
-1.04083e-17,0.04,0.183833
-1.04083e-17,0.05,0.182132
-1.04083e-17,0.06,0.180566
-1.04083e-17,0.07,0.179133
-1.04083e-17,0.08,0.17783
-1.04083e-17,0.09,0.176655
-1.04083e-17,0.1,0.175606
-1.04083e-17,0.11,0.174682
-1.04083e-17,0.12,0.17388
-1.04083e-17,0.13,0.173201
-1.04083e-17,0.14,0.172644
-1.04083e-17,0.15,0.172209
-1.04083e-17,0.16,0.171895
-1.04083e-17,0.17,0.171704
-1.04083e-17,0.18,0.171636
-1.04083e-17,0.19,0.171693
-1.04083e-17,0.2,0.171878
-1.04083e-17,0.21,0.172191
-1.04083e-17,0.22,0.172637
-1.04083e-17,0.23,0.173219
-1.04083e-17,0.24,0.17394
-1.04083e-17,0.25,0.174806
-1.04083e-17,0.26,0.175821
-1.04083e-17,0.27,0.176992
-1.04083e-17,0.28,0.178325
-1.04083e-17,0.29,0.179827
-1.04083e-17,0.3,0.181508
-1.04083e-17,0.31,0.183376
-1.04083e-17,0.32,0.185441
-1.04083e-17,0.33,0.187715
-1.04083e-17,0.34,0.190209
-1.04083e-17,0.35,0.192938
-1.04083e-17,0.36,0.195916
-1.04083e-17,0.37,0.19916
-1.04083e-17,0.38,0.202686
-1.04083e-17,0.39,0.206515
-1.04083e-17,0.4,0.210665
-1.04083e-17,0.41,0.215161
-1.04083e-17,0.42,0.220025
-1.04083e-17,0.43,0.225283
-1.04083e-17,0.44,0.230962
-1.04083e-17,0.45,0.237092
-1.04083e-17,0.46,0.243703
-1.04083e-17,0.47,0.250826
-1.04083e-17,0.48,0.258495
-1.04083e-17,0.49,0.266743
-1.04083e-17,0.5,0.275605
-1.04083e-17,0.51,0.285116
-1.04083e-17,0.52,0.295308
-1.04083e-17,0.53,0.306214
-1.04083e-17,0.54,0.317863
-1.04083e-17,0.55,0.330282
-1.04083e-17,0.56,0.343491
-1.04083e-17,0.57,0.357505
-1.04083e-17,0.58,0.372332
-1.04083e-17,0.59,0.387968
-1.04083e-17,0.6,0.404402
-1.04083e-17,0.61,0.421607
-1.04083e-17,0.62,0.439546
-1.04083e-17,0.63,0.458165
-1.04083e-17,0.64,0.477399
-1.04083e-17,0.65,0.497165
-1.04083e-17,0.66,0.517369
-1.04083e-17,0.67,0.537905
-1.04083e-17,0.68,0.558655
-1.04083e-17,0.69,0.579498
-1.04083e-17,0.7,0.600304
-1.04083e-17,0.71,0.620946
-1.04083e-17,0.72,0.6413
-1.04083e-17,0.73,0.661247
-1.04083e-17,0.74,0.680679
-1.04083e-17,0.75,0.699498
-1.04083e-17,0.76,0.717623
-1.04083e-17,0.77,0.734985
-1.04083e-17,0.78,0.751533
-1.04083e-17,0.79,0.767232
-1.04083e-17,0.8,0.782059
-1.04083e-17,0.81,0.796008
-1.04083e-17,0.82,0.809083
-1.04083e-17,0.83,0.821299
-1.04083e-17,0.84,0.832679
-1.04083e-17,0.85,0.843254
-1.04083e-17,0.86,0.85306
-1.04083e-17,0.87,0.862136
-1.04083e-17,0.88,0.870523
-1.04083e-17,0.89,0.878264
-1.04083e-17,0.9,0.885402
-1.04083e-17,0.91,0.89198
-1.04083e-17,0.92,0.898038
-1.04083e-17,0.93,0.903616
-1.04083e-17,0.94,0.908751
-1.04083e-17,0.95,0.91348
-1.04083e-17,0.96,0.917834
-1.04083e-17,0.97,0.921845
-1.04083e-17,0.98,0.925542
-1.04083e-17,0.99,0.928952
-1.04083e-17,1,0.932098
-1.04083e-17,1.01,0.935003
-1.04083e-17,1.02,0.937687
-1.04083e-17,1.03,0.94017
-1.04083e-17,1.04,0.942468
-1.04083e-17,1.05,0.944597
-1.04083e-17,1.06,0.946571
-1.04083e-17,1.07,0.948404
-1.04083e-17,1.08,0.950106
-1.04083e-17,1.09,0.951688
0.01,-0.1,0.227538
0.01,-0.09,0.223335
0.01,-0.08,0.219334
0.01,-0.07,0.215528
0.01,-0.06,0.211914
0.01,-0.05,0.208487
0.01,-0.04,0.20524
0.01,-0.03,0.202169
0.01,-0.02,0.199269
0.01,-0.01,0.196535
0.01,-1.04083e-17,0.193963
0.01,0.01,0.191548
0.01,0.02,0.189285
0.01,0.03,0.187171
0.01,0.04,0.185201
0.01,0.05,0.183373
0.01,0.06,0.181682
0.01,0.07,0.180126
0.01,0.08,0.178702
0.01,0.09,0.177407
0.01,0.1,0.176239
0.01,0.11,0.175197
0.01,0.12,0.174278
0.01,0.13,0.173482
0.01,0.14,0.172807
0.01,0.15,0.172253
0.01,0.16,0.171821
0.01,0.17,0.171509
0.01,0.18,0.171319
0.01,0.19,0.171252
0.01,0.2,0.17131
0.01,0.21,0.171493
0.01,0.22,0.171805
0.01,0.23,0.172248
0.01,0.24,0.172826
0.01,0.25,0.173543
0.01,0.26,0.174403
0.01,0.27,0.175412
0.01,0.28,0.176576
0.01,0.29,0.1779
0.01,0.3,0.179393
0.01,0.31,0.181063
0.01,0.32,0.182919
0.01,0.33,0.18497
0.01,0.34,0.187229
0.01,0.35,0.189707
0.01,0.36,0.192418
0.01,0.37,0.195376
0.01,0.38,0.198598
0.01,0.39,0.2021
0.01,0.4,0.205903
0.01,0.41,0.210025
0.01,0.42,0.214489
0.01,0.43,0.21932
0.01,0.44,0.224542
0.01,0.45,0.230182
0.01,0.46,0.23627
0.01,0.47,0.242835
0.01,0.48,0.249909
0.01,0.49,0.257526
0.01,0.5,0.265718
0.01,0.51,0.274521
0.01,0.52,0.283969
0.01,0.53,0.294095
0.01,0.54,0.304932
0.01,0.55,0.316509
0.01,0.56,0.328854
0.01,0.57,0.341987
0.01,0.58,0.355924
0.01,0.59,0.370673
0.01,0.6,0.386233
0.01,0.61,0.402592
0.01,0.62,0.419726
0.01,0.63,0.437598
0.01,0.64,0.456156
0.01,0.65,0.475337
0.01,0.66,0.495058
0.01,0.67,0.515228
0.01,0.68,0.53574
0.01,0.69,0.556479
0.01,0.7,0.577323
0.01,0.71,0.598143
0.01,0.72,0.618812
0.01,0.73,0.639205
0.01,0.74,0.659203
0.01,0.75,0.678695
0.01,0.76,0.697583
0.01,0.77,0.715785
0.01,0.78,0.73323
0.01,0.79,0.749865
0.01,0.8,0.765653
0.01,0.81,0.780572
0.01,0.82,0.794611
0.01,0.83,0.807776
0.01,0.84,0.820079
0.01,0.85,0.831544
0.01,0.86,0.842201
0.01,0.87,0.852084
0.01,0.88,0.861233
0.01,0.89,0.869689
0.01,0.9,0.877495
0.01,0.91,0.884693
0.01,0.92,0.891326
0.01,0.93,0.897436
0.01,0.94,0.903061
0.01,0.95,0.908241
0.01,0.96,0.913009
0.01,0.97,0.9174
0.01,0.98,0.921446
0.01,0.99,0.925174
0.01,1,0.928612
0.01,1.01,0.931784
0.01,1.02,0.934712
0.01,1.03,0.937419
0.01,1.04,0.939921
0.01,1.05,0.942238
0.01,1.06,0.944384
0.01,1.07,0.946373
0.01,1.08,0.948219
0.01,1.09,0.949934
0.02,-0.1,0.231219
0.02,-0.09,0.226833
0.02,-0.08,0.222652
0.02,-0.07,0.218672
0.02,-0.06,0.214887
0.02,-0.05,0.211293
0.02,-0.04,0.207884
0.02,-0.03,0.204656
0.02,-0.02,0.201602
0.02,-0.01,0.198719
0.02,-1.04083e-17,0.196001
0.02,0.01,0.193444
0.02,0.02,0.191043
0.02,0.03,0.188793
0.02,0.04,0.186692
0.02,0.05,0.184734
0.02,0.06,0.182916
0.02,0.07,0.181236
0.02,0.08,0.179689
0.02,0.09,0.178274
0.02,0.1,0.176987
0.02,0.11,0.175826
0.02,0.12,0.17479
0.02,0.13,0.173877
0.02,0.14,0.173086
0.02,0.15,0.172415
0.02,0.16,0.171865
0.02,0.17,0.171435
0.02,0.18,0.171126
0.02,0.19,0.170937
0.02,0.2,0.170871
0.02,0.21,0.170928
0.02,0.22,0.17111
0.02,0.23,0.171421
0.02,0.24,0.171861
0.02,0.25,0.172436
0.02,0.26,0.173149
0.02,0.27,0.174004
0.02,0.28,0.175006
0.02,0.29,0.176162
0.02,0.3,0.177478
0.02,0.31,0.178962
0.02,0.32,0.180621
0.02,0.33,0.182465
0.02,0.34,0.184503
0.02,0.35,0.186747
0.02,0.36,0.189209
0.02,0.37,0.191901
0.02,0.38,0.19484
0.02,0.39,0.19804
0.02,0.4,0.201519
0.02,0.41,0.205295
0.02,0.42,0.209389
0.02,0.43,0.213823
0.02,0.44,0.21862
0.02,0.45,0.223806
0.02,0.46,0.229407
0.02,0.47,0.235453
0.02,0.48,0.241972
0.02,0.49,0.248998
0.02,0.5,0.256563
0.02,0.51,0.2647
0.02,0.52,0.273444
0.02,0.53,0.282829
0.02,0.54,0.29289
0.02,0.55,0.303658
0.02,0.56,0.315164
0.02,0.57,0.327434
0.02,0.58,0.340491
0.02,0.59,0.354351
0.02,0.6,0.369023
0.02,0.61,0.384506
0.02,0.62,0.40079
0.02,0.63,0.417852
0.02,0.64,0.435657
0.02,0.65,0.454154
0.02,0.66,0.473279
0.02,0.67,0.492955
0.02,0.68,0.513089
0.02,0.69,0.533577
0.02,0.7,0.554304
0.02,0.71,0.575147
0.02,0.72,0.59598
0.02,0.73,0.616675
0.02,0.74,0.637106
0.02,0.75,0.657152
0.02,0.76,0.676704
0.02,0.77,0.695661
0.02,0.78,0.713938
0.02,0.79,0.731466
0.02,0.8,0.748188
0.02,0.81,0.764065
0.02,0.82,0.779075
0.02,0.83,0.793205
0.02,0.84,0.80646
0.02,0.85,0.818851
0.02,0.86,0.830401
0.02,0.87,0.84114
0.02,0.88,0.851101
0.02,0.89,0.860323
0.02,0.9,0.868849
0.02,0.91,0.876719
0.02,0.92,0.883978
0.02,0.93,0.890667
0.02,0.94,0.896829
0.02,0.95,0.902502
0.02,0.96,0.907726
0.02,0.97,0.912535
0.02,0.98,0.916963
0.02,0.99,0.921043
0.02,1,0.924802
0.02,1.01,0.928269
0.02,1.02,0.931467
0.02,1.03,0.93442
0.02,1.04,0.937148
0.02,1.05,0.939671
0.02,1.06,0.942006
0.02,1.07,0.944168
0.02,1.08,0.946173
0.02,1.09,0.948034
0.03,-0.1,0.235068
0.03,-0.09,0.230495
0.03,-0.08,0.226132
0.03,-0.07,0.221973
0.03,-0.06,0.218014
0.03,-0.05,0.21425
0.03,-0.04,0.210676
0.03,-0.03,0.207286
0.03,-0.02,0.204075
0.03,-0.01,0.201039
0.03,-1.04083e-17,0.198173
0.03,0.01,0.19547
0.03,0.02,0.192928
0.03,0.03,0.190541
0.03,0.04,0.188304
0.03,0.05,0.186215
0.03,0.06,0.184269
0.03,0.07,0.182463
0.03,0.08,0.180792
0.03,0.09,0.179255
0.03,0.1,0.177848
0.03,0.11,0.176569
0.03,0.12,0.175415
0.03,0.13,0.174386
0.03,0.14,0.173478
0.03,0.15,0.172692
0.03,0.16,0.172026
0.03,0.17,0.171479
0.03,0.18,0.171052
0.03,0.19,0.170745
0.03,0.2,0.170558
0.03,0.21,0.170492
0.03,0.22,0.170549
0.03,0.23,0.170731
0.03,0.24,0.171039
0.03,0.25,0.171477
0.03,0.26,0.172048
0.03,0.27,0.172757
0.03,0.28,0.173606
0.03,0.29,0.174603
0.03,0.3,0.175752
0.03,0.31,0.177059
0.03,0.32,0.178534
0.03,0.33,0.180182
0.03,0.34,0.182014
0.03,0.35,0.184039
0.03,0.36,0.186268
0.03,0.37,0.188713
0.03,0.38,0.191388
0.03,0.39,0.194307
0.03,0.4,0.197485
0.03,0.41,0.200941
0.03,0.42,0.204691
0.03,0.43,0.208757
0.03,0.44,0.213161
0.03,0.45,0.217925
0.03,0.46,0.223075
0.03,0.47,0.228637
0.03,0.48,0.234641
0.03,0.49,0.241116
0.03,0.5,0.248093
0.03,0.51,0.255606
0.03,0.52,0.263688
0.03,0.53,0.272374
0.03,0.54,0.281697
0.03,0.55,0.291692
0.03,0.56,0.302392
0.03,0.57,0.313826
0.03,0.58,0.326023
0.03,0.59,0.339004
0.03,0.6,0.352787
0.03,0.61,0.367381
0.03,0.62,0.382788
0.03,0.63,0.398996
0.03,0.64,0.415986
0.03,0.65,0.433722
0.03,0.66,0.452157
0.03,0.67,0.471228
0.03,0.68,0.490857
0.03,0.69,0.510954
0.03,0.7,0.531416
0.03,0.71,0.552129
0.03,0.72,0.572971
0.03,0.73,0.593816
0.03,0.74,0.614535
0.03,0.75,0.635002
0.03,0.76,0.655096
0.03,0.77,0.674706
0.03,0.78,0.693731
0.03,0.79,0.712084
0.03,0.8,0.729693
0.03,0.81,0.746501
0.03,0.82,0.762468
0.03,0.83,0.777568
0.03,0.84,0.79179
0.03,0.85,0.805135
0.03,0.86,0.817614
0.03,0.87,0.82925
0.03,0.88,0.84007
0.03,0.89,0.85011
0.03,0.9,0.859406
0.03,0.91,0.868001
0.03,0.92,0.875937
0.03,0.93,0.883257
0.03,0.94,0.890003
0.03,0.95,0.896217
0.03,0.96,0.901939
0.03,0.97,0.907206
0.03,0.98,0.912056
0.03,0.99,0.916523
0.03,1,0.920637
0.03,1.01,0.924428
0.03,1.02,0.927923
0.03,1.03,0.931148
0.03,1.04,0.934125
0.03,1.05,0.936875
0.03,1.06,0.939418
0.03,1.07,0.941772
0.03,1.08,0.943952
0.03,1.09,0.945972
0.04,-0.1,0.239087
0.04,-0.09,0.234325
0.04,-0.08,0.229775
0.04,-0.07,0.225434
0.04,-0.06,0.221298
0.04,-0.05,0.21736
0.04,-0.04,0.213617
0.04,-0.03,0.210062
0.04,-0.02,0.206691
0.04,-0.01,0.203499
0.04,-1.04083e-17,0.20048
0.04,0.01,0.197629
0.04,0.02,0.194943
0.04,0.03,0.192415
0.04,0.04,0.190042
0.04,0.05,0.187819
0.04,0.06,0.185742
0.04,0.07,0.183808
0.04,0.08,0.182012
0.04,0.09,0.180351
0.04,0.1,0.178823
0.04,0.11,0.177425
0.04,0.12,0.176154
0.04,0.13,0.175007
0.04,0.14,0.173984
0.04,0.15,0.173082
0.04,0.16,0.172301
0.04,0.17,0.171639
0.04,0.18,0.171096
0.04,0.19,0.170672
0.04,0.2,0.170367
0.04,0.21,0.170181
0.04,0.22,0.170116
0.04,0.23,0.170172
0.04,0.24,0.170353
0.04,0.25,0.17066
0.04,0.26,0.171095
0.04,0.27,0.171663
0.04,0.28,0.172367
0.04,0.29,0.173212
0.04,0.3,0.174202
0.04,0.31,0.175344
0.04,0.32,0.176643
0.04,0.33,0.178108
0.04,0.34,0.179746
0.04,0.35,0.181566
0.04,0.36,0.183577
0.04,0.37,0.185792
0.04,0.38,0.188221
0.04,0.39,0.190878
0.04,0.4,0.193778
0.04,0.41,0.196935
0.04,0.42,0.200366
0.04,0.43,0.204091
0.04,0.44,0.20813
0.04,0.45,0.212503
0.04,0.46,0.217234
0.04,0.47,0.222349
0.04,0.48,0.227873
0.04,0.49,0.233835
0.04,0.5,0.240265
0.04,0.51,0.247195
0.04,0.52,0.254656
0.04,0.53,0.262684
0.04,0.54,0.271311
0.04,0.55,0.280572
0.04,0.56,0.290502
0.04,0.57,0.301133
0.04,0.58,0.312497
0.04,0.59,0.324619
0.04,0.6,0.337525
0.04,0.61,0.351231
0.04,0.62,0.365748
0.04,0.63,0.381077
0.04,0.64,0.39721
0.04,0.65,0.414127
0.04,0.66,0.431795
0.04,0.67,0.450167
0.04,0.68,0.469181
0.04,0.69,0.488763
0.04,0.7,0.508823
0.04,0.71,0.529258
0.04,0.72,0.549956
0.04,0.73,0.570795
0.04,0.74,0.59165
0.04,0.75,0.612391
0.04,0.76,0.632894
0.04,0.77,0.653035
0.04,0.78,0.672703
0.04,0.79,0.691794
0.04,0.8,0.710222
0.04,0.81,0.727912
0.04,0.82,0.744806
0.04,0.83,0.760862
0.04,0.84,0.776053
0.04,0.85,0.790366
0.04,0.86,0.803801
0.04,0.87,0.816369
0.04,0.88,0.82809
0.04,0.89,0.838993
0.04,0.9,0.849111
0.04,0.91,0.858482
0.04,0.92,0.867147
0.04,0.93,0.875149
0.04,0.94,0.88253
0.04,0.95,0.889333
0.04,0.96,0.8956
0.04,0.97,0.90137
0.04,0.98,0.906683
0.04,0.99,0.911574
0.04,1,0.916078
0.04,1.01,0.920227
0.04,1.02,0.92405
0.04,1.03,0.927575
0.04,1.04,0.930826
0.04,1.05,0.933828
0.04,1.06,0.9366
0.04,1.07,0.939164
0.04,1.08,0.941536
0.04,1.09,0.943733
0.05,-0.1,0.24328
0.05,-0.09,0.238324
0.05,-0.08,0.233585
0.05,-0.07,0.229059
0.05,-0.06,0.224741
0.05,-0.05,0.220626
0.05,-0.04,0.21671
0.05,-0.03,0.212987
0.05,-0.02,0.209452
0.05,-0.01,0.2061
0.05,-1.04083e-17,0.202925
0.05,0.01,0.199923
0.05,0.02,0.197089
0.05,0.03,0.194418
0.05,0.04,0.191905
0.05,0.05,0.189546
0.05,0.06,0.187336
0.05,0.07,0.185272
0.05,0.08,0.183349
0.05,0.09,0.181564
0.05,0.1,0.179913
0.05,0.11,0.178395
0.05,0.12,0.177005
0.05,0.13,0.175741
0.05,0.14,0.174602
0.05,0.15,0.173585
0.05,0.16,0.172689
0.05,0.17,0.171913
0.05,0.18,0.171255
0.05,0.19,0.170715
0.05,0.2,0.170294
0.05,0.21,0.169991
0.05,0.22,0.169806
0.05,0.23,0.169742
0.05,0.24,0.169798
0.05,0.25,0.169978
0.05,0.26,0.170283
0.05,0.27,0.170716
0.05,0.28,0.17128
0.05,0.29,0.17198
0.05,0.3,0.17282
0.05,0.31,0.173804
0.05,0.32,0.174938
0.05,0.33,0.17623
0.05,0.34,0.177685
0.05,0.35,0.179312
0.05,0.36,0.18112
0.05,0.37,0.183119
0.05,0.38,0.185319
0.05,0.39,0.187733
0.05,0.4,0.190372
0.05,0.41,0.193252
0.05,0.42,0.196388
0.05,0.43,0.199796
0.05,0.44,0.203496
0.05,0.45,0.207506
0.05,0.46,0.21185
0.05,0.47,0.216548
0.05,0.48,0.221627
0.05,0.49,0.227114
0.05,0.5,0.233035
0.05,0.51,0.23942
0.05,0.52,0.246302
0.05,0.53,0.253713
0.05,0.54,0.261685
0.05,0.55,0.270255
0.05,0.56,0.279455
0.05,0.57,0.28932
0.05,0.58,0.299883
0.05,0.59,0.311175
0.05,0.6,0.323225
0.05,0.61,0.336055
0.05,0.62,0.349684
0.05,0.63,0.364123
0.05,0.64,0.379375
0.05,0.65,0.395432
0.05,0.66,0.412276
0.05,0.67,0.429875
0.05,0.68,0.448183
0.05,0.69,0.467141
0.05,0.7,0.486674
0.05,0.71,0.506695
0.05,0.72,0.527102
0.05,0.73,0.547783
0.05,0.74,0.568618
0.05,0.75,0.589482
0.05,0.76,0.610245
0.05,0.77,0.630782
0.05,0.78,0.650969
0.05,0.79,0.670693
0.05,0.8,0.68985
0.05,0.81,0.708352
0.05,0.82,0.726122
0.05,0.83,0.743102
0.05,0.84,0.759247
0.05,0.85,0.774528
0.05,0.86,0.788932
0.05,0.87,0.802458
0.05,0.88,0.815114
0.05,0.89,0.826922
0.05,0.9,0.837907
0.05,0.91,0.848104
0.05,0.92,0.857551
0.05,0.93,0.866286
0.05,0.94,0.874354
0.05,0.95,0.881797
0.05,0.96,0.888657
0.05,0.97,0.894977
0.05,0.98,0.900797
0.05,0.99,0.906155
0.05,1,0.911088
0.05,1.01,0.91563
0.05,1.02,0.919814
0.05,1.03,0.923669
0.05,1.04,0.927223
0.05,1.05,0.930502
0.05,1.06,0.933528
0.05,1.07,0.936323
0.05,1.08,0.938908
0.05,1.09,0.941299
0.06,-0.1,0.247647
0.06,-0.09,0.242496
0.06,-0.08,0.237565
0.06,-0.07,0.23285
0.06,-0.06,0.228347
0.06,-0.05,0.224052
0.06,-0.04,0.219959
0.06,-0.03,0.216064
0.06,-0.02,0.212361
0.06,-0.01,0.208845
0.06,-1.04083e-17,0.205512
0.06,0.01,0.202355
0.06,0.02,0.199371
0.06,0.03,0.196553
0.06,0.04,0.193897
0.06,0.05,0.191399
0.06,0.06,0.189053
0.06,0.07,0.186857
0.06,0.08,0.184804
0.06,0.09,0.182893
0.06,0.1,0.181119
0.06,0.11,0.179478
0.06,0.12,0.177969
0.06,0.13,0.176587
0.06,0.14,0.175331
0.06,0.15,0.174199
0.06,0.16,0.173189
0.06,0.17,0.172298
0.06,0.18,0.171527
0.06,0.19,0.170873
0.06,0.2,0.170337
0.06,0.21,0.169918
0.06,0.22,0.169617
0.06,0.23,0.169434
0.06,0.24,0.16937
0.06,0.25,0.169427
0.06,0.26,0.169605
0.06,0.27,0.169908
0.06,0.28,0.170339
0.06,0.29,0.1709
0.06,0.3,0.171596
0.06,0.31,0.17243
0.06,0.32,0.173408
0.06,0.33,0.174535
0.06,0.34,0.175819
0.06,0.35,0.177265
0.06,0.36,0.178882
0.06,0.37,0.180678
0.06,0.38,0.182664
0.06,0.39,0.18485
0.06,0.4,0.187247
0.06,0.41,0.189869
0.06,0.42,0.19273
0.06,0.43,0.195844
0.06,0.44,0.19923
0.06,0.45,0.202904
0.06,0.46,0.206887
0.06,0.47,0.211201
0.06,0.48,0.215867
0.06,0.49,0.220911
0.06,0.5,0.226359
0.06,0.51,0.23224
0.06,0.52,0.238581
0.06,0.53,0.245416
0.06,0.54,0.252776
0.06,0.55,0.260694
0.06,0.56,0.269205
0.06,0.57,0.278344
0.06,0.58,0.288145
0.06,0.59,0.29864
0.06,0.6,0.309862
0.06,0.61,0.321838
0.06,0.62,0.334592
0.06,0.63,0.348145
0.06,0.64,0.362506
0.06,0.65,0.377681
0.06,0.66,0.393662
0.06,0.67,0.410433
0.06,0.68,0.427962
0.06,0.69,0.446205
0.06,0.7,0.465106
0.06,0.71,0.484589
0.06,0.72,0.50457
0.06,0.73,0.524948
0.06,0.74,0.545612
0.06,0.75,0.566442
0.06,0.76,0.587313
0.06,0.77,0.608096
0.06,0.78,0.628665
0.06,0.79,0.648897
0.06,0.8,0.668676
0.06,0.81,0.687899
0.06,0.82,0.706474
0.06,0.83,0.724324
0.06,0.84,0.741389
0.06,0.85,0.757622
0.06,0.86,0.772994
0.06,0.87,0.787489
0.06,0.88,0.801105
0.06,0.89,0.813851
0.06,0.9,0.825745
0.06,0.91,0.836814
0.06,0.92,0.84709
0.06,0.93,0.856612
0.06,0.94,0.865418
0.06,0.95,0.873553
0.06,0.96,0.881058
0.06,0.97,0.887976
0.06,0.98,0.89435
0.06,0.99,0.900219
0.06,1,0.905623
0.06,1.01,0.910598
0.06,1.02,0.915179
0.06,1.03,0.919398
0.06,1.04,0.923285
0.06,1.05,0.926869
0.06,1.06,0.930175
0.06,1.07,0.933226
0.06,1.08,0.936044
0.06,1.09,0.938649
0.07,-0.1,0.252192
0.07,-0.09,0.246843
0.07,-0.08,0.241716
0.07,-0.07,0.23681
0.07,-0.06,0.232119
0.07,-0.05,0.227639
0.07,-0.04,0.223366
0.07,-0.03,0.219295
0.07,-0.02,0.215421
0.07,-0.01,0.211738
0.07,-1.04083e-17,0.208242
0.07,0.01,0.204927
0.07,0.02,0.201789
0.07,0.03,0.198821
0.07,0.04,0.19602
0.07,0.05,0.193379
0.07,0.06,0.190895
0.07,0.07,0.188564
0.07,0.08,0.18638
0.07,0.09,0.18434
0.07,0.1,0.18244
0.07,0.11,0.180676
0.07,0.12,0.179046
0.07,0.13,0.177545
0.07,0.14,0.176172
0.07,0.15,0.174924
0.07,0.16,0.173799
0.07,0.17,0.172795
0.07,0.18,0.17191
0.07,0.19,0.171143
0.07,0.2,0.170494
0.07,0.21,0.169961
0.07,0.22,0.169545
0.07,0.23,0.169246
0.07,0.24,0.169064
0.07,0.25,0.169001
0.07,0.26,0.169057
0.07,0.27,0.169235
0.07,0.28,0.169537
0.07,0.29,0.169965
0.07,0.3,0.170522
0.07,0.31,0.171214
0.07,0.32,0.172043
0.07,0.33,0.173015
0.07,0.34,0.174135
0.07,0.35,0.17541
0.07,0.36,0.176847
0.07,0.37,0.178454
0.07,0.38,0.180239
0.07,0.39,0.182212
0.07,0.4,0.184383
0.07,0.41,0.186765
0.07,0.42,0.189369
0.07,0.43,0.192211
0.07,0.44,0.195304
0.07,0.45,0.198667
0.07,0.46,0.202317
0.07,0.47,0.206273
0.07,0.48,0.210556
0.07,0.49,0.215191
0.07,0.5,0.2202
0.07,0.51,0.22561
0.07,0.52,0.23145
0.07,0.53,0.237748
0.07,0.54,0.244535
0.07,0.55,0.251845
0.07,0.56,0.259709
0.07,0.57,0.268163
0.07,0.58,0.277241
0.07,0.59,0.286978
0.07,0.6,0.297406
0.07,0.61,0.308556
0.07,0.62,0.320459
0.07,0.63,0.333139
0.07,0.64,0.346614
0.07,0.65,0.360898
0.07,0.66,0.375995
0.07,0.67,0.3919
0.07,0.68,0.408597
0.07,0.69,0.426056
0.07,0.7,0.444235
0.07,0.71,0.463076
0.07,0.72,0.48251
0.07,0.73,0.502449
0.07,0.74,0.522797
0.07,0.75,0.543442
0.07,0.76,0.564265
0.07,0.77,0.585142
0.07,0.78,0.605945
0.07,0.79,0.626545
0.07,0.8,0.646821
0.07,0.81,0.666654
0.07,0.82,0.685941
0.07,0.83,0.704589
0.07,0.84,0.722518
0.07,0.85,0.739667
0.07,0.86,0.755989
0.07,0.87,0.771451
0.07,0.88,0.786037
0.07,0.89,0.799744
0.07,0.9,0.812579
0.07,0.91,0.824559
0.07,0.92,0.835711
0.07,0.93,0.846068
0.07,0.94,0.855665
0.07,0.95,0.864544
0.07,0.96,0.872745
0.07,0.97,0.880313
0.07,0.98,0.887289
0.07,0.99,0.893717
0.07,1,0.899636
0.07,1.01,0.905086
0.07,1.02,0.910103
0.07,1.03,0.914723
0.07,1.04,0.918978
0.07,1.05,0.922898
0.07,1.06,0.926512
0.07,1.07,0.929845
0.07,1.08,0.932922
0.07,1.09,0.935763
0.08,-0.1,0.256916
0.08,-0.09,0.251366
0.08,-0.08,0.246042
0.08,-0.07,0.240941
0.08,-0.06,0.236059
0.08,-0.05,0.231391
0.08,-0.04,0.226935
0.08,-0.03,0.222685
0.08,-0.02,0.218635
0.08,-0.01,0.214782
0.08,-1.04083e-17,0.21112
0.08,0.01,0.207643
0.08,0.02,0.204347
0.08,0.03,0.201226
0.08,0.04,0.198275
0.08,0.05,0.19549
0.08,0.06,0.192864
0.08,0.07,0.190395
0.08,0.08,0.188077
0.08,0.09,0.185906
0.08,0.1,0.183878
0.08,0.11,0.18199
0.08,0.12,0.180237
0.08,0.13,0.178616
0.08,0.14,0.177125
0.08,0.15,0.17576
0.08,0.16,0.17452
0.08,0.17,0.173401
0.08,0.18,0.172403
0.08,0.19,0.171524
0.08,0.2,0.170762
0.08,0.21,0.170117
0.08,0.22,0.169588
0.08,0.23,0.169174
0.08,0.24,0.168877
0.08,0.25,0.168697
0.08,0.26,0.168634
0.08,0.27,0.16869
0.08,0.28,0.168867
0.08,0.29,0.169167
0.08,0.3,0.169592
0.08,0.31,0.170147
0.08,0.32,0.170834
0.08,0.33,0.171658
0.08,0.34,0.172624
0.08,0.35,0.173738
0.08,0.36,0.175005
0.08,0.37,0.176433
0.08,0.38,0.178029
0.08,0.39,0.179803
0.08,0.4,0.181763
0.08,0.41,0.18392
0.08,0.42,0.186286
0.08,0.43,0.188873
0.08,0.44,0.191695
0.08,0.45,0.194768
0.08,0.46,0.198108
0.08,0.47,0.201733
0.08,0.48,0.205662
0.08,0.49,0.209916
0.08,0.5,0.214519
0.08,0.51,0.219493
0.08,0.52,0.224866
0.08,0.53,0.230666
0.08,0.54,0.23692
0.08,0.55,0.243661
0.08,0.56,0.25092
0.08,0.57,0.258731
0.08,0.58,0.267128
0.08,0.59,0.276145
0.08,0.6,0.285818
0.08,0.61,0.296178
0.08,0.62,0.307259
0.08,0.63,0.319089
0.08,0.64,0.331693
0.08,0.65,0.345092
0.08,0.66,0.359298
0.08,0.67,0.374318
0.08,0.68,0.390146
0.08,0.69,0.406769
0.08,0.7,0.424157
0.08,0.71,0.44227
0.08,0.72,0.461053
0.08,0.73,0.480435
0.08,0.74,0.500332
0.08,0.75,0.520648
0.08,0.76,0.541273
0.08,0.77,0.562089
0.08,0.78,0.582971
0.08,0.79,0.603791
0.08,0.8,0.624422
0.08,0.81,0.644739
0.08,0.82,0.664626
0.08,0.83,0.683976
0.08,0.84,0.702695
0.08,0.85,0.720704
0.08,0.86,0.737937
0.08,0.87,0.754346
0.08,0.88,0.769899
0.08,0.89,0.784576
0.08,0.9,0.798374
0.08,0.91,0.811297
0.08,0.92,0.823365
0.08,0.93,0.834601
0.08,0.94,0.845038
0.08,0.95,0.854711
0.08,0.96,0.863662
0.08,0.97,0.871931
0.08,0.98,0.879562
0.08,0.99,0.886597
0.08,1,0.893079
0.08,1.01,0.899048
0.08,1.02,0.904545
0.08,1.03,0.909605
0.08,1.04,0.914264
0.08,1.05,0.918555
0.08,1.06,0.922508
0.08,1.07,0.926152
0.08,1.08,0.929513
0.08,1.09,0.932615
0.09,-0.1,0.261821
0.09,-0.09,0.256069
0.09,-0.08,0.250545
0.09,-0.07,0.245246
0.09,-0.06,0.240169
0.09,-0.05,0.235312
0.09,-0.04,0.230668
0.09,-0.03,0.226235
0.09,-0.02,0.222007
0.09,-0.01,0.217979
0.09,-1.04083e-17,0.214147
0.09,0.01,0.210505
0.09,0.02,0.207047
0.09,0.03,0.203769
0.09,0.04,0.200666
0.09,0.05,0.197732
0.09,0.06,0.194963
0.09,0.07,0.192353
0.09,0.08,0.189898
0.09,0.09,0.187594
0.09,0.1,0.185436
0.09,0.11,0.18342
0.09,0.12,0.181542
0.09,0.13,0.1798
0.09,0.14,0.178189
0.09,0.15,0.176707
0.09,0.16,0.17535
0.09,0.17,0.174118
0.09,0.18,0.173006
0.09,0.19,0.172014
0.09,0.2,0.17114
0.09,0.21,0.170383
0.09,0.22,0.169742
0.09,0.23,0.169216
0.09,0.24,0.168806
0.09,0.25,0.168511
0.09,0.26,0.168332
0.09,0.27,0.16827
0.09,0.28,0.168326
0.09,0.29,0.168502
0.09,0.3,0.1688
0.09,0.31,0.169223
0.09,0.32,0.169774
0.09,0.33,0.170457
0.09,0.34,0.171276
0.09,0.35,0.172236
0.09,0.36,0.173343
0.09,0.37,0.174602
0.09,0.38,0.176021
0.09,0.39,0.177607
0.09,0.4,0.179369
0.09,0.41,0.181316
0.09,0.42,0.183459
0.09,0.43,0.18581
0.09,0.44,0.18838
0.09,0.45,0.191183
0.09,0.46,0.194236
0.09,0.47,0.197553
0.09,0.48,0.201153
0.09,0.49,0.205055
0.09,0.5,0.209281
0.09,0.51,0.213851
0.09,0.52,0.218792
0.09,0.53,0.224128
0.09,0.54,0.229887
0.09,0.55,0.236098
0.09,0.56,0.242792
0.09,0.57,0.250001
0.09,0.58,0.257759
0.09,0.59,0.266099
0.09,0.6,0.275057
0.09,0.61,0.284665
0.09,0.62,0.294959
0.09,0.63,0.30597
0.09,0.64,0.317727
0.09,0.65,0.330256
0.09,0.66,0.343578
0.09,0.67,0.357707
0.09,0.68,0.372649
0.09,0.69,0.3884
0.09,0.7,0.404948
0.09,0.71,0.422266
0.09,0.72,0.440313
0.09,0.73,0.459035
0.09,0.74,0.478365
0.09,0.75,0.49822
0.09,0.76,0.518502
0.09,0.77,0.539106
0.09,0.78,0.559913
0.09,0.79,0.580798
0.09,0.8,0.601635
0.09,0.81,0.622294
0.09,0.82,0.642653
0.09,0.83,0.662592
0.09,0.84,0.682004
0.09,0.85,0.700794
0.09,0.86,0.718881
0.09,0.87,0.736198
0.09,0.88,0.752695
0.09,0.89,0.768337
0.09,0.9,0.783106
0.09,0.91,0.796994
0.09,0.92,0.810007
0.09,0.93,0.822162
0.09,0.94,0.833483
0.09,0.95,0.844
0.09,0.96,0.85375
0.09,0.97,0.862773
0.09,0.98,0.87111
0.09,0.99,0.878804
0.09,1,0.885899
0.09,1.01,0.892435
0.09,1.02,0.898456
0.09,1.03,0.903999
0.09,1.04,0.909102
0.09,1.05,0.913801
0.09,1.06,0.918128
0.09,1.07,0.922115
0.09,1.08,0.925789
0.09,1.09,0.929178
0.1,-0.1,0.266907
0.1,-0.09,0.260951
0.1,-0.08,0.255225
0.1,-0.07,0.249727
0.1,-0.06,0.244454
0.1,-0.05,0.239402
0.1,-0.04,0.234569
0.1,-0.03,0.229949
0.1,-0.02,0.225539
0.1,-0.01,0.221333
0.1,-1.04083e-17,0.217327
0.1,0.01,0.213515
0.1,0.02,0.209893
0.1,0.03,0.206455
0.1,0.04,0.203195
0.1,0.05,0.20011
0.1,0.06,0.197193
0.1,0.07,0.194439
0.1,0.08,0.191845
0.1,0.09,0.189404
0.1,0.1,0.187113
0.1,0.11,0.184968
0.1,0.12,0.182964
0.1,0.13,0.181098
0.1,0.14,0.179366
0.1,0.15,0.177765
0.1,0.16,0.176291
0.1,0.17,0.174943
0.1,0.18,0.173718
0.1,0.19,0.172614
0.1,0.2,0.171628
0.1,0.21,0.170759
0.1,0.22,0.170007
0.1,0.23,0.16937
0.1,0.24,0.168848
0.1,0.25,0.16844
0.1,0.26,0.168147
0.1,0.27,0.167969
0.1,0.28,0.167907
0.1,0.29,0.167963
0.1,0.3,0.168138
0.1,0.31,0.168435
0.1,0.32,0.168856
0.1,0.33,0.169403
0.1,0.34,0.170082
0.1,0.35,0.170897
0.1,0.36,0.171851
0.1,0.37,0.17295
0.1,0.38,0.174202
0.1,0.39,0.175611
0.1,0.4,0.177188
0.1,0.41,0.178938
0.1,0.42,0.180873
0.1,0.43,0.183002
0.1,0.44,0.185337
0.1,0.45,0.18789
0.1,0.46,0.190675
0.1,0.47,0.193707
0.1,0.48,0.197002
0.1,0.49,0.200577
0.1,0.5,0.204453
0.1,0.51,0.208649
0.1,0.52,0.213188
0.1,0.53,0.218095
0.1,0.54,0.223394
0.1,0.55,0.229113
0.1,0.56,0.235281
0.1,0.57,0.241929
0.1,0.58,0.249089
0.1,0.59,0.256794
0.1,0.6,0.265078
0.1,0.61,0.273975
0.1,0.62,0.28352
0.1,0.63,0.293747
0.1,0.64,0.304688
0.1,0.65,0.316373
0.1,0.66,0.328827
0.1,0.67,0.342073
0.1,0.68,0.356124
0.1,0.69,0.370988
0.1,0.7,0.386663
0.1,0.71,0.403136
0.1,0.72,0.420381
0.1,0.73,0.438362
0.1,0.74,0.457024
0.1,0.75,0.476301
0.1,0.76,0.496111
0.1,0.77,0.51636
0.1,0.78,0.536941
0.1,0.79,0.557737
0.1,0.8,0.578625
0.1,0.81,0.599476
0.1,0.82,0.620164
0.1,0.83,0.640562
0.1,0.84,0.660552
0.1,0.85,0.680026
0.1,0.86,0.698886
0.1,0.87,0.71705
0.1,0.88,0.73445
0.1,0.89,0.751034
0.1,0.9,0.766767
0.1,0.91,0.781626
0.1,0.92,0.795605
0.1,0.93,0.808708
0.1,0.94,0.820951
0.1,0.95,0.832355
0.1,0.96,0.842954
0.1,0.97,0.852781
0.1,0.98,0.861877
0.1,0.99,0.870282
0.1,1,0.878041
0.1,1.01,0.885195
0.1,1.02,0.891787
0.1,1.03,0.897858
0.1,1.04,0.903448
0.1,1.05,0.908595
0.1,1.06,0.913334
0.1,1.07,0.917698
0.1,1.08,0.921718
0.1,1.09,0.925424
0.11,-0.1,0.272175
0.11,-0.09,0.266015
0.11,-0.08,0.260086
0.11,-0.07,0.254386
0.11,-0.06,0.248914
0.11,-0.05,0.243666
0.11,-0.04,0.238639
0.11,-0.03,0.23383
0.11,-0.02,0.229234
0.11,-0.01,0.224846
0.11,-1.04083e-17,0.220663
0.11,0.01,0.216678
0.11,0.02,0.212887
0.11,0.03,0.209285
0.11,0.04,0.205866
0.11,0.05,0.202625
0.11,0.06,0.199557
0.11,0.07,0.196657
0.11,0.08,0.193919
0.11,0.09,0.191339
0.11,0.1,0.188913
0.11,0.11,0.186636
0.11,0.12,0.184503
0.11,0.13,0.182511
0.11,0.14,0.180656
0.11,0.15,0.178934
0.11,0.16,0.177343
0.11,0.17,0.175879
0.11,0.18,0.174539
0.11,0.19,0.173321
0.11,0.2,0.172223
0.11,0.21,0.171244
0.11,0.22,0.170381
0.11,0.23,0.169633
0.11,0.24,0.169
0.11,0.25,0.168481
0.11,0.26,0.168076
0.11,0.27,0.167785
0.11,0.28,0.167609
0.11,0.29,0.167548
0.11,0.3,0.167603
0.11,0.31,0.167777
0.11,0.32,0.168072
0.11,0.33,0.168491
0.11,0.34,0.169035
0.11,0.35,0.16971
0.11,0.36,0.170519
0.11,0.37,0.171468
0.11,0.38,0.17256
0.11,0.39,0.173804
0.11,0.4,0.175205
0.11,0.41,0.176771
0.11,0.42,0.17851
0.11,0.43,0.180432
0.11,0.44,0.182548
0.11,0.45,0.184867
0.11,0.46,0.187403
0.11,0.47,0.19017
0.11,0.48,0.193181
0.11,0.49,0.196454
0.11,0.5,0.200005
0.11,0.51,0.203854
0.11,0.52,0.208022
0.11,0.53,0.21253
0.11,0.54,0.217402
0.11,0.55,0.222665
0.11,0.56,0.228344
0.11,0.57,0.23447
0.11,0.58,0.241072
0.11,0.59,0.248183
0.11,0.6,0.255835
0.11,0.61,0.264063
0.11,0.62,0.272901
0.11,0.63,0.282383
0.11,0.64,0.292544
0.11,0.65,0.303415
0.11,0.66,0.315027
0.11,0.67,0.327407
0.11,0.68,0.340576
0.11,0.69,0.354549
0.11,0.7,0.369335
0.11,0.71,0.384933
0.11,0.72,0.401331
0.11,0.73,0.418505
0.11,0.74,0.436418
0.11,0.75,0.455018
0.11,0.76,0.474241
0.11,0.77,0.494006
0.11,0.78,0.51422
0.11,0.79,0.534777
0.11,0.8,0.555562
0.11,0.81,0.57645
0.11,0.82,0.597316
0.11,0.83,0.61803
0.11,0.84,0.638467
0.11,0.85,0.658507
0.11,0.86,0.678041
0.11,0.87,0.69697
0.11,0.88,0.715211
0.11,0.89,0.732693
0.11,0.9,0.749364
0.11,0.91,0.765187
0.11,0.92,0.780137
0.11,0.93,0.794207
0.11,0.94,0.8074
0.11,0.95,0.81973
0.11,0.96,0.83122
0.11,0.97,0.8419
0.11,0.98,0.851804
0.11,0.99,0.860973
0.11,1,0.869448
0.11,1.01,0.877271
0.11,1.02,0.884485
0.11,1.03,0.891133
0.11,1.04,0.897256
0.11,1.05,0.902894
0.11,1.06,0.908084
0.11,1.07,0.912863
0.11,1.08,0.917264
0.11,1.09,0.921318
0.12,-0.1,0.277625
0.12,-0.09,0.271261
0.12,-0.08,0.265128
0.12,-0.07,0.259225
0.12,-0.06,0.253551
0.12,-0.05,0.248104
0.12,-0.04,0.242882
0.12,-0.03,0.23788
0.12,-0.02,0.233095
0.12,-0.01,0.228522
0.12,-1.04083e-17,0.224158
0.12,0.01,0.219997
0.12,0.02,0.216033
0.12,0.03,0.212263
0.12,0.04,0.208681
0.12,0.05,0.205281
0.12,0.06,0.202058
0.12,0.07,0.199007
0.12,0.08,0.196124
0.12,0.09,0.193402
0.12,0.1,0.190837
0.12,0.11,0.188425
0.12,0.12,0.186161
0.12,0.13,0.184041
0.12,0.14,0.182061
0.12,0.15,0.180217
0.12,0.16,0.178506
0.12,0.17,0.176924
0.12,0.18,0.175469
0.12,0.19,0.174137
0.12,0.2,0.172927
0.12,0.21,0.171836
0.12,0.22,0.170862
0.12,0.23,0.170005
0.12,0.24,0.169262
0.12,0.25,0.168633
0.12,0.26,0.168117
0.12,0.27,0.167715
0.12,0.28,0.167426
0.12,0.29,0.16725
0.12,0.3,0.16719
0.12,0.31,0.167246
0.12,0.32,0.167419
0.12,0.33,0.167712
0.12,0.34,0.168128
0.12,0.35,0.168669
0.12,0.36,0.16934
0.12,0.37,0.170145
0.12,0.38,0.171087
0.12,0.39,0.172173
0.12,0.4,0.173409
0.12,0.41,0.174801
0.12,0.42,0.176357
0.12,0.43,0.178085
0.12,0.44,0.179995
0.12,0.45,0.182096
0.12,0.46,0.184401
0.12,0.47,0.18692
0.12,0.48,0.189668
0.12,0.49,0.192659
0.12,0.5,0.19591
0.12,0.51,0.199437
0.12,0.52,0.20326
0.12,0.53,0.207399
0.12,0.54,0.211876
0.12,0.55,0.216715
0.12,0.56,0.221941
0.12,0.57,0.227581
0.12,0.58,0.233665
0.12,0.59,0.240221
0.12,0.6,0.247283
0.12,0.61,0.254883
0.12,0.62,0.263055
0.12,0.63,0.271833
0.12,0.64,0.281253
0.12,0.65,0.291347
0.12,0.66,0.302149
0.12,0.67,0.31369
0.12,0.68,0.325995
0.12,0.69,0.339087
0.12,0.7,0.352983
0.12,0.71,0.367691
0.12,0.72,0.383212
0.12,0.73,0.399534
0.12,0.74,0.416636
0.12,0.75,0.43448
0.12,0.76,0.453019
0.12,0.77,0.472187
0.12,0.78,0.491906
0.12,0.79,0.512084
0.12,0.8,0.532616
0.12,0.81,0.553387
0.12,0.82,0.574276
0.12,0.83,0.595153
0.12,0.84,0.615892
0.12,0.85,0.636367
0.12,0.86,0.656456
0.12,0.87,0.676049
0.12,0.88,0.695047
0.12,0.89,0.713364
0.12,0.9,0.730928
0.12,0.91,0.747686
0.12,0.92,0.763598
0.12,0.93,0.778639
0.12,0.94,0.7928
0.12,0.95,0.806083
0.12,0.96,0.818501
0.12,0.97,0.830076
0.12,0.98,0.840838
0.12,0.99,0.85082
0.12,1,0.860063
0.12,1.01,0.868607
0.12,1.02,0.876494
0.12,1.03,0.883769
0.12,1.04,0.890473
0.12,1.05,0.896648
0.12,1.06,0.902334
0.12,1.07,0.907569
0.12,1.08,0.912389
0.12,1.09,0.916827
0.13,-0.1,0.283257
0.13,-0.09,0.276689
0.13,-0.08,0.270351
0.13,-0.07,0.264244
0.13,-0.06,0.258368
0.13,-0.05,0.25272
0.13,-0.04,0.247299
0.13,-0.03,0.242102
0.13,-0.02,0.237125
0.13,-0.01,0.232364
0.13,-1.04083e-17,0.227815
0.13,0.01,0.223473
0.13,0.02,0.219334
0.13,0.03,0.215392
0.13,0.04,0.211643
0.13,0.05,0.20808
0.13,0.06,0.204699
0.13,0.07,0.201495
0.13,0.08,0.198461
0.13,0.09,0.195594
0.13,0.1,0.192888
0.13,0.11,0.190338
0.13,0.12,0.18794
0.13,0.13,0.18569
0.13,0.14,0.183582
0.13,0.15,0.181614
0.13,0.16,0.179781
0.13,0.17,0.17808
0.13,0.18,0.176508
0.13,0.19,0.175061
0.13,0.2,0.173738
0.13,0.21,0.172535
0.13,0.22,0.171451
0.13,0.23,0.170483
0.13,0.24,0.169631
0.13,0.25,0.168893
0.13,0.26,0.168268
0.13,0.27,0.167756
0.13,0.28,0.167356
0.13,0.29,0.167069
0.13,0.3,0.166895
0.13,0.31,0.166835
0.13,0.32,0.16689
0.13,0.33,0.167063
0.13,0.34,0.167354
0.13,0.35,0.167768
0.13,0.36,0.168306
0.13,0.37,0.168973
0.13,0.38,0.169772
0.13,0.39,0.170709
0.13,0.4,0.171788
0.13,0.41,0.173016
0.13,0.42,0.174399
0.13,0.43,0.175946
0.13,0.44,0.177663
0.13,0.45,0.17956
0.13,0.46,0.181648
0.13,0.47,0.183937
0.13,0.48,0.18644
0.13,0.49,0.18917
0.13,0.5,0.192141
0.13,0.51,0.19537
0.13,0.52,0.198873
0.13,0.53,0.20267
0.13,0.54,0.20678
0.13,0.55,0.211227
0.13,0.56,0.216032
0.13,0.57,0.221222
0.13,0.58,0.226823
0.13,0.59,0.232865
0.13,0.6,0.239376
0.13,0.61,0.246389
0.13,0.62,0.253937
0.13,0.63,0.262053
0.13,0.64,0.270773
0.13,0.65,0.28013
0.13,0.66,0.290159
0.13,0.67,0.300892
0.13,0.68,0.31236
0.13,0.69,0.324591
0.13,0.7,0.337607
0.13,0.71,0.351425
0.13,0.72,0.366056
0.13,0.73,0.381499
0.13,0.74,0.397745
0.13,0.75,0.414774
0.13,0.76,0.43255
0.13,0.77,0.451026
0.13,0.78,0.470138
0.13,0.79,0.48981
0.13,0.8,0.509951
0.13,0.81,0.530457
0.13,0.82,0.551214
0.13,0.83,0.5721
0.13,0.84,0.592989
0.13,0.85,0.613752
0.13,0.86,0.634263
0.13,0.87,0.6544
0.13,0.88,0.674051
0.13,0.89,0.693117
0.13,0.9,0.711508
0.13,0.91,0.729155
0.13,0.92,0.745999
0.13,0.93,0.761999
0.13,0.94,0.777132
0.13,0.95,0.791384
0.13,0.96,0.804757
0.13,0.97,0.817263
0.13,0.98,0.828924
0.13,0.99,0.839768
0.13,1,0.849828
0.13,1.01,0.859145
0.13,1.02,0.867759
0.13,1.03,0.875712
0.13,1.04,0.883047
0.13,1.05,0.889808
0.13,1.06,0.896036
0.13,1.07,0.90177
0.13,1.08,0.907049
0.13,1.09,0.91191
0.14,-0.1,0.289071
0.14,-0.09,0.282299
0.14,-0.08,0.275757
0.14,-0.07,0.269445
0.14,-0.06,0.263365
0.14,-0.05,0.257515
0.14,-0.04,0.251893
0.14,-0.03,0.246498
0.14,-0.02,0.241326
0.14,-0.01,0.236373
0.14,-1.04083e-17,0.231637
0.14,0.01,0.227111
0.14,0.02,0.222792
0.14,0.03,0.218675
0.14,0.04,0.214755
0.14,0.05,0.211026
0.14,0.06,0.207483
0.14,0.07,0.204121
0.14,0.08,0.200934
0.14,0.09,0.197918
0.14,0.1,0.195068
0.14,0.11,0.192377
0.14,0.12,0.189842
0.14,0.13,0.187458
0.14,0.14,0.185221
0.14,0.15,0.183126
0.14,0.16,0.18117
0.14,0.17,0.179348
0.14,0.18,0.177657
0.14,0.19,0.176094
0.14,0.2,0.174656
0.14,0.21,0.173341
0.14,0.22,0.172145
0.14,0.23,0.171068
0.14,0.24,0.170106
0.14,0.25,0.169259
0.14,0.26,0.168526
0.14,0.27,0.167905
0.14,0.28,0.167396
0.14,0.29,0.166999
0.14,0.3,0.166714
0.14,0.31,0.166541
0.14,0.32,0.166482
0.14,0.33,0.166537
0.14,0.34,0.166709
0.14,0.35,0.166999
0.14,0.36,0.16741
0.14,0.37,0.167945
0.14,0.38,0.168608
0.14,0.39,0.169402
0.14,0.4,0.170333
0.14,0.41,0.171406
0.14,0.42,0.172626
0.14,0.43,0.174001
0.14,0.44,0.175537
0.14,0.45,0.177243
0.14,0.46,0.179128
0.14,0.47,0.181202
0.14,0.48,0.183477
0.14,0.49,0.185963
0.14,0.5,0.188674
0.14,0.51,0.191626
0.14,0.52,0.194833
0.14,0.53,0.198312
0.14,0.54,0.202083
0.14,0.55,0.206166
0.14,0.56,0.210582
0.14,0.57,0.215354
0.14,0.58,0.220508
0.14,0.59,0.226071
0.14,0.6,0.23207
0.14,0.61,0.238536
0.14,0.62,0.245501
0.14,0.63,0.252997
0.14,0.64,0.261059
0.14,0.65,0.269719
0.14,0.66,0.279014
0.14,0.67,0.288977
0.14,0.68,0.299642
0.14,0.69,0.311039
0.14,0.7,0.323195
0.14,0.71,0.336135
0.14,0.72,0.349876
0.14,0.73,0.364428
0.14,0.74,0.379794
0.14,0.75,0.395964
0.14,0.76,0.41292
0.14,0.77,0.430627
0.14,0.78,0.449039
0.14,0.79,0.468095
0.14,0.8,0.487719
0.14,0.81,0.507821
0.14,0.82,0.5283
0.14,0.83,0.549041
0.14,0.84,0.569925
0.14,0.85,0.590823
0.14,0.86,0.611609
0.14,0.87,0.632154
0.14,0.88,0.652338
0.14,0.89,0.672047
0.14,0.9,0.691179
0.14,0.91,0.709645
0.14,0.92,0.727373
0.14,0.93,0.744302
0.14,0.94,0.760392
0.14,0.95,0.775615
0.14,0.96,0.789959
0.14,0.97,0.803422
0.14,0.98,0.816017
0.14,0.99,0.827763
0.14,1,0.838689
0.14,1.01,0.848829
0.14,1.02,0.85822
0.14,1.03,0.866904
0.14,1.04,0.874923
0.14,1.05,0.88232
0.14,1.06,0.889138
0.14,1.07,0.895418
0.14,1.08,0.901201
0.14,1.09,0.906525
0.15,-0.1,0.295063
0.15,-0.09,0.28809
0.15,-0.08,0.281344
0.15,-0.07,0.274829
0.15,-0.06,0.268544
0.15,-0.05,0.26249
0.15,-0.04,0.256666
0.15,-0.03,0.251071
0.15,-0.02,0.245701
0.15,-0.01,0.240554
0.15,-1.04083e-17,0.235626
0.15,0.01,0.230914
0.15,0.02,0.226412
0.15,0.03,0.222116
0.15,0.04,0.21802
0.15,0.05,0.214121
0.15,0.06,0.210413
0.15,0.07,0.206889
0.15,0.08,0.203546
0.15,0.09,0.200378
0.15,0.1,0.197379
0.15,0.11,0.194544
0.15,0.12,0.191869
0.15,0.13,0.189349
0.15,0.14,0.18698
0.15,0.15,0.184755
0.15,0.16,0.182673
0.15,0.17,0.180728
0.15,0.18,0.178917
0.15,0.19,0.177236
0.15,0.2,0.175683
0.15,0.21,0.174254
0.15,0.22,0.172947
0.15,0.23,0.171759
0.15,0.24,0.170688
0.15,0.25,0.169732
0.15,0.26,0.16889
0.15,0.27,0.168162
0.15,0.28,0.167545
0.15,0.29,0.167039
0.15,0.3,0.166644
0.15,0.31,0.166361
0.15,0.32,0.16619
0.15,0.33,0.166131
0.15,0.34,0.166186
0.15,0.35,0.166357
0.15,0.36,0.166645
0.15,0.37,0.167054
0.15,0.38,0.167586
0.15,0.39,0.168245
0.15,0.4,0.169035
0.15,0.41,0.16996
0.15,0.42,0.171026
0.15,0.43,0.172238
0.15,0.44,0.173604
0.15,0.45,0.175131
0.15,0.46,0.176826
0.15,0.47,0.178699
0.15,0.48,0.18076
0.15,0.49,0.183019
0.15,0.5,0.185489
0.15,0.51,0.188183
0.15,0.52,0.191114
0.15,0.53,0.1943
0.15,0.54,0.197756
0.15,0.55,0.201501
0.15,0.56,0.205556
0.15,0.57,0.209941
0.15,0.58,0.21468
0.15,0.59,0.219799
0.15,0.6,0.225323
0.15,0.61,0.231281
0.15,0.62,0.237703
0.15,0.63,0.244619
0.15,0.64,0.252064
0.15,0.65,0.260071
0.15,0.66,0.268673
0.15,0.67,0.277906
0.15,0.68,0.287804
0.15,0.69,0.2984
0.15,0.7,0.309725
0.15,0.71,0.321808
0.15,0.72,0.334672
0.15,0.73,0.348335
0.15,0.74,0.362809
0.15,0.75,0.378097
0.15,0.76,0.394192
0.15,0.77,0.411073
0.15,0.78,0.428711
0.15,0.79,0.447059
0.15,0.8,0.466057
0.15,0.81,0.485632
0.15,0.82,0.505695
0.15,0.83,0.526145
0.15,0.84,0.54687
0.15,0.85,0.567749
0.15,0.86,0.588656
0.15,0.87,0.609463
0.15,0.88,0.630042
0.15,0.89,0.650271
0.15,0.9,0.670036
0.15,0.91,0.689234
0.15,0.92,0.707774
0.15,0.93,0.725582
0.15,0.94,0.742597
0.15,0.95,0.758776
0.15,0.96,0.774089
0.15,0.97,0.788524
0.15,0.98,0.802078
0.15,0.99,0.814761
0.15,1,0.826594
0.15,1.01,0.837603
0.15,1.02,0.847822
0.15,1.03,0.857288
0.15,1.04,0.866042
0.15,1.05,0.874128
0.15,1.06,0.881586
0.15,1.07,0.888462
0.15,1.08,0.894795
0.15,1.09,0.900627
0.16,-0.1,0.301233
0.16,-0.09,0.29406
0.16,-0.08,0.287113
0.16,-0.07,0.280394
0.16,-0.06,0.273905
0.16,-0.05,0.267647
0.16,-0.04,0.261619
0.16,-0.03,0.255822
0.16,-0.02,0.250252
0.16,-0.01,0.244908
0.16,-1.04083e-17,0.239787
0.16,0.01,0.234883
0.16,0.02,0.230195
0.16,0.03,0.225716
0.16,0.04,0.221442
0.16,0.05,0.217369
0.16,0.06,0.213491
0.16,0.07,0.209803
0.16,0.08,0.206299
0.16,0.09,0.202975
0.16,0.1,0.199824
0.16,0.11,0.196842
0.16,0.12,0.194024
0.16,0.13,0.191365
0.16,0.14,0.18886
0.16,0.15,0.186504
0.16,0.16,0.184293
0.16,0.17,0.182222
0.16,0.18,0.180289
0.16,0.19,0.178489
0.16,0.2,0.176819
0.16,0.21,0.175275
0.16,0.22,0.173854
0.16,0.23,0.172555
0.16,0.24,0.171374
0.16,0.25,0.17031
0.16,0.26,0.16936
0.16,0.27,0.168524
0.16,0.28,0.1678
0.16,0.29,0.167186
0.16,0.3,0.166684
0.16,0.31,0.166292
0.16,0.32,0.166011
0.16,0.33,0.165841
0.16,0.34,0.165782
0.16,0.35,0.165837
0.16,0.36,0.166007
0.16,0.37,0.166294
0.16,0.38,0.166701
0.16,0.39,0.16723
0.16,0.4,0.167884
0.16,0.41,0.168669
0.16,0.42,0.169589
0.16,0.43,0.170648
0.16,0.44,0.171853
0.16,0.45,0.173211
0.16,0.46,0.174728
0.16,0.47,0.176412
0.16,0.48,0.178273
0.16,0.49,0.18032
0.16,0.5,0.182565
0.16,0.51,0.185018
0.16,0.52,0.187694
0.16,0.53,0.190606
0.16,0.54,0.19377
0.16,0.55,0.197203
0.16,0.56,0.200923
0.16,0.57,0.204949
0.16,0.58,0.209305
0.16,0.59,0.214011
0.16,0.6,0.219094
0.16,0.61,0.22458
0.16,0.62,0.230497
0.16,0.63,0.236874
0.16,0.64,0.243744
0.16,0.65,0.251137
0.16,0.66,0.259089
0.16,0.67,0.267633
0.16,0.68,0.276805
0.16,0.69,0.286638
0.16,0.7,0.297166
0.16,0.71,0.30842
0.16,0.72,0.320429
0.16,0.73,0.333217
0.16,0.74,0.346803
0.16,0.75,0.361199
0.16,0.76,0.376409
0.16,0.77,0.392427
0.16,0.78,0.409234
0.16,0.79,0.426802
0.16,0.8,0.445085
0.16,0.81,0.464025
0.16,0.82,0.48355
0.16,0.83,0.503573
0.16,0.84,0.523993
0.16,0.85,0.5447
0.16,0.86,0.565573
0.16,0.87,0.586487
0.16,0.88,0.607314
0.16,0.89,0.627925
0.16,0.9,0.648199
0.16,0.91,0.668019
0.16,0.92,0.687282
0.16,0.93,0.705896
0.16,0.94,0.723783
0.16,0.95,0.740883
0.16,0.96,0.75715
0.16,0.97,0.772554
0.16,0.98,0.78708
0.16,0.99,0.800725
0.16,1,0.813497
0.16,1.01,0.825416
0.16,1.02,0.836508
0.16,1.03,0.846806
0.16,1.04,0.856348
0.16,1.05,0.865174
0.16,1.06,0.873326
0.16,1.07,0.880847
0.16,1.08,0.88778
0.16,1.09,0.894167
0.17,-0.1,0.307576
0.17,-0.09,0.300208
0.17,-0.08,0.293061
0.17,-0.07,0.28614
0.17,-0.06,0.279447
0.17,-0.05,0.272985
0.17,-0.04,0.266753
0.17,-0.03,0.260753
0.17,-0.02,0.254982
0.17,-0.01,0.249438
0.17,-1.04083e-17,0.24412
0.17,0.01,0.239023
0.17,0.02,0.234144
0.17,0.03,0.22948
0.17,0.04,0.225024
0.17,0.05,0.220773
0.17,0.06,0.216722
0.17,0.07,0.212865
0.17,0.08,0.209197
0.17,0.09,0.205713
0.17,0.1,0.202407
0.17,0.11,0.199274
0.17,0.12,0.196309
0.17,0.13,0.193507
0.17,0.14,0.190864
0.17,0.15,0.188373
0.17,0.16,0.186031
0.17,0.17,0.183833
0.17,0.18,0.181775
0.17,0.19,0.179853
0.17,0.2,0.178064
0.17,0.21,0.176403
0.17,0.22,0.174869
0.17,0.23,0.173457
0.17,0.24,0.172166
0.17,0.25,0.170992
0.17,0.26,0.169934
0.17,0.27,0.168991
0.17,0.28,0.168159
0.17,0.29,0.16744
0.17,0.3,0.166831
0.17,0.31,0.166331
0.17,0.32,0.165942
0.17,0.33,0.165663
0.17,0.34,0.165494
0.17,0.35,0.165436
0.17,0.36,0.165491
0.17,0.37,0.16566
0.17,0.38,0.165945
0.17,0.39,0.166349
0.17,0.4,0.166875
0.17,0.41,0.167526
0.17,0.42,0.168306
0.17,0.43,0.16922
0.17,0.44,0.170273
0.17,0.45,0.171471
0.17,0.46,0.17282
0.17,0.47,0.174327
0.17,0.48,0.176001
0.17,0.49,0.177849
0.17,0.5,0.179883
0.17,0.51,0.182113
0.17,0.52,0.184551
0.17,0.53,0.187209
0.17,0.54,0.190101
0.17,0.55,0.193244
0.17,0.56,0.196653
0.17,0.57,0.200348
0.17,0.58,0.204347
0.17,0.59,0.208673
0.17,0.6,0.213347
0.17,0.61,0.218395
0.17,0.62,0.223843
0.17,0.63,0.229719
0.17,0.64,0.236052
0.17,0.65,0.242874
0.17,0.66,0.250217
0.17,0.67,0.258114
0.17,0.68,0.266601
0.17,0.69,0.275711
0.17,0.7,0.285479
0.17,0.71,0.295939
0.17,0.72,0.307122
0.17,0.73,0.319058
0.17,0.74,0.33177
0.17,0.75,0.345279
0.17,0.76,0.359597
0.17,0.77,0.374729
0.17,0.78,0.39067
0.17,0.79,0.407403
0.17,0.8,0.4249
0.17,0.81,0.443117
0.17,0.82,0.461999
0.17,0.83,0.481473
0.17,0.84,0.501454
0.17,0.85,0.521843
0.17,0.86,0.542531
0.17,0.87,0.563397
0.17,0.88,0.584317
0.17,0.89,0.605163
0.17,0.9,0.625805
0.17,0.91,0.646122
0.17,0.92,0.665997
0.17,0.93,0.685323
0.17,0.94,0.704009
0.17,0.95,0.721976
0.17,0.96,0.73916
0.17,0.97,0.755516
0.17,0.98,0.77101
0.17,0.99,0.785627
0.17,1,0.799362
0.17,1.01,0.812224
0.17,1.02,0.824229
0.17,1.03,0.835405
0.17,1.04,0.845783
0.17,1.05,0.855401
0.17,1.06,0.864298
0.17,1.07,0.872517
0.17,1.08,0.880101
0.17,1.09,0.887092
0.18,-0.1,0.314091
0.18,-0.09,0.30653
0.18,-0.08,0.299187
0.18,-0.07,0.292066
0.18,-0.06,0.285171
0.18,-0.05,0.278505
0.18,-0.04,0.272069
0.18,-0.03,0.265864
0.18,-0.02,0.25989
0.18,-0.01,0.254145
0.18,-1.04083e-17,0.248628
0.18,0.01,0.243335
0.18,0.02,0.238263
0.18,0.03,0.233409
0.18,0.04,0.228768
0.18,0.05,0.224336
0.18,0.06,0.220108
0.18,0.07,0.216078
0.18,0.08,0.212242
0.18,0.09,0.208594
0.18,0.1,0.205129
0.18,0.11,0.201842
0.18,0.12,0.198727
0.18,0.13,0.195779
0.18,0.14,0.192994
0.18,0.15,0.190365
0.18,0.16,0.187889
0.18,0.17,0.185561
0.18,0.18,0.183376
0.18,0.19,0.18133
0.18,0.2,0.17942
0.18,0.21,0.177641
0.18,0.22,0.175991
0.18,0.23,0.174465
0.18,0.24,0.173062
0.18,0.25,0.171779
0.18,0.26,0.170612
0.18,0.27,0.169561
0.18,0.28,0.168623
0.18,0.29,0.167797
0.18,0.3,0.167082
0.18,0.31,0.166477
0.18,0.32,0.165981
0.18,0.33,0.165594
0.18,0.34,0.165317
0.18,0.35,0.165149
0.18,0.36,0.165092
0.18,0.37,0.165147
0.18,0.38,0.165315
0.18,0.39,0.165599
0.18,0.4,0.166001
0.18,0.41,0.166523
0.18,0.42,0.16717
0.18,0.43,0.167946
0.18,0.44,0.168854
0.18,0.45,0.169901
0.18,0.46,0.171091
0.18,0.47,0.172431
0.18,0.48,0.173929
0.18,0.49,0.175592
0.18,0.5,0.177429
0.18,0.51,0.17945
0.18,0.52,0.181665
0.18,0.53,0.184086
0.18,0.54,0.186726
0.18,0.55,0.1896
0.18,0.56,0.192721
0.18,0.57,0.196108
0.18,0.58,0.199777
0.18,0.59,0.203749
0.18,0.6,0.208045
0.18,0.61,0.212687
0.18,0.62,0.2177
0.18,0.63,0.22311
0.18,0.64,0.228945
0.18,0.65,0.235235
0.18,0.66,0.24201
0.18,0.67,0.249302
0.18,0.68,0.257146
0.18,0.69,0.265575
0.18,0.7,0.274624
0.18,0.71,0.284328
0.18,0.72,0.294721
0.18,0.73,0.305833
0.18,0.74,0.317695
0.18,0.75,0.330332
0.18,0.76,0.343763
0.18,0.77,0.358003
0.18,0.78,0.373057
0.18,0.79,0.388921
0.18,0.8,0.40558
0.18,0.81,0.423005
0.18,0.82,0.441157
0.18,0.83,0.459979
0.18,0.84,0.479401
0.18,0.85,0.499339
0.18,0.86,0.519696
0.18,0.87,0.540363
0.18,0.88,0.561222
0.18,0.89,0.582146
0.18,0.9,0.603009
0.18,0.91,0.623682
0.18,0.92,0.64404
0.18,0.93,0.663968
0.18,0.94,0.683358
0.18,0.95,0.702115
0.18,0.96,0.72016
0.18,0.97,0.737429
0.18,0.98,0.753872
0.18,0.99,0.769457
0.18,1,0.784165
0.18,1.01,0.797991
0.18,1.02,0.810942
0.18,1.03,0.823034
0.18,1.04,0.834294
0.18,1.05,0.844752
0.18,1.06,0.854446
0.18,1.07,0.863416
0.18,1.08,0.871702
0.18,1.09,0.879349
0.19,-0.1,0.320771
0.19,-0.09,0.313024
0.19,-0.08,0.305488
0.19,-0.07,0.29817
0.19,-0.06,0.291075
0.19,-0.05,0.284206
0.19,-0.04,0.277567
0.19,-0.03,0.271158
0.19,-0.02,0.264979
0.19,-0.01,0.259032
0.19,-1.04083e-17,0.253313
0.19,0.01,0.247822
0.19,0.02,0.242554
0.19,0.03,0.237508
0.19,0.04,0.232678
0.19,0.05,0.228061
0.19,0.06,0.223652
0.19,0.07,0.219446
0.19,0.08,0.215438
0.19,0.09,0.211623
0.19,0.1,0.207995
0.19,0.11,0.20455
0.19,0.12,0.201281
0.19,0.13,0.198184
0.19,0.14,0.195253
0.19,0.15,0.192483
0.19,0.16,0.18987
0.19,0.17,0.187408
0.19,0.18,0.185094
0.19,0.19,0.182922
0.19,0.2,0.180888
0.19,0.21,0.178989
0.19,0.22,0.177221
0.19,0.23,0.175581
0.19,0.24,0.174065
0.19,0.25,0.17267
0.19,0.26,0.171394
0.19,0.27,0.170235
0.19,0.28,0.16919
0.19,0.29,0.168258
0.19,0.3,0.167438
0.19,0.31,0.166727
0.19,0.32,0.166126
0.19,0.33,0.165633
0.19,0.34,0.165249
0.19,0.35,0.164973
0.19,0.36,0.164807
0.19,0.37,0.16475
0.19,0.38,0.164805
0.19,0.39,0.164972
0.19,0.4,0.165254
0.19,0.41,0.165654
0.19,0.42,0.166174
0.19,0.43,0.166817
0.19,0.44,0.167588
0.19,0.45,0.16849
0.19,0.46,0.16953
0.19,0.47,0.170713
0.19,0.48,0.172045
0.19,0.49,0.173533
0.19,0.5,0.175186
0.19,0.51,0.177011
0.19,0.52,0.179018
0.19,0.53,0.181219
0.19,0.54,0.183625
0.19,0.55,0.186248
0.19,0.56,0.189102
0.19,0.57,0.192202
0.19,0.58,0.195566
0.19,0.59,0.19921
0.19,0.6,0.203155
0.19,0.61,0.207421
0.19,0.62,0.212032
0.19,0.63,0.21701
0.19,0.64,0.222383
0.19,0.65,0.228177
0.19,0.66,0.234423
0.19,0.67,0.241151
0.19,0.68,0.248394
0.19,0.69,0.256184
0.19,0.7,0.264556
0.19,0.71,0.273545
0.19,0.72,0.283185
0.19,0.73,0.29351
0.19,0.74,0.304552
0.19,0.75,0.31634
0.19,0.76,0.328902
0.19,0.77,0.342256
0.19,0.78,0.356418
0.19,0.79,0.371394
0.19,0.8,0.387181
0.19,0.81,0.403764
0.19,0.82,0.421118
0.19,0.83,0.439203
0.19,0.84,0.457964
0.19,0.85,0.477334
0.19,0.86,0.497229
0.19,0.87,0.517553
0.19,0.88,0.538198
0.19,0.89,0.559046
0.19,0.9,0.579974
0.19,0.91,0.600853
0.19,0.92,0.621554
0.19,0.93,0.641954
0.19,0.94,0.661933
0.19,0.95,0.681385
0.19,0.96,0.700213
0.19,0.97,0.718337
0.19,0.98,0.735689
0.19,0.99,0.752219
0.19,1,0.767894
0.19,1.01,0.782693
0.19,1.02,0.79661
0.19,1.03,0.80965
0.19,1.04,0.82183
0.19,1.05,0.833174
0.19,1.06,0.843714
0.19,1.07,0.853484
0.19,1.08,0.862526
0.19,1.09,0.870881
0.2,-0.1,0.327613
0.2,-0.09,0.319684
0.2,-0.08,0.311961
0.2,-0.07,0.30445
0.2,-0.06,0.297157
0.2,-0.05,0.290088
0.2,-0.04,0.283246
0.2,-0.03,0.276633
0.2,-0.02,0.27025
0.2,-0.01,0.264099
0.2,-1.04083e-17,0.258178
0.2,0.01,0.252485
0.2,0.02,0.24702
0.2,0.03,0.241778
0.2,0.04,0.236756
0.2,0.05,0.231951
0.2,0.06,0.227358
0.2,0.07,0.222972
0.2,0.08,0.218788
0.2,0.09,0.214802
0.2,0.1,0.211007
0.2,0.11,0.2074
0.2,0.12,0.203974
0.2,0.13,0.200723
0.2,0.14,0.197644
0.2,0.15,0.19473
0.2,0.16,0.191976
0.2,0.17,0.189378
0.2,0.18,0.186931
0.2,0.19,0.184629
0.2,0.2,0.18247
0.2,0.21,0.180449
0.2,0.22,0.178561
0.2,0.23,0.176804
0.2,0.24,0.175173
0.2,0.25,0.173666
0.2,0.26,0.17228
0.2,0.27,0.171012
0.2,0.28,0.16986
0.2,0.29,0.168822
0.2,0.3,0.167896
0.2,0.31,0.16708
0.2,0.32,0.166374
0.2,0.33,0.165777
0.2,0.34,0.165287
0.2,0.35,0.164905
0.2,0.36,0.164632
0.2,0.37,0.164466
0.2,0.38,0.16441
0.2,0.39,0.164465
0.2,0.4,0.164632
0.2,0.41,0.164912
0.2,0.42,0.165309
0.2,0.43,0.165826
0.2,0.44,0.166465
0.2,0.45,0.167232
0.2,0.46,0.168129
0.2,0.47,0.169162
0.2,0.48,0.170338
0.2,0.49,0.171661
0.2,0.5,0.17314
0.2,0.51,0.174782
0.2,0.52,0.176596
0.2,0.53,0.17859
0.2,0.54,0.180777
0.2,0.55,0.183166
0.2,0.56,0.185772
0.2,0.57,0.188607
0.2,0.58,0.191687
0.2,0.59,0.195028
0.2,0.6,0.198647
0.2,0.61,0.202565
0.2,0.62,0.206802
0.2,0.63,0.211381
0.2,0.64,0.216325
0.2,0.65,0.22166
0.2,0.66,0.227415
0.2,0.67,0.233617
0.2,0.68,0.240299
0.2,0.69,0.247491
0.2,0.7,0.255228
0.2,0.71,0.263544
0.2,0.72,0.272472
0.2,0.73,0.282048
0.2,0.74,0.292306
0.2,0.75,0.303278
0.2,0.76,0.314994
0.2,0.77,0.32748
0.2,0.78,0.340757
0.2,0.79,0.354841
0.2,0.8,0.369739
0.2,0.81,0.385448
0.2,0.82,0.401956
0.2,0.83,0.419238
0.2,0.84,0.437256
0.2,0.85,0.455956
0.2,0.86,0.475272
0.2,0.87,0.495122
0.2,0.88,0.515412
0.2,0.89,0.536034
0.2,0.9,0.556871
0.2,0.91,0.577801
0.2,0.92,0.598694
0.2,0.93,0.619423
0.2,0.94,0.639862
0.2,0.95,0.659893
0.2,0.96,0.679406
0.2,0.97,0.698304
0.2,0.98,0.716505
0.2,0.99,0.73394
0.2,1,0.750558
0.2,1.01,0.766323
0.2,1.02,0.781213
0.2,1.03,0.79522
0.2,1.04,0.80835
0.2,1.05,0.820618
0.2,1.06,0.832046
0.2,1.07,0.842667
0.2,1.08,0.852514
0.2,1.09,0.861629
0.21,-0.1,0.334609
0.21,-0.09,0.326506
0.21,-0.08,0.318601
0.21,-0.07,0.310901
0.21,-0.06,0.303415
0.21,-0.05,0.296148
0.21,-0.04,0.289105
0.21,-0.03,0.282289
0.21,-0.02,0.275702
0.21,-0.01,0.269347
0.21,-1.04083e-17,0.263222
0.21,0.01,0.257328
0.21,0.02,0.251662
0.21,0.03,0.246222
0.21,0.04,0.241005
0.21,0.05,0.236009
0.21,0.06,0.231228
0.21,0.07,0.226658
0.21,0.08,0.222295
0.21,0.09,0.218134
0.21,0.1,0.214169
0.21,0.11,0.210396
0.21,0.12,0.206808
0.21,0.13,0.203401
0.21,0.14,0.200169
0.21,0.15,0.197107
0.21,0.16,0.194209
0.21,0.17,0.191472
0.21,0.18,0.188889
0.21,0.19,0.186456
0.21,0.2,0.184168
0.21,0.21,0.182022
0.21,0.22,0.180012
0.21,0.23,0.178136
0.21,0.24,0.176389
0.21,0.25,0.174769
0.21,0.26,0.173271
0.21,0.27,0.171893
0.21,0.28,0.170633
0.21,0.29,0.169488
0.21,0.3,0.168456
0.21,0.31,0.167536
0.21,0.32,0.166725
0.21,0.33,0.166023
0.21,0.34,0.16543
0.21,0.35,0.164943
0.21,0.36,0.164564
0.21,0.37,0.164292
0.21,0.38,0.164128
0.21,0.39,0.164073
0.21,0.4,0.164127
0.21,0.41,0.164293
0.21,0.42,0.164572
0.21,0.43,0.164967
0.21,0.44,0.165481
0.21,0.45,0.166116
0.21,0.46,0.166878
0.21,0.47,0.16777
0.21,0.48,0.168797
0.21,0.49,0.169965
0.21,0.5,0.17128
0.21,0.51,0.17275
0.21,0.52,0.174381
0.21,0.53,0.176183
0.21,0.54,0.178165
0.21,0.55,0.180337
0.21,0.56,0.182711
0.21,0.57,0.185299
0.21,0.58,0.188115
0.21,0.59,0.191175
0.21,0.6,0.194493
0.21,0.61,0.198088
0.21,0.62,0.201979
0.21,0.63,0.206187
0.21,0.64,0.210734
0.21,0.65,0.215644
0.21,0.66,0.220943
0.21,0.67,0.226657
0.21,0.68,0.232817
0.21,0.69,0.239452
0.21,0.7,0.246595
0.21,0.71,0.254279
0.21,0.72,0.262538
0.21,0.73,0.271407
0.21,0.74,0.28092
0.21,0.75,0.291111
0.21,0.76,0.302013
0.21,0.77,0.313656
0.21,0.78,0.326067
0.21,0.79,0.339267
0.21,0.8,0.353273
0.21,0.81,0.368092
0.21,0.82,0.383724
0.21,0.83,0.400156
0.21,0.84,0.417366
0.21,0.85,0.435315
0.21,0.86,0.453954
0.21,0.87,0.473215
0.21,0.88,0.49302
0.21,0.89,0.513274
0.21,0.9,0.533872
0.21,0.91,0.554697
0.21,0.92,0.575627
0.21,0.93,0.596534
0.21,0.94,0.617289
0.21,0.95,0.637767
0.21,0.96,0.657847
0.21,0.97,0.67742
0.21,0.98,0.696387
0.21,0.99,0.714665
0.21,1,0.732182
0.21,1.01,0.748887
0.21,1.02,0.764742
0.21,1.03,0.779723
0.21,1.04,0.793821
0.21,1.05,0.807041
0.21,1.06,0.819397
0.21,1.07,0.83091
0.21,1.08,0.841612
0.21,1.09,0.851537
0.22,-0.1,0.341754
0.22,-0.09,0.333484
0.22,-0.08,0.325403
0.22,-0.07,0.317521
0.22,-0.06,0.309845
0.22,-0.05,0.302384
0.22,-0.04,0.295143
0.22,-0.03,0.288126
0.22,-0.02,0.281336
0.22,-0.01,0.274777
0.22,-1.04083e-17,0.268448
0.22,0.01,0.26235
0.22,0.02,0.256482
0.22,0.03,0.250842
0.22,0.04,0.245428
0.22,0.05,0.240237
0.22,0.06,0.235265
0.22,0.07,0.230508
0.22,0.08,0.225962
0.22,0.09,0.221622
0.22,0.1,0.217483
0.22,0.11,0.21354
0.22,0.12,0.209787
0.22,0.13,0.206219
0.22,0.14,0.202831
0.22,0.15,0.199618
0.22,0.16,0.196573
0.22,0.17,0.193692
0.22,0.18,0.19097
0.22,0.19,0.188403
0.22,0.2,0.185984
0.22,0.21,0.18371
0.22,0.22,0.181576
0.22,0.23,0.179579
0.22,0.24,0.177714
0.22,0.25,0.175977
0.22,0.26,0.174366
0.22,0.27,0.172878
0.22,0.28,0.171508
0.22,0.29,0.170256
0.22,0.3,0.169118
0.22,0.31,0.168092
0.22,0.32,0.167178
0.22,0.33,0.166372
0.22,0.34,0.165675
0.22,0.35,0.165085
0.22,0.36,0.164602
0.22,0.37,0.164225
0.22,0.38,0.163955
0.22,0.39,0.163792
0.22,0.4,0.163737
0.22,0.41,0.163792
0.22,0.42,0.163957
0.22,0.43,0.164234
0.22,0.44,0.164627
0.22,0.45,0.165138
0.22,0.46,0.165769
0.22,0.47,0.166526
0.22,0.48,0.167413
0.22,0.49,0.168434
0.22,0.5,0.169595
0.22,0.51,0.170902
0.22,0.52,0.172362
0.22,0.53,0.173983
0.22,0.54,0.175773
0.22,0.55,0.177742
0.22,0.56,0.1799
0.22,0.57,0.182259
0.22,0.58,0.18483
0.22,0.59,0.187627
0.22,0.6,0.190666
0.22,0.61,0.193962
0.22,0.62,0.197533
0.22,0.63,0.201397
0.22,0.64,0.205576
0.22,0.65,0.210092
0.22,0.66,0.214968
0.22,0.67,0.22023
0.22,0.68,0.225905
0.22,0.69,0.232022
0.22,0.7,0.238612
0.22,0.71,0.245705
0.22,0.72,0.253337
0.22,0.73,0.261539
0.22,0.74,0.270348
0.22,0.75,0.279798
0.22,0.76,0.289923
0.22,0.77,0.300755
0.22,0.78,0.312326
0.22,0.79,0.324662
0.22,0.8,0.337785
0.22,0.81,0.351713
0.22,0.82,0.366454
0.22,0.83,0.382008
0.22,0.84,0.398364
0.22,0.85,0.415501
0.22,0.86,0.433382
0.22,0.87,0.451957
0.22,0.88,0.471164
0.22,0.89,0.490922
0.22,0.9,0.511139
0.22,0.91,0.531712
0.22,0.92,0.552524
0.22,0.93,0.573453
0.22,0.94,0.594372
0.22,0.95,0.615152
0.22,0.96,0.635667
0.22,0.97,0.655796
0.22,0.98,0.675428
0.22,0.99,0.694463
0.22,1,0.712816
0.22,1.01,0.730416
0.22,1.02,0.747208
0.22,1.03,0.763151
0.22,1.04,0.778223
0.22,1.05,0.792413
0.22,1.06,0.805723
0.22,1.07,0.818167
0.22,1.08,0.829765
0.22,1.09,0.840549
0.23,-0.1,0.349039
0.23,-0.09,0.340611
0.23,-0.08,0.332362
0.23,-0.07,0.324303
0.23,-0.06,0.316444
0.23,-0.05,0.308793
0.23,-0.04,0.301357
0.23,-0.03,0.294141
0.23,-0.02,0.28715
0.23,-0.01,0.280388
0.23,-1.04083e-17,0.273855
0.23,0.01,0.267553
0.23,0.02,0.261481
0.23,0.03,0.25564
0.23,0.04,0.250026
0.23,0.05,0.244638
0.23,0.06,0.239473
0.23,0.07,0.234526
0.23,0.08,0.229793
0.23,0.09,0.225271
0.23,0.1,0.220954
0.23,0.11,0.216837
0.23,0.12,0.212915
0.23,0.13,0.209182
0.23,0.14,0.205634
0.23,0.15,0.202265
0.23,0.16,0.19907
0.23,0.17,0.196043
0.23,0.18,0.193178
0.23,0.19,0.190472
0.23,0.2,0.187919
0.23,0.21,0.185515
0.23,0.22,0.183254
0.23,0.23,0.181133
0.23,0.24,0.179148
0.23,0.25,0.177294
0.23,0.26,0.175568
0.23,0.27,0.173967
0.23,0.28,0.172487
0.23,0.29,0.171126
0.23,0.3,0.169881
0.23,0.31,0.16875
0.23,0.32,0.167731
0.23,0.33,0.166822
0.23,0.34,0.166022
0.23,0.35,0.165329
0.23,0.36,0.164743
0.23,0.37,0.164262
0.23,0.38,0.163888
0.23,0.39,0.16362
0.23,0.4,0.163459
0.23,0.41,0.163404
0.23,0.42,0.163458
0.23,0.43,0.163622
0.23,0.44,0.163899
0.23,0.45,0.164289
0.23,0.46,0.164797
0.23,0.47,0.165425
0.23,0.48,0.166177
0.23,0.49,0.167058
0.23,0.5,0.168073
0.23,0.51,0.169227
0.23,0.52,0.170525
0.23,0.53,0.171976
0.23,0.54,0.173587
0.23,0.55,0.175366
0.23,0.56,0.177322
0.23,0.57,0.179466
0.23,0.58,0.181809
0.23,0.59,0.184363
0.23,0.6,0.187142
0.23,0.61,0.19016
0.23,0.62,0.193434
0.23,0.63,0.196981
0.23,0.64,0.200819
0.23,0.65,0.20497
0.23,0.66,0.209454
0.23,0.67,0.214296
0.23,0.68,0.219522
0.23,0.69,0.225158
0.23,0.7,0.231232
0.23,0.71,0.237776
0.23,0.72,0.244821
0.23,0.73,0.2524
0.23,0.74,0.260547
0.23,0.75,0.269297
0.23,0.76,0.278684
0.23,0.77,0.288742
0.23,0.78,0.299505
0.23,0.79,0.311004
0.23,0.8,0.323265
0.23,0.81,0.336312
0.23,0.82,0.350161
0.23,0.83,0.364824
0.23,0.84,0.3803
0.23,0.85,0.39658
0.23,0.86,0.413643
0.23,0.87,0.431455
0.23,0.88,0.449968
0.23,0.89,0.469118
0.23,0.9,0.488828
0.23,0.91,0.509008
0.23,0.92,0.529554
0.23,0.93,0.550351
0.23,0.94,0.571278
0.23,0.95,0.592208
0.23,0.96,0.613011
0.23,0.97,0.633562
0.23,0.98,0.653739
0.23,0.99,0.673429
0.23,1,0.692532
0.23,1.01,0.71096
0.23,1.02,0.728642
0.23,1.03,0.745519
0.23,1.04,0.761552
0.23,1.05,0.776715
0.23,1.06,0.790996
0.23,1.07,0.804396
0.23,1.08,0.816928
0.23,1.09,0.828612
0.24,-0.1,0.356457
0.24,-0.09,0.34788
0.24,-0.08,0.339472
0.24,-0.07,0.331244
0.24,-0.06,0.323207
0.24,-0.05,0.315372
0.24,-0.04,0.307745
0.24,-0.03,0.300334
0.24,-0.02,0.293144
0.24,-0.01,0.286179
0.24,-1.04083e-17,0.279443
0.24,0.01,0.272937
0.24,0.02,0.266662
0.24,0.03,0.260617
0.24,0.04,0.254802
0.24,0.05,0.249215
0.24,0.06,0.243852
0.24,0.07,0.238712
0.24,0.08,0.23379
0.24,0.09,0.229082
0.24,0.1,0.224583
0.24,0.11,0.220288
0.24,0.12,0.216194
0.24,0.13,0.212293
0.24,0.14,0.208581
0.24,0.15,0.205053
0.24,0.16,0.201703
0.24,0.17,0.198525
0.24,0.18,0.195515
0.24,0.19,0.192668
0.24,0.2,0.189977
0.24,0.21,0.187439
0.24,0.22,0.185049
0.24,0.23,0.182801
0.24,0.24,0.180693
0.24,0.25,0.178719
0.24,0.26,0.176876
0.24,0.27,0.175161
0.24,0.28,0.173569
0.24,0.29,0.172099
0.24,0.3,0.170746
0.24,0.31,0.169509
0.24,0.32,0.168385
0.24,0.33,0.167372
0.24,0.34,0.166469
0.24,0.35,0.165673
0.24,0.36,0.164985
0.24,0.37,0.164402
0.24,0.38,0.163925
0.24,0.39,0.163554
0.24,0.4,0.163287
0.24,0.41,0.163127
0.24,0.42,0.163073
0.24,0.43,0.163127
0.24,0.44,0.16329
0.24,0.45,0.163565
0.24,0.46,0.163953
0.24,0.47,0.164458
0.24,0.48,0.165082
0.24,0.49,0.16583
0.24,0.5,0.166706
0.24,0.51,0.167714
0.24,0.52,0.168861
0.24,0.53,0.170152
0.24,0.54,0.171593
0.24,0.55,0.173194
0.24,0.56,0.174961
0.24,0.57,0.176905
0.24,0.58,0.179035
0.24,0.59,0.181363
0.24,0.6,0.1839
0.24,0.61,0.18666
0.24,0.62,0.189658
0.24,0.63,0.19291
0.24,0.64,0.196433
0.24,0.65,0.200245
0.24,0.66,0.204367
0.24,0.67,0.208821
0.24,0.68,0.21363
0.24,0.69,0.218819
0.24,0.7,0.224416
0.24,0.71,0.230448
0.24,0.72,0.236947
0.24,0.73,0.243943
0.24,0.74,0.25147
0.24,0.75,0.259562
0.24,0.76,0.268252
0.24,0.77,0.277577
0.24,0.78,0.287569
0.24,0.79,0.298263
0.24,0.8,0.30969
0.24,0.81,0.321876
0.24,0.82,0.334846
0.24,0.83,0.348618
0.24,0.84,0.363202
0.24,0.85,0.3786
0.24,0.86,0.394804
0.24,0.87,0.411794
0.24,0.88,0.429536
0.24,0.89,0.447984
0.24,0.9,0.467077
0.24,0.91,0.486739
0.24,0.92,0.50688
0.24,0.93,0.527398
0.24,0.94,0.54818
0.24,0.95,0.569103
0.24,0.96,0.590043
0.24,0.97,0.610868
0.24,0.98,0.631453
0.24,0.99,0.651677
0.24,1,0.671424
0.24,1.01,0.690594
0.24,1.02,0.709096
0.24,1.03,0.726859
0.24,1.04,0.743822
0.24,1.05,0.759944
0.24,1.06,0.775197
0.24,1.07,0.789569
0.24,1.08,0.80306
0.24,1.09,0.81568
0.25,-0.1,0.363998
0.25,-0.09,0.355283
0.25,-0.08,0.346724
0.25,-0.07,0.338335
0.25,-0.06,0.330128
0.25,-0.05,0.322114
0.25,-0.04,0.314302
0.25,-0.03,0.3067
0.25,-0.02,0.299314
0.25,-0.01,0.29215
0.25,-1.04083e-17,0.285212
0.25,0.01,0.278503
0.25,0.02,0.272023
0.25,0.03,0.265775
0.25,0.04,0.259757
0.25,0.05,0.253968
0.25,0.06,0.248407
0.25,0.07,0.243071
0.25,0.08,0.237956
0.25,0.09,0.233058
0.25,0.1,0.228374
0.25,0.11,0.223899
0.25,0.12,0.219627
0.25,0.13,0.215554
0.25,0.14,0.211675
0.25,0.15,0.207983
0.25,0.16,0.204475
0.25,0.17,0.201143
0.25,0.18,0.197984
0.25,0.19,0.194991
0.25,0.2,0.19216
0.25,0.21,0.189485
0.25,0.22,0.186962
0.25,0.23,0.184586
0.25,0.24,0.182352
0.25,0.25,0.180256
0.25,0.26,0.178294
0.25,0.27,0.176462
0.25,0.28,0.174757
0.25,0.29,0.173175
0.25,0.3,0.171713
0.25,0.31,0.170368
0.25,0.32,0.169139
0.25,0.33,0.168022
0.25,0.34,0.167015
0.25,0.35,0.166117
0.25,0.36,0.165327
0.25,0.37,0.164643
0.25,0.38,0.164064
0.25,0.39,0.16359
0.25,0.4,0.163221
0.25,0.41,0.162956
0.25,0.42,0.162797
0.25,0.43,0.162744
0.25,0.44,0.162798
0.25,0.45,0.16296
0.25,0.46,0.163233
0.25,0.47,0.16362
0.25,0.48,0.164121
0.25,0.49,0.164742
0.25,0.5,0.165486
0.25,0.51,0.166356
0.25,0.52,0.167358
0.25,0.53,0.168498
0.25,0.54,0.16978
0.25,0.55,0.171213
0.25,0.56,0.172803
0.25,0.57,0.174559
0.25,0.58,0.176491
0.25,0.59,0.178607
0.25,0.6,0.180919
0.25,0.61,0.18344
0.25,0.62,0.186182
0.25,0.63,0.18916
0.25,0.64,0.19239
0.25,0.65,0.195888
0.25,0.66,0.199675
0.25,0.67,0.203768
0.25,0.68,0.208191
0.25,0.69,0.212967
0.25,0.7,0.218121
0.25,0.71,0.223679
0.25,0.72,0.22967
0.25,0.73,0.236123
0.25,0.74,0.243071
0.25,0.75,0.250546
0.25,0.76,0.258583
0.25,0.77,0.267215
0.25,0.78,0.276477
0.25,0.79,0.286404
0.25,0.8,0.297029
0.25,0.81,0.308384
0.25,0.82,0.320496
0.25,0.83,0.33339
0.25,0.84,0.347084
0.25,0.85,0.361589
0.25,0.86,0.376909
0.25,0.87,0.393036
0.25,0.88,0.409951
0.25,0.89,0.427624
0.25,0.9,0.446007
0.25,0.91,0.465042
0.25,0.92,0.484655
0.25,0.93,0.504756
0.25,0.94,0.525245
0.25,0.95,0.546009
0.25,0.96,0.566928
0.25,0.97,0.587875
0.25,0.98,0.608722
0.25,0.99,0.629341
0.25,1,0.649609
0.25,1.01,0.669413
0.25,1.02,0.688648
0.25,1.03,0.707225
0.25,1.04,0.725067
0.25,1.05,0.742116
0.25,1.06,0.758326
0.25,1.07,0.773671
0.25,1.08,0.788134
0.25,1.09,0.801715
0.26,-0.1,0.371653
0.26,-0.09,0.36281
0.26,-0.08,0.354111
0.26,-0.07,0.345571
0.26,-0.06,0.337202
0.26,-0.05,0.329016
0.26,-0.04,0.321025
0.26,-0.03,0.313237
0.26,-0.02,0.305659
0.26,-0.01,0.298299
0.26,-1.04083e-17,0.291161
0.26,0.01,0.284249
0.26,0.02,0.277566
0.26,0.03,0.271114
0.26,0.04,0.264892
0.26,0.05,0.258901
0.26,0.06,0.253139
0.26,0.07,0.247604
0.26,0.08,0.242293
0.26,0.09,0.237203
0.26,0.1,0.232331
0.26,0.11,0.22767
0.26,0.12,0.223218
0.26,0.13,0.218969
0.26,0.14,0.214918
0.26,0.15,0.21106
0.26,0.16,0.207389
0.26,0.17,0.2039
0.26,0.18,0.200588
0.26,0.19,0.197446
0.26,0.2,0.194471
0.26,0.21,0.191656
0.26,0.22,0.188996
0.26,0.23,0.186488
0.26,0.24,0.184125
0.26,0.25,0.181904
0.26,0.26,0.179821
0.26,0.27,0.177871
0.26,0.28,0.17605
0.26,0.29,0.174355
0.26,0.3,0.172782
0.26,0.31,0.17133
0.26,0.32,0.169993
0.26,0.33,0.168771
0.26,0.34,0.167661
0.26,0.35,0.166661
0.26,0.36,0.165768
0.26,0.37,0.164983
0.26,0.38,0.164303
0.26,0.39,0.163728
0.26,0.4,0.163257
0.26,0.41,0.16289
0.26,0.42,0.162628
0.26,0.43,0.16247
0.26,0.44,0.162417
0.26,0.45,0.162471
0.26,0.46,0.162632
0.26,0.47,0.162904
0.26,0.48,0.163288
0.26,0.49,0.163787
0.26,0.5,0.164404
0.26,0.51,0.165143
0.26,0.52,0.166008
0.26,0.53,0.167004
0.26,0.54,0.168137
0.26,0.55,0.169411
0.26,0.56,0.170835
0.26,0.57,0.172415
0.26,0.58,0.17416
0.26,0.59,0.176079
0.26,0.6,0.178181
0.26,0.61,0.180478
0.26,0.62,0.182982
0.26,0.63,0.185706
0.26,0.64,0.188665
0.26,0.65,0.191873
0.26,0.66,0.195348
0.26,0.67,0.199108
0.26,0.68,0.203174
0.26,0.69,0.207567
0.26,0.7,0.212309
0.26,0.71,0.217427
0.26,0.72,0.222947
0.26,0.73,0.228896
0.26,0.74,0.235305
0.26,0.75,0.242205
0.26,0.76,0.249629
0.26,0.77,0.25761
0.26,0.78,0.266184
0.26,0.79,0.275384
0.26,0.8,0.285246
0.26,0.81,0.295803
0.26,0.82,0.307086
0.26,0.83,0.319124
0.26,0.84,0.331941
0.26,0.85,0.345557
0.26,0.86,0.359984
0.26,0.87,0.375226
0.26,0.88,0.391276
0.26,0.89,0.408117
0.26,0.9,0.425718
0.26,0.91,0.444037
0.26,0.92,0.463013
0.26,0.93,0.482575
0.26,0.94,0.502636
0.26,0.95,0.523094
0.26,0.96,0.54384
0.26,0.97,0.564753
0.26,0.98,0.585707
0.26,0.99,0.606573
0.26,1,0.627224
0.26,1.01,0.647537
0.26,1.02,0.667395
0.26,1.03,0.686695
0.26,1.04,0.705345
0.26,1.05,0.723267
0.26,1.06,0.740401
0.26,1.07,0.7567
0.26,1.08,0.772134
0.26,1.09,0.786689
0.27,-0.1,0.379412
0.27,-0.09,0.370452
0.27,-0.08,0.361624
0.27,-0.07,0.352942
0.27,-0.06,0.34442
0.27,-0.05,0.336071
0.27,-0.04,0.327908
0.27,-0.03,0.319939
0.27,-0.02,0.312175
0.27,-0.01,0.304622
0.27,-1.04083e-17,0.297287
0.27,0.01,0.290175
0.27,0.02,0.28329
0.27,0.03,0.276634
0.27,0.04,0.270208
0.27,0.05,0.264014
0.27,0.06,0.258049
0.27,0.07,0.252314
0.27,0.08,0.246805
0.27,0.09,0.24152
0.27,0.1,0.236455
0.27,0.11,0.231607
0.27,0.12,0.226971
0.27,0.13,0.222542
0.27,0.14,0.218315
0.27,0.15,0.214286
0.27,0.16,0.210449
0.27,0.17,0.206798
0.27,0.18,0.203329
0.27,0.19,0.200035
0.27,0.2,0.196911
0.27,0.21,0.193953
0.27,0.22,0.191154
0.27,0.23,0.18851
0.27,0.24,0.186016
0.27,0.25,0.183668
0.27,0.26,0.18146
0.27,0.27,0.179389
0.27,0.28,0.17745
0.27,0.29,0.17564
0.27,0.3,0.173956
0.27,0.31,0.172393
0.27,0.32,0.170949
0.27,0.33,0.16962
0.27,0.34,0.168406
0.27,0.35,0.167302
0.27,0.36,0.166308
0.27,0.37,0.165422
0.27,0.38,0.164641
0.27,0.39,0.163966
0.27,0.4,0.163394
0.27,0.41,0.162926
0.27,0.42,0.162562
0.27,0.43,0.162301
0.27,0.44,0.162144
0.27,0.45,0.162092
0.27,0.46,0.162146
0.27,0.47,0.162307
0.27,0.48,0.162577
0.27,0.49,0.162959
0.27,0.5,0.163455
0.27,0.51,0.164068
0.27,0.52,0.164803
0.27,0.53,0.165662
0.27,0.54,0.166652
0.27,0.55,0.167778
0.27,0.56,0.169045
0.27,0.57,0.170459
0.27,0.58,0.17203
0.27,0.59,0.173763
0.27,0.6,0.17567
0.27,0.61,0.177759
0.27,0.62,0.180041
0.27,0.63,0.182528
0.27,0.64,0.185234
0.27,0.65,0.188172
0.27,0.66,0.191359
0.27,0.67,0.194811
0.27,0.68,0.198545
0.27,0.69,0.202583
0.27,0.7,0.206946
0.27,0.71,0.211656
0.27,0.72,0.216739
0.27,0.73,0.22222
0.27,0.74,0.228128
0.27,0.75,0.234492
0.27,0.76,0.241345
0.27,0.77,0.248718
0.27,0.78,0.256645
0.27,0.79,0.26516
0.27,0.8,0.274299
0.27,0.81,0.284096
0.27,0.82,0.294584
0.27,0.83,0.305796
0.27,0.84,0.31776
0.27,0.85,0.330501
0.27,0.86,0.34404
0.27,0.87,0.358388
0.27,0.88,0.373551
0.27,0.89,0.389524
0.27,0.9,0.40629
0.27,0.91,0.42382
0.27,0.92,0.442073
0.27,0.93,0.46099
0.27,0.94,0.4805
0.27,0.95,0.500519
0.27,0.96,0.520946
0.27,0.97,0.541673
0.27,0.98,0.562578
0.27,0.99,0.583537
0.27,1,0.604422
0.27,1.01,0.625104
0.27,1.02,0.645459
0.27,1.03,0.665372
0.27,1.04,0.684736
0.27,1.05,0.703457
0.27,1.06,0.721459
0.27,1.07,0.738677
0.27,1.08,0.755064
0.27,1.09,0.770589
0.28,-0.1,0.387262
0.28,-0.09,0.3782
0.28,-0.08,0.369254
0.28,-0.07,0.360441
0.28,-0.06,0.351776
0.28,-0.05,0.343273
0.28,-0.04,0.334944
0.28,-0.03,0.326802
0.28,-0.02,0.318857
0.28,-0.01,0.311116
0.28,-1.04083e-17,0.303589
0.28,0.01,0.296279
0.28,0.02,0.289194
0.28,0.03,0.282335
0.28,0.04,0.275706
0.28,0.05,0.269307
0.28,0.06,0.263139
0.28,0.07,0.257201
0.28,0.08,0.251492
0.28,0.09,0.246009
0.28,0.1,0.24075
0.28,0.11,0.235711
0.28,0.12,0.230887
0.28,0.13,0.226275
0.28,0.14,0.221869
0.28,0.15,0.217665
0.28,0.16,0.213658
0.28,0.17,0.209842
0.28,0.18,0.206211
0.28,0.19,0.202761
0.28,0.2,0.199486
0.28,0.21,0.19638
0.28,0.22,0.193438
0.28,0.23,0.190656
0.28,0.24,0.188027
0.28,0.25,0.185548
0.28,0.26,0.183213
0.28,0.27,0.181019
0.28,0.28,0.17896
0.28,0.29,0.177033
0.28,0.3,0.175234
0.28,0.31,0.173559
0.28,0.32,0.172005
0.28,0.33,0.17057
0.28,0.34,0.16925
0.28,0.35,0.168043
0.28,0.36,0.166946
0.28,0.37,0.165958
0.28,0.38,0.165077
0.28,0.39,0.164301
0.28,0.4,0.16363
0.28,0.41,0.163062
0.28,0.42,0.162598
0.28,0.43,0.162236
0.28,0.44,0.161977
0.28,0.45,0.161821
0.28,0.46,0.161769
0.28,0.47,0.161823
0.28,0.48,0.161983
0.28,0.49,0.162252
0.28,0.5,0.162631
0.28,0.51,0.163124
0.28,0.52,0.163734
0.28,0.53,0.164464
0.28,0.54,0.165319
0.28,0.55,0.166303
0.28,0.56,0.167421
0.28,0.57,0.16868
0.28,0.58,0.170086
0.28,0.59,0.171646
0.28,0.6,0.173369
0.28,0.61,0.175263
0.28,0.62,0.177339
0.28,0.63,0.179606
0.28,0.64,0.182077
0.28,0.65,0.184765
0.28,0.66,0.187684
0.28,0.67,0.190849
0.28,0.68,0.194277
0.28,0.69,0.197986
0.28,0.7,0.201997
0.28,0.71,0.206329
0.28,0.72,0.211007
0.28,0.73,0.216054
0.28,0.74,0.221498
0.28,0.75,0.227365
0.28,0.76,0.233685
0.28,0.77,0.24049
0.28,0.78,0.247812
0.28,0.79,0.255685
0.28,0.8,0.264143
0.28,0.81,0.273221
0.28,0.82,0.282953
0.28,0.83,0.293373
0.28,0.84,0.304514
0.28,0.85,0.316404
0.28,0.86,0.329069
0.28,0.87,0.34253
0.28,0.88,0.3568
0.28,0.89,0.371885
0.28,0.9,0.38778
0.28,0.91,0.404471
0.28,0.92,0.42193
0.28,0.93,0.440115
0.28,0.94,0.458972
0.28,0.95,0.478431
0.28,0.96,0.498406
0.28,0.97,0.518801
0.28,0.98,0.539506
0.28,0.99,0.560403
0.28,1,0.581367
0.28,1.01,0.602268
0.28,1.02,0.62298
0.28,1.03,0.643377
0.28,1.04,0.663343
0.28,1.05,0.682769
0.28,1.06,0.701562
0.28,1.07,0.719642
0.28,1.08,0.736944
0.28,1.09,0.75342
0.29,-0.1,0.395193
0.29,-0.09,0.386041
0.29,-0.08,0.37699
0.29,-0.07,0.368057
0.29,-0.06,0.35926
0.29,-0.05,0.350612
0.29,-0.04,0.342128
0.29,-0.03,0.33382
0.29,-0.02,0.3257
0.29,-0.01,0.317778
0.29,-1.04083e-17,0.310062
0.29,0.01,0.302559
0.29,0.02,0.295276
0.29,0.03,0.288216
0.29,0.04,0.281384
0.29,0.05,0.274782
0.29,0.06,0.26841
0.29,0.07,0.262269
0.29,0.08,0.256358
0.29,0.09,0.250675
0.29,0.1,0.245218
0.29,0.11,0.239985
0.29,0.12,0.23497
0.29,0.13,0.230171
0.29,0.14,0.225583
0.29,0.15,0.2212
0.29,0.16,0.217019
0.29,0.17,0.213033
0.29,0.18,0.209238
0.29,0.19,0.205627
0.29,0.2,0.202197
0.29,0.21,0.19894
0.29,0.22,0.195852
0.29,0.23,0.192927
0.29,0.24,0.19016
0.29,0.25,0.187547
0.29,0.26,0.185082
0.29,0.27,0.182761
0.29,0.28,0.18058
0.29,0.29,0.178533
0.29,0.3,0.176618
0.29,0.31,0.174829
0.29,0.32,0.173165
0.29,0.33,0.171621
0.29,0.34,0.170194
0.29,0.35,0.168882
0.29,0.36,0.167682
0.29,0.37,0.166592
0.29,0.38,0.16561
0.29,0.39,0.164735
0.29,0.4,0.163964
0.29,0.41,0.163297
0.29,0.42,0.162733
0.29,0.43,0.162271
0.29,0.44,0.161911
0.29,0.45,0.161654
0.29,0.46,0.1615
0.29,0.47,0.161448
0.29,0.48,0.161502
0.29,0.49,0.161661
0.29,0.5,0.161928
0.29,0.51,0.162306
0.29,0.52,0.162796
0.29,0.53,0.163402
0.29,0.54,0.164128
0.29,0.55,0.164978
0.29,0.56,0.165956
0.29,0.57,0.167067
0.29,0.58,0.168318
0.29,0.59,0.169715
0.29,0.6,0.171266
0.29,0.61,0.172978
0.29,0.62,0.174859
0.29,0.63,0.176921
0.29,0.64,0.179174
0.29,0.65,0.181629
0.29,0.66,0.184299
0.29,0.67,0.187198
0.29,0.68,0.190342
0.29,0.69,0.193747
0.29,0.7,0.197431
0.29,0.71,0.201414
0.29,0.72,0.205717
0.29,0.73,0.210363
0.29,0.74,0.215375
0.29,0.75,0.220781
0.29,0.76,0.226607
0.29,0.77,0.232884
0.29,0.78,0.239642
0.29,0.79,0.246913
0.29,0.8,0.254732
0.29,0.81,0.263133
0.29,0.82,0.272149
0.29,0.83,0.281817
0.29,0.84,0.29217
0.29,0.85,0.30324
0.29,0.86,0.315056
0.29,0.87,0.327646
0.29,0.88,0.341029
0.29,0.89,0.355221
0.29,0.9,0.370227
0.29,0.91,0.386044
0.29,0.92,0.40266
0.29,0.93,0.420046
0.29,0.94,0.438165
0.29,0.95,0.456961
0.29,0.96,0.476366
0.29,0.97,0.496298
0.29,0.98,0.516659
0.29,0.99,0.537342
0.29,1,0.558229
0.29,1.01,0.579195
0.29,1.02,0.600112
0.29,1.03,0.620852
0.29,1.04,0.64129
0.29,1.05,0.661307
0.29,1.06,0.680796
0.29,1.07,0.69966
0.29,1.08,0.717818
0.29,1.09,0.735203
0.3,-0.1,0.403193
0.3,-0.09,0.393964
0.3,-0.08,0.384821
0.3,-0.07,0.375782
0.3,-0.06,0.366863
0.3,-0.05,0.358081
0.3,-0.04,0.349451
0.3,-0.03,0.340986
0.3,-0.02,0.332699
0.3,-0.01,0.324602
0.3,-1.04083e-17,0.316703
0.3,0.01,0.309011
0.3,0.02,0.301533
0.3,0.03,0.294276
0.3,0.04,0.287242
0.3,0.05,0.280437
0.3,0.06,0.273861
0.3,0.07,0.267517
0.3,0.08,0.261402
0.3,0.09,0.255518
0.3,0.1,0.249862
0.3,0.11,0.244431
0.3,0.12,0.239223
0.3,0.13,0.234234
0.3,0.14,0.229459
0.3,0.15,0.224894
0.3,0.16,0.220535
0.3,0.17,0.216376
0.3,0.18,0.212412
0.3,0.19,0.208637
0.3,0.2,0.205047
0.3,0.21,0.201635
0.3,0.22,0.198397
0.3,0.23,0.195326
0.3,0.24,0.192419
0.3,0.25,0.189668
0.3,0.26,0.18707
0.3,0.27,0.18462
0.3,0.28,0.182312
0.3,0.29,0.180144
0.3,0.3,0.178109
0.3,0.31,0.176205
0.3,0.32,0.174427
0.3,0.33,0.172773
0.3,0.34,0.171238
0.3,0.35,0.16982
0.3,0.36,0.168516
0.3,0.37,0.167324
0.3,0.38,0.16624
0.3,0.39,0.165265
0.3,0.4,0.164394
0.3,0.41,0.163628
0.3,0.42,0.162966
0.3,0.43,0.162405
0.3,0.44,0.161946
0.3,0.45,0.161589
0.3,0.46,0.161334
0.3,0.47,0.16118
0.3,0.48,0.16113
0.3,0.49,0.161183
0.3,0.5,0.161342
0.3,0.51,0.161607
0.3,0.52,0.161983
0.3,0.53,0.16247
0.3,0.54,0.163073
0.3,0.55,0.163794
0.3,0.56,0.164639
0.3,0.57,0.165611
0.3,0.58,0.166715
0.3,0.59,0.167959
0.3,0.6,0.169347
0.3,0.61,0.170888
0.3,0.62,0.172588
0.3,0.63,0.174458
0.3,0.64,0.176507
0.3,0.65,0.178745
0.3,0.66,0.181183
0.3,0.67,0.183836
0.3,0.68,0.186716
0.3,0.69,0.189839
0.3,0.7,0.193221
0.3,0.71,0.19688
0.3,0.72,0.200836
0.3,0.73,0.205109
0.3,0.74,0.209723
0.3,0.75,0.2147
0.3,0.76,0.220068
0.3,0.77,0.225854
0.3,0.78,0.232088
0.3,0.79,0.238799
0.3,0.8,0.24602
0.3,0.81,0.253786
0.3,0.82,0.262129
0.3,0.83,0.271085
0.3,0.84,0.280689
0.3,0.85,0.290974
0.3,0.86,0.301974
0.3,0.87,0.313717
0.3,0.88,0.326231
0.3,0.89,0.339537
0.3,0.9,0.353649
0.3,0.91,0.368577
0.3,0.92,0.384317
0.3,0.93,0.400856
0.3,0.94,0.41817
0.3,0.95,0.436221
0.3,0.96,0.454956
0.3,0.97,0.474307
0.3,0.98,0.494193
0.3,0.99,0.514519
0.3,1,0.535179
0.3,1.01,0.556055
0.3,1.02,0.577023
0.3,1.03,0.597954
0.3,1.04,0.618722
0.3,1.05,0.639199
0.3,1.06,0.659266
0.3,1.07,0.678816
0.3,1.08,0.69775
0.3,1.09,0.715985
0.31,-0.1,0.411249
0.31,-0.09,0.401958
0.31,-0.08,0.392736
0.31,-0.07,0.383603
0.31,-0.06,0.374575
0.31,-0.05,0.365671
0.31,-0.04,0.356905
0.31,-0.03,0.348293
0.31,-0.02,0.339848
0.31,-0.01,0.331582
0.31,-1.04083e-17,0.323506
0.31,0.01,0.315631
0.31,0.02,0.307963
0.31,0.03,0.300511
0.31,0.04,0.293279
0.31,0.05,0.286273
0.31,0.06,0.279494
0.31,0.07,0.272945
0.31,0.08,0.266627
0.31,0.09,0.26054
0.31,0.1,0.254683
0.31,0.11,0.249053
0.31,0.12,0.243648
0.31,0.13,0.238465
0.31,0.14,0.233501
0.31,0.15,0.228751
0.31,0.16,0.22421
0.31,0.17,0.219874
0.31,0.18,0.215737
0.31,0.19,0.211794
0.31,0.2,0.20804
0.31,0.21,0.20447
0.31,0.22,0.201078
0.31,0.23,0.197858
0.31,0.24,0.194805
0.31,0.25,0.191913
0.31,0.26,0.189179
0.31,0.27,0.186596
0.31,0.28,0.18416
0.31,0.29,0.181866
0.31,0.3,0.17971
0.31,0.31,0.177688
0.31,0.32,0.175795
0.31,0.33,0.174028
0.31,0.34,0.172384
0.31,0.35,0.170858
0.31,0.36,0.169449
0.31,0.37,0.168153
0.31,0.38,0.166967
0.31,0.39,0.165891
0.31,0.4,0.164921
0.31,0.41,0.164056
0.31,0.42,0.163295
0.31,0.43,0.162636
0.31,0.44,0.16208
0.31,0.45,0.161624
0.31,0.46,0.161269
0.31,0.47,0.161015
0.31,0.48,0.160863
0.31,0.49,0.160813
0.31,0.5,0.160866
0.31,0.51,0.161024
0.31,0.52,0.161288
0.31,0.53,0.161662
0.31,0.54,0.162146
0.31,0.55,0.162745
0.31,0.56,0.163462
0.31,0.57,0.164302
0.31,0.58,0.165268
0.31,0.59,0.166366
0.31,0.6,0.167601
0.31,0.61,0.168981
0.31,0.62,0.170512
0.31,0.63,0.172202
0.31,0.64,0.17406
0.31,0.65,0.176095
0.31,0.66,0.178318
0.31,0.67,0.180741
0.31,0.68,0.183376
0.31,0.69,0.186237
0.31,0.7,0.189339
0.31,0.71,0.192698
0.31,0.72,0.196332
0.31,0.73,0.200261
0.31,0.74,0.204505
0.31,0.75,0.209087
0.31,0.76,0.21403
0.31,0.77,0.219361
0.31,0.78,0.225107
0.31,0.79,0.231297
0.31,0.8,0.237962
0.31,0.81,0.245134
0.31,0.82,0.252846
0.31,0.83,0.261132
0.31,0.84,0.270028
0.31,0.85,0.279568
0.31,0.86,0.289786
0.31,0.87,0.300715
0.31,0.88,0.312386
0.31,0.89,0.324824
0.31,0.9,0.338052
0.31,0.91,0.352087
0.31,0.92,0.366935
0.31,0.93,0.382597
0.31,0.94,0.399061
0.31,0.95,0.416302
0.31,0.96,0.434284
0.31,0.97,0.452956
0.31,0.98,0.472253
0.31,0.99,0.492093
0.31,1,0.512383
0.31,1.01,0.533018
0.31,1.02,0.553882
0.31,1.03,0.574849
0.31,1.04,0.595794
0.31,1.05,0.616587
0.31,1.06,0.637102
0.31,1.07,0.65722
0.31,1.08,0.676829
0.31,1.09,0.695832
0.32,-0.1,0.419348
0.32,-0.09,0.410009
0.32,-0.08,0.400723
0.32,-0.07,0.39151
0.32,-0.06,0.382386
0.32,-0.05,0.373371
0.32,-0.04,0.364481
0.32,-0.03,0.355732
0.32,-0.02,0.347138
0.32,-0.01,0.338712
0.32,-1.04083e-17,0.330467
0.32,0.01,0.322414
0.32,0.02,0.314562
0.32,0.03,0.30692
0.32,0.04,0.299493
0.32,0.05,0.292287
0.32,0.06,0.285307
0.32,0.07,0.278555
0.32,0.08,0.272033
0.32,0.09,0.265742
0.32,0.1,0.259682
0.32,0.11,0.253851
0.32,0.12,0.248248
0.32,0.13,0.242869
0.32,0.14,0.237712
0.32,0.15,0.232772
0.32,0.16,0.228046
0.32,0.17,0.223529
0.32,0.18,0.219216
0.32,0.19,0.215101
0.32,0.2,0.21118
0.32,0.21,0.207447
0.32,0.22,0.203897
0.32,0.23,0.200523
0.32,0.24,0.197321
0.32,0.25,0.194286
0.32,0.26,0.191411
0.32,0.27,0.188693
0.32,0.28,0.186125
0.32,0.29,0.183703
0.32,0.3,0.181423
0.32,0.31,0.17928
0.32,0.32,0.177269
0.32,0.33,0.175388
0.32,0.34,0.173631
0.32,0.35,0.171997
0.32,0.36,0.17048
0.32,0.37,0.16908
0.32,0.38,0.167791
0.32,0.39,0.166614
0.32,0.4,0.165544
0.32,0.41,0.16458
0.32,0.42,0.16372
0.32,0.43,0.162964
0.32,0.44,0.162309
0.32,0.45,0.161756
0.32,0.46,0.161303
0.32,0.47,0.160951
0.32,0.48,0.160699
0.32,0.49,0.160548
0.32,0.5,0.160498
0.32,0.51,0.160551
0.32,0.52,0.160708
0.32,0.53,0.160971
0.32,0.54,0.161342
0.32,0.55,0.161824
0.32,0.56,0.16242
0.32,0.57,0.163133
0.32,0.58,0.163967
0.32,0.59,0.164927
0.32,0.6,0.166018
0.32,0.61,0.167246
0.32,0.62,0.168617
0.32,0.63,0.170139
0.32,0.64,0.171818
0.32,0.65,0.173664
0.32,0.66,0.175686
0.32,0.67,0.177895
0.32,0.68,0.180302
0.32,0.69,0.182919
0.32,0.7,0.185761
0.32,0.71,0.188842
0.32,0.72,0.192179
0.32,0.73,0.195788
0.32,0.74,0.19969
0.32,0.75,0.203905
0.32,0.76,0.208455
0.32,0.77,0.213365
0.32,0.78,0.218659
0.32,0.79,0.224365
0.32,0.8,0.230512
0.32,0.81,0.23713
0.32,0.82,0.244253
0.32,0.83,0.251912
0.32,0.84,0.260142
0.32,0.85,0.268978
0.32,0.86,0.278454
0.32,0.87,0.288606
0.32,0.88,0.299465
0.32,0.89,0.311062
0.32,0.9,0.323425
0.32,0.91,0.336577
0.32,0.92,0.350533
0.32,0.93,0.365302
0.32,0.94,0.380886
0.32,0.95,0.397273
0.32,0.96,0.414441
0.32,0.97,0.432354
0.32,0.98,0.450963
0.32,0.99,0.470204
0.32,1,0.489997
0.32,1.01,0.51025
0.32,1.02,0.53086
0.32,1.03,0.551709
0.32,1.04,0.572676
0.32,1.05,0.593632
0.32,1.06,0.61445
0.32,1.07,0.635002
0.32,1.08,0.655168
0.32,1.09,0.674836
0.33,-0.1,0.427477
0.33,-0.09,0.418106
0.33,-0.08,0.40877
0.33,-0.07,0.39949
0.33,-0.06,0.390285
0.33,-0.05,0.381172
0.33,-0.04,0.372169
0.33,-0.03,0.363294
0.33,-0.02,0.354561
0.33,-0.01,0.345985
0.33,-1.04083e-17,0.337579
0.33,0.01,0.329356
0.33,0.02,0.321326
0.33,0.03,0.313498
0.33,0.04,0.30588
0.33,0.05,0.298478
0.33,0.06,0.291299
0.33,0.07,0.284345
0.33,0.08,0.27762
0.33,0.09,0.271126
0.33,0.1,0.264862
0.33,0.11,0.258828
0.33,0.12,0.253024
0.33,0.13,0.247447
0.33,0.14,0.242094
0.33,0.15,0.236962
0.33,0.16,0.232048
0.33,0.17,0.227346
0.33,0.18,0.222852
0.33,0.19,0.218562
0.33,0.2,0.214469
0.33,0.21,0.21057
0.33,0.22,0.206857
0.33,0.23,0.203326
0.33,0.24,0.199972
0.33,0.25,0.196788
0.33,0.26,0.19377
0.33,0.27,0.190912
0.33,0.28,0.188209
0.33,0.29,0.185656
0.33,0.3,0.183249
0.33,0.31,0.180982
0.33,0.32,0.178852
0.33,0.33,0.176853
0.33,0.34,0.174983
0.33,0.35,0.173237
0.33,0.36,0.171612
0.33,0.37,0.170105
0.33,0.38,0.168713
0.33,0.39,0.167433
0.33,0.4,0.166262
0.33,0.41,0.165198
0.33,0.42,0.164241
0.33,0.43,0.163386
0.33,0.44,0.162635
0.33,0.45,0.161984
0.33,0.46,0.161435
0.33,0.47,0.160985
0.33,0.48,0.160635
0.33,0.49,0.160384
0.33,0.5,0.160234
0.33,0.51,0.160185
0.33,0.52,0.160238
0.33,0.53,0.160395
0.33,0.54,0.160656
0.33,0.55,0.161025
0.33,0.56,0.161504
0.33,0.57,0.162096
0.33,0.58,0.162805
0.33,0.59,0.163634
0.33,0.6,0.164589
0.33,0.61,0.165673
0.33,0.62,0.166893
0.33,0.63,0.168256
0.33,0.64,0.169768
0.33,0.65,0.171436
0.33,0.66,0.17327
0.33,0.67,0.175279
0.33,0.68,0.177474
0.33,0.69,0.179865
0.33,0.7,0.182465
0.33,0.71,0.185288
0.33,0.72,0.188349
0.33,0.73,0.191663
0.33,0.74,0.195248
0.33,0.75,0.199123
0.33,0.76,0.203309
0.33,0.77,0.207828
0.33,0.78,0.212703
0.33,0.79,0.217961
0.33,0.8,0.223627
0.33,0.81,0.229732
0.33,0.82,0.236305
0.33,0.83,0.243378
0.33,0.84,0.250984
0.33,0.85,0.259158
0.33,0.86,0.267935
0.33,0.87,0.277348
0.33,0.88,0.287433
0.33,0.89,0.298222
0.33,0.9,0.309747
0.33,0.91,0.322035
0.33,0.92,0.335109
0.33,0.93,0.348987
0.33,0.94,0.363678
0.33,0.95,0.379183
0.33,0.96,0.395493
0.33,0.97,0.412588
0.33,0.98,0.430431
0.33,0.99,0.448977
0.33,1,0.46816
0.33,1.01,0.487906
0.33,1.02,0.508121
0.33,1.03,0.528703
0.33,1.04,0.549537
0.33,1.05,0.570502
0.33,1.06,0.591469
0.33,1.07,0.61231
0.33,1.08,0.632897
0.33,1.09,0.653111
0.34,-0.1,0.435624
0.34,-0.09,0.426235
0.34,-0.08,0.416864
0.34,-0.07,0.407532
0.34,-0.06,0.398258
0.34,-0.05,0.389061
0.34,-0.04,0.379959
0.34,-0.03,0.370969
0.34,-0.02,0.362109
0.34,-0.01,0.353393
0.34,-1.04083e-17,0.344835
0.34,0.01,0.33645
0.34,0.02,0.328248
0.34,0.03,0.320241
0.34,0.04,0.312437
0.34,0.05,0.304844
0.34,0.06,0.297468
0.34,0.07,0.290315
0.34,0.08,0.283388
0.34,0.09,0.276689
0.34,0.1,0.270222
0.34,0.11,0.263985
0.34,0.12,0.257978
0.34,0.13,0.252201
0.34,0.14,0.24665
0.34,0.15,0.241323
0.34,0.16,0.236216
0.34,0.17,0.231327
0.34,0.18,0.226649
0.34,0.19,0.222179
0.34,0.2,0.217911
0.34,0.21,0.213841
0.34,0.22,0.209963
0.34,0.23,0.206271
0.34,0.24,0.20276
0.34,0.25,0.199424
0.34,0.26,0.196258
0.34,0.27,0.193258
0.34,0.28,0.190416
0.34,0.29,0.187729
0.34,0.3,0.185191
0.34,0.31,0.182798
0.34,0.32,0.180544
0.34,0.33,0.178426
0.34,0.34,0.17644
0.34,0.35,0.174581
0.34,0.36,0.172845
0.34,0.37,0.17123
0.34,0.38,0.169732
0.34,0.39,0.168348
0.34,0.4,0.167076
0.34,0.41,0.165912
0.34,0.42,0.164856
0.34,0.43,0.163904
0.34,0.44,0.163055
0.34,0.45,0.162308
0.34,0.46,0.161662
0.34,0.47,0.161115
0.34,0.48,0.160668
0.34,0.49,0.16032
0.34,0.5,0.160072
0.34,0.51,0.159923
0.34,0.52,0.159874
0.34,0.53,0.159927
0.34,0.54,0.160083
0.34,0.55,0.160343
0.34,0.56,0.16071
0.34,0.57,0.161186
0.34,0.58,0.161775
0.34,0.59,0.16248
0.34,0.6,0.163304
0.34,0.61,0.164252
0.34,0.62,0.16533
0.34,0.63,0.166543
0.34,0.64,0.167897
0.34,0.65,0.169399
0.34,0.66,0.171057
0.34,0.67,0.172879
0.34,0.68,0.174876
0.34,0.69,0.177056
0.34,0.7,0.179431
0.34,0.71,0.182014
0.34,0.72,0.184819
0.34,0.73,0.187859
0.34,0.74,0.19115
0.34,0.75,0.194711
0.34,0.76,0.19856
0.34,0.77,0.202718
0.34,0.78,0.207205
0.34,0.79,0.212047
0.34,0.8,0.217268
0.34,0.81,0.222895
0.34,0.82,0.228957
0.34,0.83,0.235485
0.34,0.84,0.242509
0.34,0.85,0.250063
0.34,0.86,0.258181
0.34,0.87,0.266898
0.34,0.88,0.276249
0.34,0.89,0.286268
0.34,0.9,0.296988
0.34,0.91,0.30844
0.34,0.92,0.320653
0.34,0.93,0.33365
0.34,0.94,0.347449
0.34,0.95,0.362061
0.34,0.96,0.377488
0.34,0.97,0.393722
0.34,0.98,0.410742
0.34,0.99,0.428515
0.34,1,0.446996
0.34,1.01,0.466123
0.34,1.02,0.485819
0.34,1.03,0.505995
0.34,1.04,0.526549
0.34,1.05,0.547367
0.34,1.06,0.568327
0.34,1.07,0.589303
0.34,1.08,0.610166
0.34,1.09,0.630788
0.35,-0.1,0.443775
0.35,-0.09,0.434383
0.35,-0.08,0.424992
0.35,-0.07,0.415623
0.35,-0.06,0.406295
0.35,-0.05,0.397028
0.35,-0.04,0.387839
0.35,-0.03,0.378748
0.35,-0.02,0.369772
0.35,-0.01,0.360926
0.35,-1.04083e-17,0.352227
0.35,0.01,0.343689
0.35,0.02,0.335324
0.35,0.03,0.327144
0.35,0.04,0.319159
0.35,0.05,0.311379
0.35,0.06,0.303811
0.35,0.07,0.296461
0.35,0.08,0.289334
0.35,0.09,0.282434
0.35,0.1,0.275763
0.35,0.11,0.269322
0.35,0.12,0.263112
0.35,0.13,0.257132
0.35,0.14,0.251381
0.35,0.15,0.245857
0.35,0.16,0.240556
0.35,0.17,0.235475
0.35,0.18,0.23061
0.35,0.19,0.225956
0.35,0.2,0.22151
0.35,0.21,0.217265
0.35,0.22,0.213216
0.35,0.23,0.209359
0.35,0.24,0.205688
0.35,0.25,0.202196
0.35,0.26,0.198879
0.35,0.27,0.195732
0.35,0.28,0.192748
0.35,0.29,0.189923
0.35,0.3,0.187251
0.35,0.31,0.184728
0.35,0.32,0.182349
0.35,0.33,0.180109
0.35,0.34,0.178004
0.35,0.35,0.176029
0.35,0.36,0.174181
0.35,0.37,0.172456
0.35,0.38,0.170851
0.35,0.39,0.169362
0.35,0.4,0.167986
0.35,0.41,0.166721
0.35,0.42,0.165565
0.35,0.43,0.164515
0.35,0.44,0.163569
0.35,0.45,0.162725
0.35,0.46,0.161983
0.35,0.47,0.161341
0.35,0.48,0.160798
0.35,0.49,0.160354
0.35,0.5,0.160008
0.35,0.51,0.159761
0.35,0.52,0.159614
0.35,0.53,0.159566
0.35,0.54,0.159618
0.35,0.55,0.159773
0.35,0.56,0.160032
0.35,0.57,0.160397
0.35,0.58,0.160871
0.35,0.59,0.161456
0.35,0.6,0.162156
0.35,0.61,0.162975
0.35,0.62,0.163918
0.35,0.63,0.164989
0.35,0.64,0.166195
0.35,0.65,0.16754
0.35,0.66,0.169033
0.35,0.67,0.17068
0.35,0.68,0.172491
0.35,0.69,0.174474
0.35,0.7,0.17664
0.35,0.71,0.179
0.35,0.72,0.181566
0.35,0.73,0.184352
0.35,0.74,0.187372
0.35,0.75,0.190641
0.35,0.76,0.194178
0.35,0.77,0.198001
0.35,0.78,0.20213
0.35,0.79,0.206587
0.35,0.8,0.211395
0.35,0.81,0.21658
0.35,0.82,0.222168
0.35,0.83,0.228188
0.35,0.84,0.23467
0.35,0.85,0.241646
0.35,0.86,0.249148
0.35,0.87,0.257211
0.35,0.88,0.265869
0.35,0.89,0.275157
0.35,0.9,0.28511
0.35,0.91,0.295761
0.35,0.92,0.307141
0.35,0.93,0.319279
0.35,0.94,0.3322
0.35,0.95,0.345921
0.35,0.96,0.360454
0.35,0.97,0.375802
0.35,0.98,0.391958
0.35,0.99,0.408903
0.35,1,0.426607
0.35,1.01,0.445022
0.35,1.02,0.46409
0.35,1.03,0.483737
0.35,1.04,0.503873
0.35,1.05,0.524397
0.35,1.06,0.545197
0.35,1.07,0.566153
0.35,1.08,0.587137
0.35,1.09,0.60802
0.36,-0.1,0.451917
0.36,-0.09,0.442536
0.36,-0.08,0.433141
0.36,-0.07,0.42375
0.36,-0.06,0.414382
0.36,-0.05,0.405059
0.36,-0.04,0.395798
0.36,-0.03,0.386619
0.36,-0.02,0.377539
0.36,-0.01,0.368576
0.36,-1.04083e-17,0.359746
0.36,0.01,0.351064
0.36,0.02,0.342545
0.36,0.03,0.3342
0.36,0.04,0.326043
0.36,0.05,0.318081
0.36,0.06,0.310326
0.36,0.07,0.302783
0.36,0.08,0.295458
0.36,0.09,0.288358
0.36,0.1,0.281484
0.36,0.11,0.27484
0.36,0.12,0.268426
0.36,0.13,0.262243
0.36,0.14,0.256291
0.36,0.15,0.250566
0.36,0.16,0.245068
0.36,0.17,0.239793
0.36,0.18,0.234737
0.36,0.19,0.229897
0.36,0.2,0.225267
0.36,0.21,0.220844
0.36,0.22,0.216622
0.36,0.23,0.212595
0.36,0.24,0.208759
0.36,0.25,0.205108
0.36,0.26,0.201636
0.36,0.27,0.198338
0.36,0.28,0.195208
0.36,0.29,0.192242
0.36,0.3,0.189433
0.36,0.31,0.186777
0.36,0.32,0.184269
0.36,0.33,0.181903
0.36,0.34,0.179676
0.36,0.35,0.177584
0.36,0.36,0.175621
0.36,0.37,0.173784
0.36,0.38,0.172069
0.36,0.39,0.170473
0.36,0.4,0.168994
0.36,0.41,0.167626
0.36,0.42,0.166369
0.36,0.43,0.16522
0.36,0.44,0.164176
0.36,0.45,0.163236
0.36,0.46,0.162398
0.36,0.47,0.16166
0.36,0.48,0.161022
0.36,0.49,0.160482
0.36,0.5,0.160041
0.36,0.51,0.159698
0.36,0.52,0.159453
0.36,0.53,0.159306
0.36,0.54,0.159259
0.36,0.55,0.159311
0.36,0.56,0.159465
0.36,0.57,0.159723
0.36,0.58,0.160086
0.36,0.59,0.160557
0.36,0.6,0.161138
0.36,0.61,0.161835
0.36,0.62,0.162649
0.36,0.63,0.163586
0.36,0.64,0.164651
0.36,0.65,0.165849
0.36,0.66,0.167186
0.36,0.67,0.168669
0.36,0.68,0.170306
0.36,0.69,0.172105
0.36,0.7,0.174076
0.36,0.71,0.176228
0.36,0.72,0.178572
0.36,0.73,0.181121
0.36,0.74,0.183889
0.36,0.75,0.186888
0.36,0.76,0.190136
0.36,0.77,0.193649
0.36,0.78,0.197445
0.36,0.79,0.201546
0.36,0.8,0.205972
0.36,0.81,0.210747
0.36,0.82,0.215896
0.36,0.83,0.221446
0.36,0.84,0.227424
0.36,0.85,0.233861
0.36,0.86,0.240789
0.36,0.87,0.248239
0.36,0.88,0.256247
0.36,0.89,0.264846
0.36,0.9,0.274072
0.36,0.91,0.283959
0.36,0.92,0.294541
0.36,0.93,0.30585
0.36,0.94,0.317914
0.36,0.95,0.330757
0.36,0.96,0.3444
0.36,0.97,0.358854
0.36,0.98,0.374124
0.36,0.99,0.390202
0.36,1,0.407073
0.36,1.01,0.424705
0.36,1.02,0.443055
0.36,1.03,0.462064
0.36,1.04,0.481659
0.36,1.05,0.501754
0.36,1.06,0.522248
0.36,1.07,0.543029
0.36,1.08,0.563978
0.36,1.09,0.584969
0.37,-0.1,0.460037
0.37,-0.09,0.450683
0.37,-0.08,0.441297
0.37,-0.07,0.431899
0.37,-0.06,0.422508
0.37,-0.05,0.413143
0.37,-0.04,0.403824
0.37,-0.03,0.39457
0.37,-0.02,0.3854
0.37,-0.01,0.376332
0.37,-1.04083e-17,0.367382
0.37,0.01,0.358568
0.37,0.02,0.349904
0.37,0.03,0.341404
0.37,0.04,0.33308
0.37,0.05,0.324945
0.37,0.06,0.317007
0.37,0.07,0.309275
0.37,0.08,0.301758
0.37,0.09,0.294459
0.37,0.1,0.287385
0.37,0.11,0.280538
0.37,0.12,0.273921
0.37,0.13,0.267535
0.37,0.14,0.261379
0.37,0.15,0.255453
0.37,0.16,0.249755
0.37,0.17,0.244283
0.37,0.18,0.239034
0.37,0.19,0.234003
0.37,0.2,0.229187
0.37,0.21,0.224582
0.37,0.22,0.220182
0.37,0.23,0.215982
0.37,0.24,0.211978
0.37,0.25,0.208163
0.37,0.26,0.204532
0.37,0.27,0.201079
0.37,0.28,0.1978
0.37,0.29,0.194688
0.37,0.3,0.191739
0.37,0.31,0.188946
0.37,0.32,0.186305
0.37,0.33,0.183812
0.37,0.34,0.18146
0.37,0.35,0.179247
0.37,0.36,0.177166
0.37,0.37,0.175215
0.37,0.38,0.173389
0.37,0.39,0.171685
0.37,0.4,0.170099
0.37,0.41,0.168628
0.37,0.42,0.167269
0.37,0.43,0.166019
0.37,0.44,0.164877
0.37,0.45,0.16384
0.37,0.46,0.162905
0.37,0.47,0.162072
0.37,0.48,0.161339
0.37,0.49,0.160705
0.37,0.5,0.160169
0.37,0.51,0.159731
0.37,0.52,0.15939
0.37,0.53,0.159146
0.37,0.54,0.159001
0.37,0.55,0.158954
0.37,0.56,0.159006
0.37,0.57,0.15916
0.37,0.58,0.159416
0.37,0.59,0.159777
0.37,0.6,0.160245
0.37,0.61,0.160823
0.37,0.62,0.161515
0.37,0.63,0.162325
0.37,0.64,0.163256
0.37,0.65,0.164314
0.37,0.66,0.165505
0.37,0.67,0.166834
0.37,0.68,0.168308
0.37,0.69,0.169934
0.37,0.7,0.171722
0.37,0.71,0.17368
0.37,0.72,0.175818
0.37,0.73,0.178147
0.37,0.74,0.180679
0.37,0.75,0.183428
0.37,0.76,0.186408
0.37,0.77,0.189633
0.37,0.78,0.193123
0.37,0.79,0.196894
0.37,0.8,0.200966
0.37,0.81,0.205362
0.37,0.82,0.210104
0.37,0.83,0.215217
0.37,0.84,0.220728
0.37,0.85,0.226665
0.37,0.86,0.233058
0.37,0.87,0.239937
0.37,0.88,0.247336
0.37,0.89,0.255289
0.37,0.9,0.26383
0.37,0.91,0.272995
0.37,0.92,0.282816
0.37,0.93,0.29333
0.37,0.94,0.304567
0.37,0.95,0.316556
0.37,0.96,0.329323
0.37,0.97,0.342888
0.37,0.98,0.357263
0.37,0.99,0.372454
0.37,1,0.388455
0.37,1.01,0.40525
0.37,1.02,0.422811
0.37,1.03,0.441094
0.37,1.04,0.460043
0.37,1.05,0.479587
0.37,1.06,0.499639
0.37,1.07,0.520101
0.37,1.08,0.540863
0.37,1.09,0.561804
0.38,-0.1,0.468122
0.38,-0.09,0.458809
0.38,-0.08,0.449448
0.38,-0.07,0.440058
0.38,-0.06,0.430657
0.38,-0.05,0.421266
0.38,-0.04,0.411904
0.38,-0.03,0.40259
0.38,-0.02,0.393343
0.38,-0.01,0.384183
0.38,-1.04083e-17,0.375127
0.38,0.01,0.366191
0.38,0.02,0.357393
0.38,0.03,0.348747
0.38,0.04,0.340266
0.38,0.05,0.331963
0.38,0.06,0.32385
0.38,0.07,0.315936
0.38,0.08,0.308229
0.38,0.09,0.300736
0.38,0.1,0.293464
0.38,0.11,0.286417
0.38,0.12,0.279597
0.38,0.13,0.273007
0.38,0.14,0.266647
0.38,0.15,0.260518
0.38,0.16,0.254619
0.38,0.17,0.248948
0.38,0.18,0.243502
0.38,0.19,0.238278
0.38,0.2,0.233273
0.38,0.21,0.228482
0.38,0.22,0.223901
0.38,0.23,0.219524
0.38,0.24,0.215347
0.38,0.25,0.211364
0.38,0.26,0.20757
0.38,0.27,0.203959
0.38,0.28,0.200526
0.38,0.29,0.197265
0.38,0.3,0.194171
0.38,0.31,0.191238
0.38,0.32,0.188462
0.38,0.33,0.185837
0.38,0.34,0.183358
0.38,0.35,0.18102
0.38,0.36,0.178819
0.38,0.37,0.176751
0.38,0.38,0.174812
0.38,0.39,0.172997
0.38,0.4,0.171303
0.38,0.41,0.169726
0.38,0.42,0.168264
0.38,0.43,0.166913
0.38,0.44,0.165672
0.38,0.45,0.164536
0.38,0.46,0.163505
0.38,0.47,0.162576
0.38,0.48,0.161749
0.38,0.49,0.16102
0.38,0.5,0.16039
0.38,0.51,0.159858
0.38,0.52,0.159422
0.38,0.53,0.159083
0.38,0.54,0.158842
0.38,0.55,0.158697
0.38,0.56,0.158651
0.38,0.57,0.158703
0.38,0.58,0.158856
0.38,0.59,0.15911
0.38,0.6,0.159469
0.38,0.61,0.159935
0.38,0.62,0.16051
0.38,0.63,0.161198
0.38,0.64,0.162002
0.38,0.65,0.162928
0.38,0.66,0.16398
0.38,0.67,0.165163
0.38,0.68,0.166484
0.38,0.69,0.167948
0.38,0.7,0.169565
0.38,0.71,0.171341
0.38,0.72,0.173286
0.38,0.73,0.175411
0.38,0.74,0.177725
0.38,0.75,0.18024
0.38,0.76,0.182971
0.38,0.77,0.18593
0.38,0.78,0.189135
0.38,0.79,0.1926
0.38,0.8,0.196345
0.38,0.81,0.20039
0.38,0.82,0.204756
0.38,0.83,0.209465
0.38,0.84,0.214543
0.38,0.85,0.220016
0.38,0.86,0.225911
0.38,0.87,0.23226
0.38,0.88,0.239092
0.38,0.89,0.24644
0.38,0.9,0.254338
0.38,0.91,0.262821
0.38,0.92,0.271924
0.38,0.93,0.281681
0.38,0.94,0.292126
0.38,0.95,0.303292
0.38,0.96,0.315207
0.38,0.97,0.327898
0.38,0.98,0.341384
0.38,0.99,0.355681
0.38,1,0.370792
0.38,1.01,0.386716
0.38,1.02,0.403435
0.38,1.03,0.420924
0.38,1.04,0.43914
0.38,1.05,0.458029
0.38,1.06,0.47752
0.38,1.07,0.497528
0.38,1.08,0.517957
0.38,1.09,0.538698
0.39,-0.1,0.476159
0.39,-0.09,0.466903
0.39,-0.08,0.457581
0.39,-0.07,0.448213
0.39,-0.06,0.438818
0.39,-0.05,0.429416
0.39,-0.04,0.420025
0.39,-0.03,0.410665
0.39,-0.02,0.401356
0.39,-0.01,0.392118
0.39,-1.04083e-17,0.382967
0.39,0.01,0.373923
0.39,0.02,0.365002
0.39,0.03,0.35622
0.39,0.04,0.347592
0.39,0.05,0.339131
0.39,0.06,0.33085
0.39,0.07,0.322759
0.39,0.08,0.314868
0.39,0.09,0.307186
0.39,0.1,0.299719
0.39,0.11,0.292473
0.39,0.12,0.285452
0.39,0.13,0.278659
0.39,0.14,0.272096
0.39,0.15,0.265764
0.39,0.16,0.259662
0.39,0.17,0.25379
0.39,0.18,0.248145
0.39,0.19,0.242725
0.39,0.2,0.237527
0.39,0.21,0.232547
0.39,0.22,0.22778
0.39,0.23,0.223223
0.39,0.24,0.218869
0.39,0.25,0.214715
0.39,0.26,0.210753
0.39,0.27,0.20698
0.39,0.28,0.203389
0.39,0.29,0.199976
0.39,0.3,0.196733
0.39,0.31,0.193657
0.39,0.32,0.190741
0.39,0.33,0.187981
0.39,0.34,0.185371
0.39,0.35,0.182906
0.39,0.36,0.180583
0.39,0.37,0.178395
0.39,0.38,0.176339
0.39,0.39,0.174411
0.39,0.4,0.172607
0.39,0.41,0.170923
0.39,0.42,0.169356
0.39,0.43,0.167903
0.39,0.44,0.16656
0.39,0.45,0.165326
0.39,0.46,0.164198
0.39,0.47,0.163173
0.39,0.48,0.16225
0.39,0.49,0.161427
0.39,0.5,0.160703
0.39,0.51,0.160077
0.39,0.52,0.159548
0.39,0.53,0.159115
0.39,0.54,0.158779
0.39,0.55,0.158539
0.39,0.56,0.158395
0.39,0.57,0.158349
0.39,0.58,0.158402
0.39,0.59,0.158554
0.39,0.6,0.158807
0.39,0.61,0.159164
0.39,0.62,0.159627
0.39,0.63,0.160198
0.39,0.64,0.160882
0.39,0.65,0.161682
0.39,0.66,0.162602
0.39,0.67,0.163648
0.39,0.68,0.164823
0.39,0.69,0.166136
0.39,0.7,0.167591
0.39,0.71,0.169198
0.39,0.72,0.170963
0.39,0.73,0.172896
0.39,0.74,0.175006
0.39,0.75,0.177305
0.39,0.76,0.179804
0.39,0.77,0.182517
0.39,0.78,0.185456
0.39,0.79,0.188639
0.39,0.8,0.192081
0.39,0.81,0.195801
0.39,0.82,0.199818
0.39,0.83,0.204154
0.39,0.84,0.208831
0.39,0.85,0.213873
0.39,0.86,0.219308
0.39,0.87,0.225163
0.39,0.88,0.231467
0.39,0.89,0.238252
0.39,0.9,0.245549
0.39,0.91,0.253394
0.39,0.92,0.261819
0.39,0.93,0.270861
0.39,0.94,0.280553
0.39,0.95,0.29093
0.39,0.96,0.302024
0.39,0.97,0.313866
0.39,0.98,0.32648
0.39,0.99,0.339889
0.39,1,0.354106
0.39,1.01,0.369139
0.39,1.02,0.384984
0.39,1.03,0.401628
0.39,1.04,0.419044
0.39,1.05,0.437193
0.39,1.06,0.45602
0.39,1.07,0.475457
0.39,1.08,0.495422
0.39,1.09,0.515817
0.4,-0.1,0.484138
0.4,-0.09,0.47495
0.4,-0.08,0.465682
0.4,-0.07,0.456352
0.4,-0.06,0.446978
0.4,-0.05,0.437579
0.4,-0.04,0.428174
0.4,-0.03,0.418784
0.4,-0.02,0.409427
0.4,-0.01,0.400124
0.4,-1.04083e-17,0.390894
0.4,0.01,0.381754
0.4,0.02,0.372722
0.4,0.03,0.363816
0.4,0.04,0.35505
0.4,0.05,0.34644
0.4,0.06,0.337999
0.4,0.07,0.329739
0.4,0.08,0.321671
0.4,0.09,0.313804
0.4,0.1,0.306147
0.4,0.11,0.298706
0.4,0.12,0.291486
0.4,0.13,0.284491
0.4,0.14,0.277725
0.4,0.15,0.271189
0.4,0.16,0.264884
0.4,0.17,0.25881
0.4,0.18,0.252964
0.4,0.19,0.247346
0.4,0.2,0.241952
0.4,0.21,0.23678
0.4,0.22,0.231825
0.4,0.23,0.227083
0.4,0.24,0.222549
0.4,0.25,0.218218
0.4,0.26,0.214086
0.4,0.27,0.210146
0.4,0.28,0.206394
0.4,0.29,0.202823
0.4,0.3,0.199429
0.4,0.31,0.196205
0.4,0.32,0.193146
0.4,0.33,0.190247
0.4,0.34,0.187503
0.4,0.35,0.184908
0.4,0.36,0.182458
0.4,0.37,0.180148
0.4,0.38,0.177973
0.4,0.39,0.175929
0.4,0.4,0.174013
0.4,0.41,0.172219
0.4,0.42,0.170546
0.4,0.43,0.168988
0.4,0.44,0.167544
0.4,0.45,0.166209
0.4,0.46,0.164983
0.4,0.47,0.163861
0.4,0.48,0.162843
0.4,0.49,0.161925
0.4,0.5,0.161108
0.4,0.51,0.160388
0.4,0.52,0.159766
0.4,0.53,0.159241
0.4,0.54,0.158811
0.4,0.55,0.158476
0.4,0.56,0.158238
0.4,0.57,0.158096
0.4,0.58,0.15805
0.4,0.59,0.158102
0.4,0.6,0.158253
0.4,0.61,0.158506
0.4,0.62,0.15886
0.4,0.63,0.159321
0.4,0.64,0.159889
0.4,0.65,0.160569
0.4,0.66,0.161364
0.4,0.67,0.162279
0.4,0.68,0.163318
0.4,0.69,0.164486
0.4,0.7,0.16579
0.4,0.71,0.167237
0.4,0.72,0.168833
0.4,0.73,0.170587
0.4,0.74,0.172507
0.4,0.75,0.174604
0.4,0.76,0.176888
0.4,0.77,0.179371
0.4,0.78,0.182065
0.4,0.79,0.184986
0.4,0.8,0.188147
0.4,0.81,0.191566
0.4,0.82,0.19526
0.4,0.83,0.19925
0.4,0.84,0.203556
0.4,0.85,0.2082
0.4,0.86,0.213208
0.4,0.87,0.218605
0.4,0.88,0.22442
0.4,0.89,0.23068
0.4,0.9,0.237418
0.4,0.91,0.244665
0.4,0.92,0.252455
0.4,0.93,0.260823
0.4,0.94,0.269804
0.4,0.95,0.279432
0.4,0.96,0.289741
0.4,0.97,0.300765
0.4,0.98,0.312533
0.4,0.99,0.325071
0.4,1,0.338402
0.4,1.01,0.352541
0.4,1.02,0.367494
0.4,1.03,0.383261
0.4,1.04,0.399829
0.4,1.05,0.417172
0.4,1.06,0.435252
0.4,1.07,0.454017
0.4,1.08,0.4734
0.4,1.09,0.493319
0.41,-0.1,0.492045
0.41,-0.09,0.48294
0.41,-0.08,0.47374
0.41,-0.07,0.464461
0.41,-0.06,0.455122
0.41,-0.05,0.445742
0.41,-0.04,0.436339
0.41,-0.03,0.426933
0.41,-0.02,0.417543
0.41,-0.01,0.408191
0.41,-1.04083e-17,0.398894
0.41,0.01,0.389671
0.41,0.02,0.380542
0.41,0.03,0.371523
0.41,0.04,0.362631
0.41,0.05,0.353882
0.41,0.06,0.345291
0.41,0.07,0.33687
0.41,0.08,0.328632
0.41,0.09,0.320587
0.41,0.1,0.312744
0.41,0.11,0.305111
0.41,0.12,0.297696
0.41,0.13,0.290502
0.41,0.14,0.283535
0.41,0.15,0.276796
0.41,0.16,0.270287
0.41,0.17,0.264009
0.41,0.18,0.257961
0.41,0.19,0.252143
0.41,0.2,0.246551
0.41,0.21,0.241183
0.41,0.22,0.236037
0.41,0.23,0.231107
0.41,0.24,0.226389
0.41,0.25,0.221879
0.41,0.26,0.217571
0.41,0.27,0.213461
0.41,0.28,0.209543
0.41,0.29,0.205811
0.41,0.3,0.20226
0.41,0.31,0.198885
0.41,0.32,0.195679
0.41,0.33,0.192638
0.41,0.34,0.189756
0.41,0.35,0.187027
0.41,0.36,0.184448
0.41,0.37,0.182012
0.41,0.38,0.179716
0.41,0.39,0.177554
0.41,0.4,0.175522
0.41,0.41,0.173617
0.41,0.42,0.171834
0.41,0.43,0.170171
0.41,0.44,0.168623
0.41,0.45,0.167187
0.41,0.46,0.165861
0.41,0.47,0.164641
0.41,0.48,0.163527
0.41,0.49,0.162514
0.41,0.5,0.161603
0.41,0.51,0.16079
0.41,0.52,0.160076
0.41,0.53,0.159457
0.41,0.54,0.158935
0.41,0.55,0.158508
0.41,0.56,0.158176
0.41,0.57,0.157939
0.41,0.58,0.157798
0.41,0.59,0.157753
0.41,0.6,0.157805
0.41,0.61,0.157955
0.41,0.62,0.158206
0.41,0.63,0.158559
0.41,0.64,0.159017
0.41,0.65,0.159582
0.41,0.66,0.160257
0.41,0.67,0.161048
0.41,0.68,0.161957
0.41,0.69,0.16299
0.41,0.7,0.164151
0.41,0.71,0.165447
0.41,0.72,0.166885
0.41,0.73,0.168471
0.41,0.74,0.170213
0.41,0.75,0.172121
0.41,0.76,0.174205
0.41,0.77,0.176474
0.41,0.78,0.17894
0.41,0.79,0.181617
0.41,0.8,0.184518
0.41,0.81,0.187658
0.41,0.82,0.191054
0.41,0.83,0.194723
0.41,0.84,0.198686
0.41,0.85,0.202962
0.41,0.86,0.207575
0.41,0.87,0.212548
0.41,0.88,0.217908
0.41,0.89,0.223681
0.41,0.9,0.229898
0.41,0.91,0.236589
0.41,0.92,0.243787
0.41,0.93,0.251523
0.41,0.94,0.259835
0.41,0.95,0.268755
0.41,0.96,0.278318
0.41,0.97,0.288561
0.41,0.98,0.299514
0.41,0.99,0.311208
0.41,1,0.323671
0.41,1.01,0.336924
0.41,1.02,0.350983
0.41,1.03,0.365858
0.41,1.04,0.381546
0.41,1.05,0.398037
0.41,1.06,0.415307
0.41,1.07,0.433319
0.41,1.08,0.452021
0.41,1.09,0.471348
0.42,-0.1,0.499871
0.42,-0.09,0.490861
0.42,-0.08,0.481742
0.42,-0.07,0.472528
0.42,-0.06,0.463239
0.42,-0.05,0.453892
0.42,-0.04,0.444505
0.42,-0.03,0.435098
0.42,-0.02,0.425691
0.42,-0.01,0.416304
0.42,-1.04083e-17,0.406955
0.42,0.01,0.397664
0.42,0.02,0.38845
0.42,0.03,0.379332
0.42,0.04,0.370326
0.42,0.05,0.361449
0.42,0.06,0.352717
0.42,0.07,0.344145
0.42,0.08,0.335744
0.42,0.09,0.327528
0.42,0.1,0.319506
0.42,0.11,0.311687
0.42,0.12,0.30408
0.42,0.13,0.29669
0.42,0.14,0.289523
0.42,0.15,0.282582
0.42,0.16,0.27587
0.42,0.17,0.269388
0.42,0.18,0.263138
0.42,0.19,0.257117
0.42,0.2,0.251325
0.42,0.21,0.24576
0.42,0.22,0.240419
0.42,0.23,0.235297
0.42,0.24,0.230392
0.42,0.25,0.225699
0.42,0.26,0.221212
0.42,0.27,0.216928
0.42,0.28,0.21284
0.42,0.29,0.208943
0.42,0.3,0.205232
0.42,0.31,0.201701
0.42,0.32,0.198344
0.42,0.33,0.195157
0.42,0.34,0.192133
0.42,0.35,0.189268
0.42,0.36,0.186555
0.42,0.37,0.183991
0.42,0.38,0.181569
0.42,0.39,0.179286
0.42,0.4,0.177137
0.42,0.41,0.175118
0.42,0.42,0.173224
0.42,0.43,0.171452
0.42,0.44,0.169798
0.42,0.45,0.168259
0.42,0.46,0.166832
0.42,0.47,0.165514
0.42,0.48,0.164302
0.42,0.49,0.163194
0.42,0.5,0.162188
0.42,0.51,0.161282
0.42,0.52,0.160475
0.42,0.53,0.159765
0.42,0.54,0.15915
0.42,0.55,0.158631
0.42,0.56,0.158207
0.42,0.57,0.157877
0.42,0.58,0.157642
0.42,0.59,0.157502
0.42,0.6,0.157457
0.42,0.61,0.157509
0.42,0.62,0.157659
0.42,0.63,0.157908
0.42,0.64,0.158259
0.42,0.65,0.158714
0.42,0.66,0.159276
0.42,0.67,0.159948
0.42,0.68,0.160734
0.42,0.69,0.161637
0.42,0.7,0.162664
0.42,0.71,0.163818
0.42,0.72,0.165106
0.42,0.73,0.166534
0.42,0.74,0.16811
0.42,0.75,0.169842
0.42,0.76,0.171738
0.42,0.77,0.173808
0.42,0.78,0.176062
0.42,0.79,0.178512
0.42,0.8,0.181172
0.42,0.81,0.184053
0.42,0.82,0.187172
0.42,0.83,0.190545
0.42,0.84,0.19419
0.42,0.85,0.198125
0.42,0.86,0.202372
0.42,0.87,0.206953
0.42,0.88,0.211892
0.42,0.89,0.217214
0.42,0.9,0.222948
0.42,0.91,0.229122
0.42,0.92,0.235767
0.42,0.93,0.242914
0.42,0.94,0.250598
0.42,0.95,0.258852
0.42,0.96,0.267712
0.42,0.97,0.277212
0.42,0.98,0.287387
0.42,0.99,0.29827
0.42,1,0.309891
0.42,1.01,0.322278
0.42,1.02,0.335454
0.42,1.03,0.349435
0.42,1.04,0.36423
0.42,1.05,0.37984
0.42,1.06,0.396254
0.42,1.07,0.41345
0.42,1.08,0.431392
0.42,1.09,0.450031
0.43,-0.1,0.507605
0.43,-0.09,0.498702
0.43,-0.08,0.489676
0.43,-0.07,0.480541
0.43,-0.06,0.471315
0.43,-0.05,0.462016
0.43,-0.04,0.45266
0.43,-0.03,0.443268
0.43,-0.02,0.433858
0.43,-0.01,0.42445
0.43,-1.04083e-17,0.415064
0.43,0.01,0.40572
0.43,0.02,0.396436
0.43,0.03,0.387231
0.43,0.04,0.378123
0.43,0.05,0.369131
0.43,0.06,0.36027
0.43,0.07,0.351555
0.43,0.08,0.343001
0.43,0.09,0.334622
0.43,0.1,0.326427
0.43,0.11,0.318428
0.43,0.12,0.310634
0.43,0.13,0.303052
0.43,0.14,0.295688
0.43,0.15,0.288547
0.43,0.16,0.281633
0.43,0.17,0.274948
0.43,0.18,0.268494
0.43,0.19,0.26227
0.43,0.2,0.256277
0.43,0.21,0.250512
0.43,0.22,0.244973
0.43,0.23,0.239658
0.43,0.24,0.234562
0.43,0.25,0.229681
0.43,0.26,0.225012
0.43,0.27,0.220549
0.43,0.28,0.216288
0.43,0.29,0.212222
0.43,0.3,0.208346
0.43,0.31,0.204656
0.43,0.32,0.201145
0.43,0.33,0.197807
0.43,0.34,0.194638
0.43,0.35,0.191631
0.43,0.36,0.188782
0.43,0.37,0.186086
0.43,0.38,0.183536
0.43,0.39,0.181129
0.43,0.4,0.178859
0.43,0.41,0.176723
0.43,0.42,0.174715
0.43,0.43,0.172833
0.43,0.44,0.171072
0.43,0.45,0.169428
0.43,0.46,0.167898
0.43,0.47,0.16648
0.43,0.48,0.16517
0.43,0.49,0.163965
0.43,0.5,0.162864
0.43,0.51,0.161864
0.43,0.52,0.160964
0.43,0.53,0.160162
0.43,0.54,0.159456
0.43,0.55,0.158845
0.43,0.56,0.158329
0.43,0.57,0.157908
0.43,0.58,0.15758
0.43,0.59,0.157347
0.43,0.6,0.157208
0.43,0.61,0.157163
0.43,0.62,0.157215
0.43,0.63,0.157364
0.43,0.64,0.157612
0.43,0.65,0.157962
0.43,0.66,0.158414
0.43,0.67,0.158972
0.43,0.68,0.15964
0.43,0.69,0.160421
0.43,0.7,0.16132
0.43,0.71,0.16234
0.43,0.72,0.163487
0.43,0.73,0.164767
0.43,0.74,0.166187
0.43,0.75,0.167753
0.43,0.76,0.169473
0.43,0.77,0.171357
0.43,0.78,0.173414
0.43,0.79,0.175653
0.43,0.8,0.178088
0.43,0.81,0.180729
0.43,0.82,0.183591
0.43,0.83,0.18669
0.43,0.84,0.19004
0.43,0.85,0.19366
0.43,0.86,0.197568
0.43,0.87,0.201786
0.43,0.88,0.206336
0.43,0.89,0.21124
0.43,0.9,0.216526
0.43,0.91,0.22222
0.43,0.92,0.228351
0.43,0.93,0.234949
0.43,0.94,0.242047
0.43,0.95,0.249678
0.43,0.96,0.257876
0.43,0.97,0.266676
0.43,0.98,0.276113
0.43,0.99,0.286221
0.43,1,0.297034
0.43,1.01,0.308582
0.43,1.02,0.320894
0.43,1.03,0.333992
0.43,1.04,0.347894
0.43,1.05,0.36261
0.43,1.06,0.378141
0.43,1.07,0.394478
0.43,1.08,0.4116
0.43,1.09,0.429472
0.44,-0.1,0.515237
0.44,-0.09,0.506452
0.44,-0.08,0.497531
0.44,-0.07,0.488488
0.44,-0.06,0.479339
0.44,-0.05,0.470101
0.44,-0.04,0.460791
0.44,-0.03,0.451428
0.44,-0.02,0.442031
0.44,-0.01,0.432618
0.44,-1.04083e-17,0.42321
0.44,0.01,0.413826
0.44,0.02,0.404486
0.44,0.03,0.395208
0.44,0.04,0.386013
0.44,0.05,0.376917
0.44,0.06,0.367938
0.44,0.07,0.359092
0.44,0.08,0.350395
0.44,0.09,0.341861
0.44,0.1,0.333502
0.44,0.11,0.32533
0.44,0.12,0.317354
0.44,0.13,0.309584
0.44,0.14,0.302028
0.44,0.15,0.29469
0.44,0.16,0.287575
0.44,0.17,0.280688
0.44,0.18,0.274031
0.44,0.19,0.267604
0.44,0.2,0.261407
0.44,0.21,0.255441
0.44,0.22,0.249702
0.44,0.23,0.24419
0.44,0.24,0.238901
0.44,0.25,0.23383
0.44,0.26,0.228975
0.44,0.27,0.22433
0.44,0.28,0.21989
0.44,0.29,0.215651
0.44,0.3,0.211608
0.44,0.31,0.207753
0.44,0.32,0.204083
0.44,0.33,0.200592
0.44,0.34,0.197273
0.44,0.35,0.194122
0.44,0.36,0.191133
0.44,0.37,0.1883
0.44,0.38,0.185619
0.44,0.39,0.183084
0.44,0.4,0.180691
0.44,0.41,0.178435
0.44,0.42,0.176311
0.44,0.43,0.174316
0.44,0.44,0.172445
0.44,0.45,0.170694
0.44,0.46,0.16906
0.44,0.47,0.16754
0.44,0.48,0.16613
0.44,0.49,0.164827
0.44,0.5,0.16363
0.44,0.51,0.162536
0.44,0.52,0.161542
0.44,0.53,0.160648
0.44,0.54,0.15985
0.44,0.55,0.159149
0.44,0.56,0.158542
0.44,0.57,0.158029
0.44,0.58,0.157611
0.44,0.59,0.157285
0.44,0.6,0.157053
0.44,0.61,0.156915
0.44,0.62,0.156872
0.44,0.63,0.156923
0.44,0.64,0.157072
0.44,0.65,0.157318
0.44,0.66,0.157666
0.44,0.67,0.158115
0.44,0.68,0.158671
0.44,0.69,0.159335
0.44,0.7,0.160111
0.44,0.71,0.161004
0.44,0.72,0.162018
0.44,0.73,0.163158
0.44,0.74,0.16443
0.44,0.75,0.165841
0.44,0.76,0.167397
0.44,0.77,0.169107
0.44,0.78,0.170979
0.44,0.79,0.173022
0.44,0.8,0.175247
0.44,0.81,0.177665
0.44,0.82,0.18029
0.44,0.83,0.183133
0.44,0.84,0.18621
0.44,0.85,0.189538
0.44,0.86,0.193133
0.44,0.87,0.197015
0.44,0.88,0.201204
0.44,0.89,0.205722
0.44,0.9,0.210593
0.44,0.91,0.215842
0.44,0.92,0.221497
0.44,0.93,0.227585
0.44,0.94,0.234138
0.44,0.95,0.241187
0.44,0.96,0.248765
0.44,0.97,0.256907
0.44,0.98,0.265648
0.44,0.99,0.275021
0.44,1,0.285063
0.44,1.01,0.295806
0.44,1.02,0.307282
0.44,1.03,0.319518
0.44,1.04,0.332539
0.44,1.05,0.346362
0.44,1.06,0.360999
0.44,1.07,0.376451
0.44,1.08,0.392711
0.44,1.09,0.409758
0.45,-0.1,0.522758
0.45,-0.09,0.514101
0.45,-0.08,0.505296
0.45,-0.07,0.496357
0.45,-0.06,0.487298
0.45,-0.05,0.478135
0.45,-0.04,0.468885
0.45,-0.03,0.459566
0.45,-0.02,0.450195
0.45,-0.01,0.440793
0.45,-1.04083e-17,0.431378
0.45,0.01,0.421969
0.45,0.02,0.412588
0.45,0.03,0.403253
0.45,0.04,0.393982
0.45,0.05,0.384796
0.45,0.06,0.375712
0.45,0.07,0.366747
0.45,0.08,0.357918
0.45,0.09,0.349239
0.45,0.1,0.340724
0.45,0.11,0.332385
0.45,0.12,0.324236
0.45,0.13,0.316284
0.45,0.14,0.308538
0.45,0.15,0.301007
0.45,0.16,0.293695
0.45,0.17,0.286608
0.45,0.18,0.279748
0.45,0.19,0.273117
0.45,0.2,0.266717
0.45,0.21,0.260548
0.45,0.22,0.254609
0.45,0.23,0.248897
0.45,0.24,0.243411
0.45,0.25,0.238147
0.45,0.26,0.233102
0.45,0.27,0.228272
0.45,0.28,0.223651
0.45,0.29,0.219235
0.45,0.3,0.215019
0.45,0.31,0.210997
0.45,0.32,0.207164
0.45,0.33,0.203514
0.45,0.34,0.200042
0.45,0.35,0.196742
0.45,0.36,0.193609
0.45,0.37,0.190637
0.45,0.38,0.187821
0.45,0.39,0.185155
0.45,0.4,0.182635
0.45,0.41,0.180256
0.45,0.42,0.178013
0.45,0.43,0.175902
0.45,0.44,0.173919
0.45,0.45,0.172059
0.45,0.46,0.170318
0.45,0.47,0.168694
0.45,0.48,0.167183
0.45,0.49,0.165782
0.45,0.5,0.164487
0.45,0.51,0.163298
0.45,0.52,0.16221
0.45,0.53,0.161222
0.45,0.54,0.160333
0.45,0.55,0.159541
0.45,0.56,0.158843
0.45,0.57,0.158241
0.45,0.58,0.157731
0.45,0.59,0.157315
0.45,0.6,0.156992
0.45,0.61,0.156762
0.45,0.62,0.156625
0.45,0.63,0.156581
0.45,0.64,0.156633
0.45,0.65,0.156781
0.45,0.66,0.157026
0.45,0.67,0.157372
0.45,0.68,0.157819
0.45,0.69,0.158371
0.45,0.7,0.159031
0.45,0.71,0.159803
0.45,0.72,0.16069
0.45,0.73,0.161698
0.45,0.74,0.162831
0.45,0.75,0.164096
0.45,0.76,0.165497
0.45,0.77,0.167044
0.45,0.78,0.168743
0.45,0.79,0.170603
0.45,0.8,0.172633
0.45,0.81,0.174843
0.45,0.82,0.177246
0.45,0.83,0.179853
0.45,0.84,0.182677
0.45,0.85,0.185734
0.45,0.86,0.18904
0.45,0.87,0.192611
0.45,0.88,0.196466
0.45,0.89,0.200626
0.45,0.9,0.205113
0.45,0.91,0.209951
0.45,0.92,0.215163
0.45,0.93,0.220778
0.45,0.94,0.226824
0.45,0.95,0.233332
0.45,0.96,0.240332
0.45,0.97,0.247858
0.45,0.98,0.255945
0.45,0.99,0.264626
0.45,1,0.273937
0.45,1.01,0.283912
0.45,1.02,0.294586
0.45,1.03,0.305989
0.45,1.04,0.31815
0.45,1.05,0.331094
0.45,1.06,0.344839
0.45,1.07,0.359396
0.45,1.08,0.374769
0.45,1.09,0.390951
0.46,-0.1,0.53016
0.46,-0.09,0.521641
0.46,-0.08,0.512963
0.46,-0.07,0.504139
0.46,-0.06,0.495182
0.46,-0.05,0.486107
0.46,-0.04,0.47693
0.46,-0.03,0.467669
0.46,-0.02,0.45834
0.46,-0.01,0.448962
0.46,-1.04083e-17,0.439555
0.46,0.01,0.430137
0.46,0.02,0.42073
0.46,0.03,0.411351
0.46,0.04,0.40202
0.46,0.05,0.392758
0.46,0.06,0.383582
0.46,0.07,0.37451
0.46,0.08,0.365559
0.46,0.09,0.356746
0.46,0.1,0.348084
0.46,0.11,0.339589
0.46,0.12,0.331272
0.46,0.13,0.323145
0.46,0.14,0.315217
0.46,0.15,0.307496
0.46,0.16,0.29999
0.46,0.17,0.292705
0.46,0.18,0.285644
0.46,0.19,0.278811
0.46,0.2,0.272208
0.46,0.21,0.265835
0.46,0.22,0.259693
0.46,0.23,0.253781
0.46,0.24,0.248096
0.46,0.25,0.242636
0.46,0.26,0.237398
0.46,0.27,0.232379
0.46,0.28,0.227573
0.46,0.29,0.222976
0.46,0.3,0.218583
0.46,0.31,0.21439
0.46,0.32,0.21039
0.46,0.33,0.206578
0.46,0.34,0.202948
0.46,0.35,0.199496
0.46,0.36,0.196215
0.46,0.37,0.193099
0.46,0.38,0.190144
0.46,0.39,0.187344
0.46,0.4,0.184694
0.46,0.41,0.182189
0.46,0.42,0.179824
0.46,0.43,0.177595
0.46,0.44,0.175496
0.46,0.45,0.173524
0.46,0.46,0.171675
0.46,0.47,0.169945
0.46,0.48,0.168331
0.46,0.49,0.166829
0.46,0.5,0.165436
0.46,0.51,0.164149
0.46,0.52,0.162967
0.46,0.53,0.161886
0.46,0.54,0.160904
0.46,0.55,0.160021
0.46,0.56,0.159233
0.46,0.57,0.15854
0.46,0.58,0.157941
0.46,0.59,0.157435
0.46,0.6,0.157022
0.46,0.61,0.156701
0.46,0.62,0.156472
0.46,0.63,0.156336
0.46,0.64,0.156293
0.46,0.65,0.156345
0.46,0.66,0.156492
0.46,0.67,0.156736
0.46,0.68,0.157079
0.46,0.69,0.157524
0.46,0.7,0.158073
0.46,0.71,0.158729
0.46,0.72,0.159496
0.46,0.73,0.160379
0.46,0.74,0.16138
0.46,0.75,0.162506
0.46,0.76,0.163763
0.46,0.77,0.165156
0.46,0.78,0.166693
0.46,0.79,0.168381
0.46,0.8,0.170229
0.46,0.81,0.172246
0.46,0.82,0.174442
0.46,0.83,0.176829
0.46,0.84,0.179419
0.46,0.85,0.182225
0.46,0.86,0.185261
0.46,0.87,0.188545
0.46,0.88,0.192091
0.46,0.89,0.195921
0.46,0.9,0.200052
0.46,0.91,0.204508
0.46,0.92,0.209312
0.46,0.93,0.214489
0.46,0.94,0.220065
0.46,0.95,0.226069
0.46,0.96,0.232531
0.46,0.97,0.239483
0.46,0.98,0.246957
0.46,0.99,0.254988
0.46,1,0.263611
0.46,1.01,0.272859
0.46,1.02,0.282769
0.46,1.03,0.293373
0.46,1.04,0.304704
0.46,1.05,0.316791
0.46,1.06,0.329657
0.46,1.07,0.343323
0.46,1.08,0.357802
0.46,1.09,0.373096
0.47,-0.1,0.537435
0.47,-0.09,0.529062
0.47,-0.08,0.520521
0.47,-0.07,0.511822
0.47,-0.06,0.502979
0.47,-0.05,0.494004
0.47,-0.04,0.484914
0.47,-0.03,0.475724
0.47,-0.02,0.466451
0.47,-0.01,0.457113
0.47,-1.04083e-17,0.447728
0.47,0.01,0.438317
0.47,0.02,0.428897
0.47,0.03,0.41949
0.47,0.04,0.410114
0.47,0.05,0.400789
0.47,0.06,0.391535
0.47,0.07,0.382369
0.47,0.08,0.373309
0.47,0.09,0.364373
0.47,0.1,0.355576
0.47,0.11,0.346933
0.47,0.12,0.338458
0.47,0.13,0.330162
0.47,0.14,0.322057
0.47,0.15,0.314153
0.47,0.16,0.306458
0.47,0.17,0.298977
0.47,0.18,0.291718
0.47,0.19,0.284684
0.47,0.2,0.277878
0.47,0.21,0.271302
0.47,0.22,0.264957
0.47,0.23,0.258842
0.47,0.24,0.252956
0.47,0.25,0.247298
0.47,0.26,0.241865
0.47,0.27,0.236653
0.47,0.28,0.231659
0.47,0.29,0.226877
0.47,0.3,0.222304
0.47,0.31,0.217935
0.47,0.32,0.213764
0.47,0.33,0.209786
0.47,0.34,0.205995
0.47,0.35,0.202386
0.47,0.36,0.198953
0.47,0.37,0.19569
0.47,0.38,0.192593
0.47,0.39,0.189655
0.47,0.4,0.186871
0.47,0.41,0.184236
0.47,0.42,0.181746
0.47,0.43,0.179395
0.47,0.44,0.177178
0.47,0.45,0.175092
0.47,0.46,0.173132
0.47,0.47,0.171294
0.47,0.48,0.169574
0.47,0.49,0.16797
0.47,0.5,0.166477
0.47,0.51,0.165092
0.47,0.52,0.163814
0.47,0.53,0.162638
0.47,0.54,0.161564
0.47,0.55,0.160588
0.47,0.56,0.15971
0.47,0.57,0.158927
0.47,0.58,0.158239
0.47,0.59,0.157644
0.47,0.6,0.157141
0.47,0.61,0.15673
0.47,0.62,0.156411
0.47,0.63,0.156184
0.47,0.64,0.156049
0.47,0.65,0.156007
0.47,0.66,0.156058
0.47,0.67,0.156205
0.47,0.68,0.156448
0.47,0.69,0.156789
0.47,0.7,0.157231
0.47,0.71,0.157777
0.47,0.72,0.158429
0.47,0.73,0.159192
0.47,0.74,0.160069
0.47,0.75,0.161064
0.47,0.76,0.162184
0.47,0.77,0.163433
0.47,0.78,0.164817
0.47,0.79,0.166344
0.47,0.8,0.168022
0.47,0.81,0.169858
0.47,0.82,0.171862
0.47,0.83,0.174044
0.47,0.84,0.176415
0.47,0.85,0.178988
0.47,0.86,0.181775
0.47,0.87,0.184792
0.47,0.88,0.188053
0.47,0.89,0.191576
0.47,0.9,0.195379
0.47,0.91,0.199482
0.47,0.92,0.203908
0.47,0.93,0.208678
0.47,0.94,0.213819
0.47,0.95,0.219356
0.47,0.96,0.225319
0.47,0.97,0.231736
0.47,0.98,0.23864
0.47,0.99,0.246063
0.47,1,0.254039
0.47,1.01,0.262602
0.47,1.02,0.271789
0.47,1.03,0.281633
0.47,1.04,0.292168
0.47,1.05,0.303427
0.47,1.06,0.315439
0.47,1.07,0.328229
0.47,1.08,0.341817
0.47,1.09,0.356216
0.48,-0.1,0.544576
0.48,-0.09,0.536358
0.48,-0.08,0.527962
0.48,-0.07,0.519398
0.48,-0.06,0.510679
0.48,-0.05,0.501817
0.48,-0.04,0.492825
0.48,-0.03,0.483719
0.48,-0.02,0.474516
0.48,-0.01,0.465231
0.48,-1.04083e-17,0.455885
0.48,0.01,0.446494
0.48,0.02,0.437078
0.48,0.03,0.427657
0.48,0.04,0.418251
0.48,0.05,0.408878
0.48,0.06,0.39956
0.48,0.07,0.390313
0.48,0.08,0.381158
0.48,0.09,0.372111
0.48,0.1,0.363189
0.48,0.11,0.354409
0.48,0.12,0.345784
0.48,0.13,0.337329
0.48,0.14,0.329055
0.48,0.15,0.320973
0.48,0.16,0.313093
0.48,0.17,0.305423
0.48,0.18,0.297968
0.48,0.19,0.290735
0.48,0.2,0.283728
0.48,0.21,0.276949
0.48,0.22,0.2704
0.48,0.23,0.264082
0.48,0.24,0.257995
0.48,0.25,0.252136
0.48,0.26,0.246505
0.48,0.27,0.241098
0.48,0.28,0.235912
0.48,0.29,0.230942
0.48,0.3,0.226186
0.48,0.31,0.221637
0.48,0.32,0.217291
0.48,0.33,0.213142
0.48,0.34,0.209186
0.48,0.35,0.205416
0.48,0.36,0.201827
0.48,0.37,0.198413
0.48,0.38,0.195169
0.48,0.39,0.192089
0.48,0.4,0.189168
0.48,0.41,0.1864
0.48,0.42,0.183781
0.48,0.43,0.181305
0.48,0.44,0.178968
0.48,0.45,0.176764
0.48,0.46,0.174691
0.48,0.47,0.172742
0.48,0.48,0.170915
0.48,0.49,0.169206
0.48,0.5,0.167611
0.48,0.51,0.166127
0.48,0.52,0.164751
0.48,0.53,0.16348
0.48,0.54,0.162312
0.48,0.55,0.161244
0.48,0.56,0.160274
0.48,0.57,0.159402
0.48,0.58,0.158624
0.48,0.59,0.157939
0.48,0.6,0.157348
0.48,0.61,0.156848
0.48,0.62,0.15644
0.48,0.63,0.156124
0.48,0.64,0.155898
0.48,0.65,0.155764
0.48,0.66,0.155722
0.48,0.67,0.155773
0.48,0.68,0.155919
0.48,0.69,0.156161
0.48,0.7,0.1565
0.48,0.71,0.15694
0.48,0.72,0.157483
0.48,0.73,0.158131
0.48,0.74,0.158889
0.48,0.75,0.159761
0.48,0.76,0.160751
0.48,0.77,0.161863
0.48,0.78,0.163104
0.48,0.79,0.16448
0.48,0.8,0.165998
0.48,0.81,0.167665
0.48,0.82,0.169489
0.48,0.83,0.17148
0.48,0.84,0.173648
0.48,0.85,0.176004
0.48,0.86,0.17856
0.48,0.87,0.181329
0.48,0.88,0.184325
0.48,0.89,0.187564
0.48,0.9,0.191063
0.48,0.91,0.19484
0.48,0.92,0.198916
0.48,0.93,0.203311
0.48,0.94,0.208049
0.48,0.95,0.213154
0.48,0.96,0.218653
0.48,0.97,0.224574
0.48,0.98,0.230947
0.48,0.99,0.237802
0.48,1,0.245174
0.48,1.01,0.253095
0.48,1.02,0.261601
0.48,1.03,0.270725
0.48,1.04,0.280504
0.48,1.05,0.290971
0.48,1.06,0.302159
0.48,1.07,0.314096
0.48,1.08,0.326809
0.48,1.09,0.340318
0.49,-0.1,0.551578
0.49,-0.09,0.543521
0.49,-0.08,0.535278
0.49,-0.07,0.526859
0.49,-0.06,0.518273
0.49,-0.05,0.509533
0.49,-0.04,0.500652
0.49,-0.03,0.491643
0.49,-0.02,0.482523
0.49,-0.01,0.473306
0.49,-1.04083e-17,0.464011
0.49,0.01,0.454656
0.49,0.02,0.445259
0.49,0.03,0.43584
0.49,0.04,0.426418
0.49,0.05,0.417012
0.49,0.06,0.407644
0.49,0.07,0.398331
0.49,0.08,0.389093
0.49,0.09,0.379948
0.49,0.1,0.370914
0.49,0.11,0.362008
0.49,0.12,0.353244
0.49,0.13,0.344638
0.49,0.14,0.336204
0.49,0.15,0.327952
0.49,0.16,0.319893
0.49,0.17,0.312037
0.49,0.18,0.304391
0.49,0.19,0.296963
0.49,0.2,0.289756
0.49,0.21,0.282776
0.49,0.22,0.276024
0.49,0.23,0.269503
0.49,0.24,0.263212
0.49,0.25,0.257152
0.49,0.26,0.25132
0.49,0.27,0.245716
0.49,0.28,0.240335
0.49,0.29,0.235174
0.49,0.3,0.23023
0.49,0.31,0.225498
0.49,0.32,0.220973
0.49,0.33,0.21665
0.49,0.34,0.212524
0.49,0.35,0.208589
0.49,0.36,0.20484
0.49,0.37,0.201271
0.49,0.38,0.197876
0.49,0.39,0.19465
0.49,0.4,0.191588
0.49,0.41,0.188684
0.49,0.42,0.185932
0.49,0.43,0.183328
0.49,0.44,0.180867
0.49,0.45,0.178543
0.49,0.46,0.176353
0.49,0.47,0.174292
0.49,0.48,0.172355
0.49,0.49,0.170539
0.49,0.5,0.16884
0.49,0.51,0.167254
0.49,0.52,0.165779
0.49,0.53,0.164411
0.49,0.54,0.163148
0.49,0.55,0.161987
0.49,0.56,0.160926
0.49,0.57,0.159962
0.49,0.58,0.159095
0.49,0.59,0.158322
0.49,0.6,0.157642
0.49,0.61,0.157054
0.49,0.62,0.156558
0.49,0.63,0.156152
0.49,0.64,0.155838
0.49,0.65,0.155614
0.49,0.66,0.155481
0.49,0.67,0.155439
0.49,0.68,0.15549
0.49,0.69,0.155636
0.49,0.7,0.155876
0.49,0.71,0.156214
0.49,0.72,0.156651
0.49,0.73,0.15719
0.49,0.74,0.157835
0.49,0.75,0.158589
0.49,0.76,0.159455
0.49,0.77,0.160439
0.49,0.78,0.161544
0.49,0.79,0.162778
0.49,0.8,0.164145
0.49,0.81,0.165654
0.49,0.82,0.16731
0.49,0.83,0.169123
0.49,0.84,0.171101
0.49,0.85,0.173255
0.49,0.86,0.175596
0.49,0.87,0.178135
0.49,0.88,0.180885
0.49,0.89,0.183861
0.49,0.9,0.187079
0.49,0.91,0.190554
0.49,0.92,0.194306
0.49,0.93,0.198353
0.49,0.94,0.202718
0.49,0.95,0.207423
0.49,0.96,0.212493
0.49,0.97,0.217954
0.49,0.98,0.223834
0.49,0.99,0.230162
0.49,1,0.236971
0.49,1.01,0.244291
0.49,1.02,0.252158
0.49,1.03,0.260606
0.49,1.04,0.269669
0.49,1.05,0.279383
0.49,1.06,0.289782
0.49,1.07,0.300898
0.49,1.08,0.312761
0.49,1.09,0.325397
0.5,-0.1,0.558435
0.5,-0.09,0.550545
0.5,-0.08,0.542462
0.5,-0.07,0.534195
0.5,-0.06,0.525753
0.5,-0.05,0.517146
0.5,-0.04,0.508386
0.5,-0.03,0.499486
0.5,-0.02,0.49046
0.5,-0.01,0.481324
0.5,-1.04083e-17,0.472095
0.5,0.01,0.46279
0.5,0.02,0.453426
0.5,0.03,0.444024
0.5,0.04,0.434601
0.5,0.05,0.425178
0.5,0.06,0.415774
0.5,0.07,0.40641
0.5,0.08,0.397103
0.5,0.09,0.387874
0.5,0.1,0.37874
0.5,0.11,0.36972
0.5,0.12,0.360828
0.5,0.13,0.352082
0.5,0.14,0.343496
0.5,0.15,0.335081
0.5,0.16,0.326851
0.5,0.17,0.318816
0.5,0.18,0.310984
0.5,0.19,0.303364
0.5,0.2,0.295961
0.5,0.21,0.288781
0.5,0.22,0.281828
0.5,0.23,0.275104
0.5,0.24,0.268609
0.5,0.25,0.262346
0.5,0.26,0.256313
0.5,0.27,0.250508
0.5,0.28,0.24493
0.5,0.29,0.239575
0.5,0.3,0.234441
0.5,0.31,0.229522
0.5,0.32,0.224814
0.5,0.33,0.220313
0.5,0.34,0.216013
0.5,0.35,0.211909
0.5,0.36,0.207995
0.5,0.37,0.204267
0.5,0.38,0.200718
0.5,0.39,0.197343
0.5,0.4,0.194135
0.5,0.41,0.191091
0.5,0.42,0.188203
0.5,0.43,0.185467
0.5,0.44,0.182879
0.5,0.45,0.180432
0.5,0.46,0.178122
0.5,0.47,0.175944
0.5,0.48,0.173895
0.5,0.49,0.17197
0.5,0.5,0.170165
0.5,0.51,0.168476
0.5,0.52,0.1669
0.5,0.53,0.165434
0.5,0.54,0.164074
0.5,0.55,0.162819
0.5,0.56,0.161665
0.5,0.57,0.16061
0.5,0.58,0.159652
0.5,0.59,0.15879
0.5,0.6,0.158022
0.5,0.61,0.157346
0.5,0.62,0.156762
0.5,0.63,0.156269
0.5,0.64,0.155866
0.5,0.65,0.155554
0.5,0.66,0.155331
0.5,0.67,0.155199
0.5,0.68,0.155158
0.5,0.69,0.155209
0.5,0.7,0.155354
0.5,0.71,0.155593
0.5,0.72,0.155929
0.5,0.73,0.156363
0.5,0.74,0.1569
0.5,0.75,0.157541
0.5,0.76,0.15829
0.5,0.77,0.159151
0.5,0.78,0.160129
0.5,0.79,0.161228
0.5,0.8,0.162454
0.5,0.81,0.163813
0.5,0.82,0.165311
0.5,0.83,0.166957
0.5,0.84,0.168759
0.5,0.85,0.170724
0.5,0.86,0.172865
0.5,0.87,0.17519
0.5,0.88,0.177712
0.5,0.89,0.180445
0.5,0.9,0.183401
0.5,0.91,0.186597
0.5,0.92,0.190049
0.5,0.93,0.193775
0.5,0.94,0.197795
0.5,0.95,0.20213
0.5,0.96,0.206802
0.5,0.97,0.211837
0.5,0.98,0.21726
0.5,0.99,0.223099
0.5,1,0.229384
0.5,1.01,0.236145
0.5,1.02,0.243415
0.5,1.03,0.251228
0.5,1.04,0.259618
0.5,1.05,0.26862
0.5,1.06,0.278269
0.5,1.07,0.2886
0.5,1.08,0.299645
0.5,1.09,0.311434
0.51,-0.1,0.565143
0.51,-0.09,0.557425
0.51,-0.08,0.549509
0.51,-0.07,0.541401
0.51,-0.06,0.533109
0.51,-0.05,0.524644
0.51,-0.04,0.516015
0.51,-0.03,0.507235
0.51,-0.02,0.498317
0.51,-0.01,0.489275
0.51,-1.04083e-17,0.480125
0.51,0.01,0.470883
0.51,0.02,0.461567
0.51,0.03,0.452196
0.51,0.04,0.442788
0.51,0.05,0.433362
0.51,0.06,0.423939
0.51,0.07,0.414537
0.51,0.08,0.405176
0.51,0.09,0.395877
0.51,0.1,0.386657
0.51,0.11,0.377535
0.51,0.12,0.368527
0.51,0.13,0.359652
0.51,0.14,0.350923
0.51,0.15,0.342355
0.51,0.16,0.333962
0.51,0.17,0.325754
0.51,0.18,0.317742
0.51,0.19,0.309935
0.51,0.2,0.30234
0.51,0.21,0.294963
0.51,0.22,0.28781
0.51,0.23,0.280884
0.51,0.24,0.274187
0.51,0.25,0.26772
0.51,0.26,0.261484
0.51,0.27,0.255478
0.51,0.28,0.2497
0.51,0.29,0.244149
0.51,0.3,0.23882
0.51,0.31,0.233711
0.51,0.32,0.228817
0.51,0.33,0.224133
0.51,0.34,0.219656
0.51,0.35,0.215379
0.51,0.36,0.211297
0.51,0.37,0.207405
0.51,0.38,0.203698
0.51,0.39,0.200168
0.51,0.4,0.196812
0.51,0.41,0.193623
0.51,0.42,0.190596
0.51,0.43,0.187725
0.51,0.44,0.185005
0.51,0.45,0.182432
0.51,0.46,0.179999
0.51,0.47,0.177703
0.51,0.48,0.175538
0.51,0.49,0.173501
0.51,0.5,0.171587
0.51,0.51,0.169793
0.51,0.52,0.168114
0.51,0.53,0.166548
0.51,0.54,0.16509
0.51,0.55,0.163739
0.51,0.56,0.162491
0.51,0.57,0.161344
0.51,0.58,0.160296
0.51,0.59,0.159344
0.51,0.6,0.158487
0.51,0.61,0.157724
0.51,0.62,0.157052
0.51,0.63,0.156472
0.51,0.64,0.155982
0.51,0.65,0.155582
0.51,0.66,0.155271
0.51,0.67,0.15505
0.51,0.68,0.154919
0.51,0.69,0.154879
0.51,0.7,0.15493
0.51,0.71,0.155073
0.51,0.72,0.155311
0.51,0.73,0.155645
0.51,0.74,0.156078
0.51,0.75,0.156611
0.51,0.76,0.157248
0.51,0.77,0.157993
0.51,0.78,0.158849
0.51,0.79,0.159821
0.51,0.8,0.160913
0.51,0.81,0.162132
0.51,0.82,0.163482
0.51,0.83,0.164972
0.51,0.84,0.166607
0.51,0.85,0.168397
0.51,0.86,0.17035
0.51,0.87,0.172476
0.51,0.88,0.174787
0.51,0.89,0.177292
0.51,0.9,0.180007
0.51,0.91,0.182943
0.51,0.92,0.186118
0.51,0.93,0.189547
0.51,0.94,0.193247
0.51,0.95,0.19724
0.51,0.96,0.201545
0.51,0.97,0.206185
0.51,0.98,0.211185
0.51,0.99,0.216571
0.51,1,0.222369
0.51,1.01,0.22861
0.51,1.02,0.235324
0.51,1.03,0.242544
0.51,1.04,0.250303
0.51,1.05,0.258636
0.51,1.06,0.267577
0.51,1.07,0.277162
0.51,1.08,0.287425
0.51,1.09,0.298399
0.52,-0.1,0.571698
0.52,-0.09,0.564156
0.52,-0.08,0.556411
0.52,-0.07,0.548469
0.52,-0.06,0.540336
0.52,-0.05,0.532021
0.52,-0.04,0.523533
0.52,-0.03,0.514882
0.52,-0.02,0.506082
0.52,-0.01,0.497146
0.52,-1.04083e-17,0.488088
0.52,0.01,0.478923
0.52,0.02,0.46967
0.52,0.03,0.460344
0.52,0.04,0.450965
0.52,0.05,0.441552
0.52,0.06,0.432123
0.52,0.07,0.422699
0.52,0.08,0.4133
0.52,0.09,0.403944
0.52,0.1,0.394652
0.52,0.11,0.385441
0.52,0.12,0.376331
0.52,0.13,0.367337
0.52,0.14,0.358477
0.52,0.15,0.349766
0.52,0.16,0.341218
0.52,0.17,0.332846
0.52,0.18,0.32466
0.52,0.19,0.316672
0.52,0.2,0.308889
0.52,0.21,0.30132
0.52,0.22,0.29397
0.52,0.23,0.286843
0.52,0.24,0.279944
0.52,0.25,0.273274
0.52,0.26,0.266835
0.52,0.27,0.260626
0.52,0.28,0.254647
0.52,0.29,0.248896
0.52,0.3,0.243371
0.52,0.31,0.238069
0.52,0.32,0.232985
0.52,0.33,0.228116
0.52,0.34,0.223457
0.52,0.35,0.219003
0.52,0.36,0.214749
0.52,0.37,0.210689
0.52,0.38,0.206819
0.52,0.39,0.203132
0.52,0.4,0.199622
0.52,0.41,0.196285
0.52,0.42,0.193114
0.52,0.43,0.190104
0.52,0.44,0.18725
0.52,0.45,0.184546
0.52,0.46,0.181987
0.52,0.47,0.179569
0.52,0.48,0.177286
0.52,0.49,0.175135
0.52,0.5,0.17311
0.52,0.51,0.171207
0.52,0.52,0.169423
0.52,0.53,0.167755
0.52,0.54,0.166198
0.52,0.55,0.164749
0.52,0.56,0.163406
0.52,0.57,0.162166
0.52,0.58,0.161026
0.52,0.59,0.159984
0.52,0.6,0.159038
0.52,0.61,0.158186
0.52,0.62,0.157428
0.52,0.63,0.15676
0.52,0.64,0.156184
0.52,0.65,0.155697
0.52,0.66,0.155299
0.52,0.67,0.154991
0.52,0.68,0.154771
0.52,0.69,0.154641
0.52,0.7,0.154601
0.52,0.71,0.154652
0.52,0.72,0.154795
0.52,0.73,0.155032
0.52,0.74,0.155364
0.52,0.75,0.155794
0.52,0.76,0.156324
0.52,0.77,0.156958
0.52,0.78,0.157698
0.52,0.79,0.158549
0.52,0.8,0.159515
0.52,0.81,0.160601
0.52,0.82,0.161812
0.52,0.83,0.163154
0.52,0.84,0.164634
0.52,0.85,0.166259
0.52,0.86,0.168038
0.52,0.87,0.169978
0.52,0.88,0.172091
0.52,0.89,0.174386
0.52,0.9,0.176875
0.52,0.91,0.179572
0.52,0.92,0.182489
0.52,0.93,0.185642
0.52,0.94,0.189048
0.52,0.95,0.192724
0.52,0.96,0.196689
0.52,0.97,0.200964
0.52,0.98,0.205573
0.52,0.99,0.210538
0.52,1,0.215886
0.52,1.01,0.221644
0.52,1.02,0.227842
0.52,1.03,0.23451
0.52,1.04,0.241679
0.52,1.05,0.249385
0.52,1.06,0.257661
0.52,1.07,0.266542
0.52,1.08,0.276063
0.52,1.09,0.286258
0.53,-0.1,0.578096
0.53,-0.09,0.570735
0.53,-0.08,0.563166
0.53,-0.07,0.555394
0.53,-0.06,0.547426
0.53,-0.05,0.539268
0.53,-0.04,0.530929
0.53,-0.03,0.522418
0.53,-0.02,0.513747
0.53,-0.01,0.504927
0.53,-1.04083e-17,0.495973
0.53,0.01,0.486899
0.53,0.02,0.47772
0.53,0.03,0.468455
0.53,0.04,0.45912
0.53,0.05,0.449733
0.53,0.06,0.440315
0.53,0.07,0.430884
0.53,0.08,0.421461
0.53,0.09,0.412064
0.53,0.1,0.402713
0.53,0.11,0.393428
0.53,0.12,0.384227
0.53,0.13,0.375129
0.53,0.14,0.366149
0.53,0.15,0.357306
0.53,0.16,0.348613
0.53,0.17,0.340084
0.53,0.18,0.331733
0.53,0.19,0.32357
0.53,0.2,0.315605
0.53,0.21,0.307847
0.53,0.22,0.300304
0.53,0.23,0.292979
0.53,0.24,0.28588
0.53,0.25,0.279008
0.53,0.26,0.272365
0.53,0.27,0.265953
0.53,0.28,0.259772
0.53,0.29,0.25382
0.53,0.3,0.248096
0.53,0.31,0.242598
0.53,0.32,0.237321
0.53,0.33,0.232263
0.53,0.34,0.227419
0.53,0.35,0.222784
0.53,0.36,0.218354
0.53,0.37,0.214122
0.53,0.38,0.210085
0.53,0.39,0.206236
0.53,0.4,0.202569
0.53,0.41,0.199079
0.53,0.42,0.195761
0.53,0.43,0.192608
0.53,0.44,0.189616
0.53,0.45,0.186778
0.53,0.46,0.18409
0.53,0.47,0.181546
0.53,0.48,0.179142
0.53,0.49,0.176872
0.53,0.5,0.174733
0.53,0.51,0.17272
0.53,0.52,0.170829
0.53,0.53,0.169056
0.53,0.54,0.167398
0.53,0.55,0.16585
0.53,0.56,0.16441
0.53,0.57,0.163075
0.53,0.58,0.161842
0.53,0.59,0.160709
0.53,0.6,0.159674
0.53,0.61,0.158734
0.53,0.62,0.157887
0.53,0.63,0.157133
0.53,0.64,0.15647
0.53,0.65,0.155897
0.53,0.66,0.155413
0.53,0.67,0.155018
0.53,0.68,0.154712
0.53,0.69,0.154494
0.53,0.7,0.154365
0.53,0.71,0.154325
0.53,0.72,0.154376
0.53,0.73,0.154518
0.53,0.74,0.154754
0.53,0.75,0.155084
0.53,0.76,0.155512
0.53,0.77,0.156039
0.53,0.78,0.156669
0.53,0.79,0.157405
0.53,0.8,0.158251
0.53,0.81,0.159211
0.53,0.82,0.16029
0.53,0.83,0.161493
0.53,0.84,0.162827
0.53,0.85,0.164298
0.53,0.86,0.165913
0.53,0.87,0.16768
0.53,0.88,0.169609
0.53,0.89,0.171708
0.53,0.9,0.173988
0.53,0.91,0.176461
0.53,0.92,0.17914
0.53,0.93,0.182038
0.53,0.94,0.18517
0.53,0.95,0.188552
0.53,0.96,0.192203
0.53,0.97,0.196141
0.53,0.98,0.200388
0.53,0.99,0.204964
0.53,1,0.209895
0.53,1.01,0.215206
0.53,1.02,0.220924
0.53,1.03,0.227079
0.53,1.04,0.2337
0.53,1.05,0.240821
0.53,1.06,0.248473
0.53,1.07,0.256692
0.53,1.08,0.265513
0.53,1.09,0.274971
0.54,-0.1,0.584336
0.54,-0.09,0.577157
0.54,-0.08,0.569768
0.54,-0.07,0.562172
0.54,-0.06,0.554374
0.54,-0.05,0.54638
0.54,-0.04,0.538198
0.54,-0.03,0.529835
0.54,-0.02,0.521302
0.54,-0.01,0.512609
0.54,-1.04083e-17,0.50377
0.54,0.01,0.494798
0.54,0.02,0.485708
0.54,0.03,0.476516
0.54,0.04,0.467239
0.54,0.05,0.457894
0.54,0.06,0.448501
0.54,0.07,0.439079
0.54,0.08,0.429646
0.54,0.09,0.420222
0.54,0.1,0.410828
0.54,0.11,0.401483
0.54,0.12,0.392206
0.54,0.13,0.383015
0.54,0.14,0.373928
0.54,0.15,0.364964
0.54,0.16,0.356136
0.54,0.17,0.347461
0.54,0.18,0.338953
0.54,0.19,0.330623
0.54,0.2,0.322483
0.54,0.21,0.314542
0.54,0.22,0.306809
0.54,0.23,0.299291
0.54,0.24,0.291993
0.54,0.25,0.28492
0.54,0.26,0.278075
0.54,0.27,0.27146
0.54,0.28,0.265076
0.54,0.29,0.258922
0.54,0.3,0.252997
0.54,0.31,0.2473
0.54,0.32,0.241828
0.54,0.33,0.236578
0.54,0.34,0.231545
0.54,0.35,0.226726
0.54,0.36,0.222115
0.54,0.37,0.217708
0.54,0.38,0.213499
0.54,0.39,0.209484
0.54,0.4,0.205656
0.54,0.41,0.20201
0.54,0.42,0.19854
0.54,0.43,0.19524
0.54,0.44,0.192105
0.54,0.45,0.18913
0.54,0.46,0.186308
0.54,0.47,0.183636
0.54,0.48,0.181107
0.54,0.49,0.178717
0.54,0.5,0.176461
0.54,0.51,0.174335
0.54,0.52,0.172334
0.54,0.53,0.170454
0.54,0.54,0.168691
0.54,0.55,0.167043
0.54,0.56,0.165504
0.54,0.57,0.164073
0.54,0.58,0.162746
0.54,0.59,0.161521
0.54,0.6,0.160395
0.54,0.61,0.159365
0.54,0.62,0.158431
0.54,0.63,0.15759
0.54,0.64,0.156841
0.54,0.65,0.156182
0.54,0.66,0.155612
0.54,0.67,0.155132
0.54,0.68,0.154739
0.54,0.69,0.154435
0.54,0.7,0.154218
0.54,0.71,0.15409
0.54,0.72,0.154051
0.54,0.73,0.154102
0.54,0.74,0.154243
0.54,0.75,0.154478
0.54,0.76,0.154806
0.54,0.77,0.155231
0.54,0.78,0.155756
0.54,0.79,0.156382
0.54,0.8,0.157114
0.54,0.81,0.157954
0.54,0.82,0.158909
0.54,0.83,0.159981
0.54,0.84,0.161177
0.54,0.85,0.162503
0.54,0.86,0.163965
0.54,0.87,0.16557
0.54,0.88,0.167326
0.54,0.89,0.169242
0.54,0.9,0.171327
0.54,0.91,0.173593
0.54,0.92,0.17605
0.54,0.93,0.178711
0.54,0.94,0.181589
0.54,0.95,0.1847
0.54,0.96,0.18806
0.54,0.97,0.191686
0.54,0.98,0.195598
0.54,0.99,0.199815
0.54,1,0.20436
0.54,1.01,0.209257
0.54,1.02,0.214531
0.54,1.03,0.22021
0.54,1.04,0.226321
0.54,1.05,0.232897
0.54,1.06,0.239968
0.54,1.07,0.247567
0.54,1.08,0.25573
0.54,1.09,0.264491
0.55,-0.1,0.590416
0.55,-0.09,0.583422
0.55,-0.08,0.576215
0.55,-0.07,0.568798
0.55,-0.06,0.561175
0.55,-0.05,0.553351
0.55,-0.04,0.545331
0.55,-0.03,0.537124
0.55,-0.02,0.528737
0.55,-0.01,0.520182
0.55,-1.04083e-17,0.511469
0.55,0.01,0.502611
0.55,0.02,0.493621
0.55,0.03,0.484516
0.55,0.04,0.47531
0.55,0.05,0.466022
0.55,0.06,0.456668
0.55,0.07,0.447269
0.55,0.08,0.437842
0.55,0.09,0.428407
0.55,0.1,0.418984
0.55,0.11,0.409594
0.55,0.12,0.400254
0.55,0.13,0.390985
0.55,0.14,0.381804
0.55,0.15,0.37273
0.55,0.16,0.36378
0.55,0.17,0.354969
0.55,0.18,0.346313
0.55,0.19,0.337825
0.55,0.2,0.329516
0.55,0.21,0.321399
0.55,0.22,0.313482
0.55,0.23,0.305774
0.55,0.24,0.298282
0.55,0.25,0.291011
0.55,0.26,0.283965
0.55,0.27,0.277147
0.55,0.28,0.270559
0.55,0.29,0.264202
0.55,0.3,0.258076
0.55,0.31,0.252178
0.55,0.32,0.246508
0.55,0.33,0.241063
0.55,0.34,0.235838
0.55,0.35,0.230831
0.55,0.36,0.226036
0.55,0.37,0.221449
0.55,0.38,0.217066
0.55,0.39,0.21288
0.55,0.4,0.208886
0.55,0.41,0.20508
0.55,0.42,0.201454
0.55,0.43,0.198003
0.55,0.44,0.194722
0.55,0.45,0.191605
0.55,0.46,0.188647
0.55,0.47,0.185842
0.55,0.48,0.183185
0.55,0.49,0.180671
0.55,0.5,0.178295
0.55,0.51,0.176052
0.55,0.52,0.173939
0.55,0.53,0.171949
0.55,0.54,0.170081
0.55,0.55,0.168329
0.55,0.56,0.16669
0.55,0.57,0.165161
0.55,0.58,0.163738
0.55,0.59,0.162419
0.55,0.6,0.161202
0.55,0.61,0.160082
0.55,0.62,0.159059
0.55,0.63,0.158131
0.55,0.64,0.157295
0.55,0.65,0.15655
0.55,0.66,0.155895
0.55,0.67,0.155329
0.55,0.68,0.154852
0.55,0.69,0.154462
0.55,0.7,0.154159
0.55,0.71,0.153944
0.55,0.72,0.153817
0.55,0.73,0.153779
0.55,0.74,0.153829
0.55,0.75,0.15397
0.55,0.76,0.154203
0.55,0.77,0.15453
0.55,0.78,0.154953
0.55,0.79,0.155474
0.55,0.8,0.156097
0.55,0.81,0.156824
0.55,0.82,0.15766
0.55,0.83,0.158608
0.55,0.84,0.159674
0.55,0.85,0.160863
0.55,0.86,0.162181
0.55,0.87,0.163633
0.55,0.88,0.165228
0.55,0.89,0.166973
0.55,0.9,0.168877
0.55,0.91,0.170949
0.55,0.92,0.1732
0.55,0.93,0.175641
0.55,0.94,0.178284
0.55,0.95,0.181144
0.55,0.96,0.184234
0.55,0.97,0.187571
0.55,0.98,0.191173
0.55,0.99,0.195058
0.55,1,0.199246
0.55,1.01,0.20376
0.55,1.02,0.208623
0.55,1.03,0.21386
0.55,1.04,0.219499
0.55,1.05,0.225569
0.55,1.06,0.232098
0.55,1.07,0.23912
0.55,1.08,0.246668
0.55,1.09,0.254775
0.56,-0.1,0.596335
0.56,-0.09,0.589526
0.56,-0.08,0.582504
0.56,-0.07,0.575269
0.56,-0.06,0.567825
0.56,-0.05,0.560175
0.56,-0.04,0.552324
0.56,-0.03,0.544279
0.56,-0.02,0.536047
0.56,-0.01,0.527637
0.56,-1.04083e-17,0.51906
0.56,0.01,0.510326
0.56,0.02,0.501449
0.56,0.03,0.492442
0.56,0.04,0.483322
0.56,0.05,0.474103
0.56,0.06,0.464803
0.56,0.07,0.455441
0.56,0.08,0.446035
0.56,0.09,0.436604
0.56,0.1,0.427168
0.56,0.11,0.417747
0.56,0.12,0.40836
0.56,0.13,0.399026
0.56,0.14,0.389765
0.56,0.15,0.380595
0.56,0.16,0.371534
0.56,0.17,0.362599
0.56,0.18,0.353805
0.56,0.19,0.345167
0.56,0.2,0.336699
0.56,0.21,0.328413
0.56,0.22,0.320319
0.56,0.23,0.312426
0.56,0.24,0.304743
0.56,0.25,0.297277
0.56,0.26,0.290032
0.56,0.27,0.283013
0.56,0.28,0.276223
0.56,0.29,0.269663
0.56,0.3,0.263333
0.56,0.31,0.257234
0.56,0.32,0.251364
0.56,0.33,0.24572
0.56,0.34,0.240301
0.56,0.35,0.235102
0.56,0.36,0.23012
0.56,0.37,0.22535
0.56,0.38,0.220788
0.56,0.39,0.216427
0.56,0.4,0.212264
0.56,0.41,0.208292
0.56,0.42,0.204506
0.56,0.43,0.200901
0.56,0.44,0.19747
0.56,0.45,0.194207
0.56,0.46,0.191108
0.56,0.47,0.188167
0.56,0.48,0.185378
0.56,0.49,0.182737
0.56,0.5,0.180237
0.56,0.51,0.177875
0.56,0.52,0.175646
0.56,0.53,0.173545
0.56,0.54,0.171567
0.56,0.55,0.16971
0.56,0.56,0.167968
0.56,0.57,0.166339
0.56,0.58,0.16482
0.56,0.59,0.163406
0.56,0.6,0.162095
0.56,0.61,0.160884
0.56,0.62,0.159772
0.56,0.63,0.158755
0.56,0.64,0.157832
0.56,0.65,0.157001
0.56,0.66,0.156261
0.56,0.67,0.15561
0.56,0.68,0.155048
0.56,0.69,0.154573
0.56,0.7,0.154186
0.56,0.71,0.153885
0.56,0.72,0.153672
0.56,0.73,0.153546
0.56,0.74,0.153508
0.56,0.75,0.153558
0.56,0.76,0.153699
0.56,0.77,0.153931
0.56,0.78,0.154256
0.56,0.79,0.154676
0.56,0.8,0.155194
0.56,0.81,0.155813
0.56,0.82,0.156536
0.56,0.83,0.157367
0.56,0.84,0.15831
0.56,0.85,0.15937
0.56,0.86,0.160551
0.56,0.87,0.16186
0.56,0.88,0.163304
0.56,0.89,0.164889
0.56,0.9,0.166623
0.56,0.91,0.168515
0.56,0.92,0.170573
0.56,0.93,0.17281
0.56,0.94,0.175235
0.56,0.95,0.177861
0.56,0.96,0.180701
0.56,0.97,0.183771
0.56,0.98,0.187086
0.56,0.99,0.190663
0.56,1,0.194521
0.56,1.01,0.198681
0.56,1.02,0.203164
0.56,1.03,0.207993
0.56,1.04,0.213194
0.56,1.05,0.218794
0.56,1.06,0.224821
0.56,1.07,0.231306
0.56,1.08,0.238279
0.56,1.09,0.245774
0.57,-0.1,0.602091
0.57,-0.09,0.595469
0.57,-0.08,0.588632
0.57,-0.07,0.581582
0.57,-0.06,0.57432
0.57,-0.05,0.566848
0.57,-0.04,0.559171
0.57,-0.03,0.551294
0.57,-0.02,0.543224
0.57,-0.01,0.534967
0.57,-1.04083e-17,0.526534
0.57,0.01,0.517935
0.57,0.02,0.509181
0.57,0.03,0.500285
0.57,0.04,0.491261
0.57,0.05,0.482126
0.57,0.06,0.472894
0.57,0.07,0.463584
0.57,0.08,0.454214
0.57,0.09,0.444802
0.57,0.1,0.435367
0.57,0.11,0.42593
0.57,0.12,0.41651
0.57,0.13,0.407127
0.57,0.14,0.397799
0.57,0.15,0.388547
0.57,0.16,0.379388
0.57,0.17,0.37034
0.57,0.18,0.36142
0.57,0.19,0.352644
0.57,0.2,0.344025
0.57,0.21,0.335577
0.57,0.22,0.327312
0.57,0.23,0.319242
0.57,0.24,0.311373
0.57,0.25,0.303716
0.57,0.26,0.296276
0.57,0.27,0.289058
0.57,0.28,0.282066
0.57,0.29,0.275303
0.57,0.3,0.26877
0.57,0.31,0.262468
0.57,0.32,0.256396
0.57,0.33,0.250553
0.57,0.34,0.244936
0.57,0.35,0.239543
0.57,0.36,0.23437
0.57,0.37,0.229413
0.57,0.38,0.224668
0.57,0.39,0.220129
0.57,0.4,0.215793
0.57,0.41,0.211652
0.57,0.42,0.207702
0.57,0.43,0.203937
0.57,0.44,0.200351
0.57,0.45,0.196939
0.57,0.46,0.193696
0.57,0.47,0.190614
0.57,0.48,0.18769
0.57,0.49,0.184917
0.57,0.5,0.182291
0.57,0.51,0.179807
0.57,0.52,0.177458
0.57,0.53,0.175242
0.57,0.54,0.173153
0.57,0.55,0.171188
0.57,0.56,0.169341
0.57,0.57,0.16761
0.57,0.58,0.165991
0.57,0.59,0.16448
0.57,0.6,0.163075
0.57,0.61,0.161772
0.57,0.62,0.160569
0.57,0.63,0.159463
0.57,0.64,0.158452
0.57,0.65,0.157535
0.57,0.66,0.156709
0.57,0.67,0.155974
0.57,0.68,0.155327
0.57,0.69,0.154768
0.57,0.7,0.154297
0.57,0.71,0.153912
0.57,0.72,0.153613
0.57,0.73,0.153402
0.57,0.74,0.153276
0.57,0.75,0.153239
0.57,0.76,0.153289
0.57,0.77,0.153429
0.57,0.78,0.153659
0.57,0.79,0.153983
0.57,0.8,0.154401
0.57,0.81,0.154916
0.57,0.82,0.155531
0.57,0.83,0.15625
0.57,0.84,0.157076
0.57,0.85,0.158013
0.57,0.86,0.159067
0.57,0.87,0.160241
0.57,0.88,0.161542
0.57,0.89,0.162977
0.57,0.9,0.164552
0.57,0.91,0.166275
0.57,0.92,0.168154
0.57,0.93,0.1702
0.57,0.94,0.172422
0.57,0.95,0.174831
0.57,0.96,0.17744
0.57,0.97,0.180262
0.57,0.98,0.183311
0.57,0.99,0.186603
0.57,1,0.190156
0.57,1.01,0.193988
0.57,1.02,0.19812
0.57,1.03,0.202572
0.57,1.04,0.207368
0.57,1.05,0.212533
0.57,1.06,0.218094
0.57,1.07,0.224079
0.57,1.08,0.230518
0.57,1.09,0.237443
0.58,-0.1,0.607686
0.58,-0.09,0.60125
0.58,-0.08,0.5946
0.58,-0.07,0.587735
0.58,-0.06,0.580657
0.58,-0.05,0.573367
0.58,-0.04,0.565868
0.58,-0.03,0.558164
0.58,-0.02,0.550261
0.58,-0.01,0.542165
0.58,-1.04083e-17,0.533885
0.58,0.01,0.525429
0.58,0.02,0.516808
0.58,0.03,0.508033
0.58,0.04,0.499119
0.58,0.05,0.490079
0.58,0.06,0.480928
0.58,0.07,0.471684
0.58,0.08,0.462364
0.58,0.09,0.452985
0.58,0.1,0.443567
0.58,0.11,0.43413
0.58,0.12,0.424692
0.58,0.13,0.415274
0.58,0.14,0.405894
0.58,0.15,0.396574
0.58,0.16,0.38733
0.58,0.17,0.378183
0.58,0.18,0.369148
0.58,0.19,0.360244
0.58,0.2,0.351484
0.58,0.21,0.342885
0.58,0.22,0.334458
0.58,0.23,0.326215
0.58,0.24,0.318168
0.58,0.25,0.310324
0.58,0.26,0.302692
0.58,0.27,0.295278
0.58,0.28,0.288087
0.58,0.29,0.281122
0.58,0.3,0.274386
0.58,0.31,0.267881
0.58,0.32,0.261606
0.58,0.33,0.255562
0.58,0.34,0.249746
0.58,0.35,0.244156
0.58,0.36,0.238789
0.58,0.37,0.233642
0.58,0.38,0.22871
0.58,0.39,0.22399
0.58,0.4,0.219475
0.58,0.41,0.215161
0.58,0.42,0.211043
0.58,0.43,0.207114
0.58,0.44,0.20337
0.58,0.45,0.199805
0.58,0.46,0.196412
0.58,0.47,0.193187
0.58,0.48,0.190123
0.58,0.49,0.187216
0.58,0.5,0.184459
0.58,0.51,0.181848
0.58,0.52,0.179378
0.58,0.53,0.177044
0.58,0.54,0.174841
0.58,0.55,0.172764
0.58,0.56,0.170811
0.58,0.57,0.168975
0.58,0.58,0.167254
0.58,0.59,0.165645
0.58,0.6,0.164143
0.58,0.61,0.162746
0.58,0.62,0.161451
0.58,0.63,0.160255
0.58,0.64,0.159156
0.58,0.65,0.158152
0.58,0.66,0.15724
0.58,0.67,0.156419
0.58,0.68,0.155688
0.58,0.69,0.155046
0.58,0.7,0.154491
0.58,0.71,0.154022
0.58,0.72,0.15364
0.58,0.73,0.153343
0.58,0.74,0.153133
0.58,0.75,0.153008
0.58,0.76,0.152971
0.58,0.77,0.153021
0.58,0.78,0.153161
0.58,0.79,0.15339
0.58,0.8,0.153712
0.58,0.81,0.154127
0.58,0.82,0.15464
0.58,0.83,0.155251
0.58,0.84,0.155966
0.58,0.85,0.156787
0.58,0.86,0.157719
0.58,0.87,0.158766
0.58,0.88,0.159933
0.58,0.89,0.161226
0.58,0.9,0.162652
0.58,0.91,0.164217
0.58,0.92,0.165929
0.58,0.93,0.167797
0.58,0.94,0.169829
0.58,0.95,0.172037
0.58,0.96,0.17443
0.58,0.97,0.177022
0.58,0.98,0.179825
0.58,0.99,0.182854
0.58,1,0.186124
0.58,1.01,0.189653
0.58,1.02,0.193459
0.58,1.03,0.197562
0.58,1.04,0.201984
0.58,1.05,0.206747
0.58,1.06,0.211876
0.58,1.07,0.217398
0.58,1.08,0.223342
0.58,1.09,0.229736
0.59,-0.1,0.613119
0.59,-0.09,0.606869
0.59,-0.08,0.600406
0.59,-0.07,0.593727
0.59,-0.06,0.586835
0.59,-0.05,0.579728
0.59,-0.04,0.57241
0.59,-0.03,0.564884
0.59,-0.02,0.557154
0.59,-0.01,0.549225
0.59,-1.04083e-17,0.541104
0.59,0.01,0.532799
0.59,0.02,0.52432
0.59,0.03,0.515677
0.59,0.04,0.506883
0.59,0.05,0.49795
0.59,0.06,0.488894
0.59,0.07,0.479729
0.59,0.08,0.470473
0.59,0.09,0.461142
0.59,0.1,0.451756
0.59,0.11,0.442333
0.59,0.12,0.432892
0.59,0.13,0.423454
0.59,0.14,0.414038
0.59,0.15,0.404663
0.59,0.16,0.395349
0.59,0.17,0.386115
0.59,0.18,0.376979
0.59,0.19,0.367959
0.59,0.2,0.35907
0.59,0.21,0.350328
0.59,0.22,0.341748
0.59,0.23,0.333342
0.59,0.24,0.325122
0.59,0.25,0.317098
0.59,0.26,0.309279
0.59,0.27,0.301672
0.59,0.28,0.294285
0.59,0.29,0.28712
0.59,0.3,0.280182
0.59,0.31,0.273474
0.59,0.32,0.266996
0.59,0.33,0.260749
0.59,0.34,0.254732
0.59,0.35,0.248943
0.59,0.36,0.24338
0.59,0.37,0.238039
0.59,0.38,0.232918
0.59,0.39,0.228011
0.59,0.4,0.223315
0.59,0.41,0.218824
0.59,0.42,0.214533
0.59,0.43,0.210437
0.59,0.44,0.206531
0.59,0.45,0.202807
0.59,0.46,0.199262
0.59,0.47,0.195888
0.59,0.48,0.192681
0.59,0.49,0.189635
0.59,0.5,0.186745
0.59,0.51,0.184004
0.59,0.52,0.181408
0.59,0.53,0.178953
0.59,0.54,0.176632
0.59,0.55,0.174442
0.59,0.56,0.172378
0.59,0.57,0.170436
0.59,0.58,0.168611
0.59,0.59,0.166901
0.59,0.6,0.165301
0.59,0.61,0.163808
0.59,0.62,0.16242
0.59,0.63,0.161132
0.59,0.64,0.159944
0.59,0.65,0.158851
0.59,0.66,0.157853
0.59,0.67,0.156947
0.59,0.68,0.156131
0.59,0.69,0.155405
0.59,0.7,0.154766
0.59,0.71,0.154215
0.59,0.72,0.153749
0.59,0.73,0.153369
0.59,0.74,0.153075
0.59,0.75,0.152866
0.59,0.76,0.152742
0.59,0.77,0.152705
0.59,0.78,0.152756
0.59,0.79,0.152894
0.59,0.8,0.153122
0.59,0.81,0.153442
0.59,0.82,0.153855
0.59,0.83,0.154365
0.59,0.84,0.154973
0.59,0.85,0.155684
0.59,0.86,0.1565
0.59,0.87,0.157426
0.59,0.88,0.158466
0.59,0.89,0.159626
0.59,0.9,0.160912
0.59,0.91,0.162329
0.59,0.92,0.163884
0.59,0.93,0.165585
0.59,0.94,0.167441
0.59,0.95,0.169461
0.59,0.96,0.171654
0.59,0.97,0.174032
0.59,0.98,0.176606
0.59,0.99,0.179391
0.59,1,0.1824
0.59,1.01,0.185648
0.59,1.02,0.189153
0.59,1.03,0.192934
0.59,1.04,0.197008
0.59,1.05,0.201399
0.59,1.06,0.20613
0.59,1.07,0.211224
0.59,1.08,0.216708
0.59,1.09,0.22261
0.6,-0.1,0.618391
0.6,-0.09,0.612327
0.6,-0.08,0.606049
0.6,-0.07,0.599558
0.6,-0.06,0.592851
0.6,-0.05,0.58593
0.6,-0.04,0.578796
0.6,-0.03,0.571451
0.6,-0.02,0.563897
0.6,-0.01,0.55614
0.6,-1.04083e-17,0.548185
0.6,0.01,0.540039
0.6,0.02,0.531711
0.6,0.03,0.523209
0.6,0.04,0.514545
0.6,0.05,0.505731
0.6,0.06,0.49678
0.6,0.07,0.487707
0.6,0.08,0.478528
0.6,0.09,0.46926
0.6,0.1,0.45992
0.6,0.11,0.450526
0.6,0.12,0.441098
0.6,0.13,0.431655
0.6,0.14,0.422216
0.6,0.15,0.412803
0.6,0.16,0.403433
0.6,0.17,0.394126
0.6,0.18,0.384902
0.6,0.19,0.375778
0.6,0.2,0.366771
0.6,0.21,0.357898
0.6,0.22,0.349174
0.6,0.23,0.340614
0.6,0.24,0.332229
0.6,0.25,0.324031
0.6,0.26,0.316031
0.6,0.27,0.308237
0.6,0.28,0.300656
0.6,0.29,0.293295
0.6,0.3,0.286157
0.6,0.31,0.279247
0.6,0.32,0.272566
0.6,0.33,0.266115
0.6,0.34,0.259896
0.6,0.35,0.253906
0.6,0.36,0.248144
0.6,0.37,0.242607
0.6,0.38,0.237293
0.6,0.39,0.232197
0.6,0.4,0.227316
0.6,0.41,0.222644
0.6,0.42,0.218177
0.6,0.43,0.213909
0.6,0.44,0.209835
0.6,0.45,0.20595
0.6,0.46,0.202247
0.6,0.47,0.198722
0.6,0.48,0.195367
0.6,0.49,0.192179
0.6,0.5,0.18915
0.6,0.51,0.186276
0.6,0.52,0.183552
0.6,0.53,0.180971
0.6,0.54,0.17853
0.6,0.55,0.176223
0.6,0.56,0.174046
0.6,0.57,0.171994
0.6,0.58,0.170063
0.6,0.59,0.168249
0.6,0.6,0.166549
0.6,0.61,0.164959
0.6,0.62,0.163475
0.6,0.63,0.162095
0.6,0.64,0.160816
0.6,0.65,0.159634
0.6,0.66,0.158548
0.6,0.67,0.157556
0.6,0.68,0.156656
0.6,0.69,0.155845
0.6,0.7,0.155123
0.6,0.71,0.154488
0.6,0.72,0.15394
0.6,0.73,0.153478
0.6,0.74,0.1531
0.6,0.75,0.152808
0.6,0.76,0.1526
0.6,0.77,0.152478
0.6,0.78,0.152441
0.6,0.79,0.152491
0.6,0.8,0.152629
0.6,0.81,0.152856
0.6,0.82,0.153174
0.6,0.83,0.153585
0.6,0.84,0.154092
0.6,0.85,0.154697
0.6,0.86,0.155403
0.6,0.87,0.156214
0.6,0.88,0.157135
0.6,0.89,0.158169
0.6,0.9,0.159322
0.6,0.91,0.1606
0.6,0.92,0.162008
0.6,0.93,0.163553
0.6,0.94,0.165244
0.6,0.95,0.167088
0.6,0.96,0.169095
0.6,0.97,0.171274
0.6,0.98,0.173636
0.6,0.99,0.176194
0.6,1,0.17896
0.6,1.01,0.181949
0.6,1.02,0.185176
0.6,1.03,0.188657
0.6,1.04,0.192412
0.6,1.05,0.196459
0.6,1.06,0.200819
0.6,1.07,0.205517
0.6,1.08,0.210576
0.6,1.09,0.216022
0.61,-0.1,0.623505
0.61,-0.09,0.617623
0.61,-0.08,0.611531
0.61,-0.07,0.605226
0.61,-0.06,0.598706
0.61,-0.05,0.591972
0.61,-0.04,0.585023
0.61,-0.03,0.577861
0.61,-0.02,0.570487
0.61,-0.01,0.562907
0.61,-1.04083e-17,0.555123
0.61,0.01,0.547142
0.61,0.02,0.538972
0.61,0.03,0.530619
0.61,0.04,0.522095
0.61,0.05,0.51341
0.61,0.06,0.504576
0.61,0.07,0.495608
0.61,0.08,0.486519
0.61,0.09,0.477326
0.61,0.1,0.468046
0.61,0.11,0.458696
0.61,0.12,0.449295
0.61,0.13,0.439863
0.61,0.14,0.430417
0.61,0.15,0.420979
0.61,0.16,0.411568
0.61,0.17,0.402203
0.61,0.18,0.392904
0.61,0.19,0.38369
0.61,0.2,0.374578
0.61,0.21,0.365586
0.61,0.22,0.356729
0.61,0.23,0.348023
0.61,0.24,0.339482
0.61,0.25,0.331119
0.61,0.26,0.322944
0.61,0.27,0.314968
0.61,0.28,0.307199
0.61,0.29,0.299644
0.61,0.3,0.292309
0.61,0.31,0.285198
0.61,0.32,0.278315
0.61,0.33,0.271661
0.61,0.34,0.265239
0.61,0.35,0.259046
0.61,0.36,0.253084
0.61,0.37,0.247349
0.61,0.38,0.241839
0.61,0.39,0.236551
0.61,0.4,0.231481
0.61,0.41,0.226624
0.61,0.42,0.221977
0.61,0.43,0.217533
0.61,0.44,0.213288
0.61,0.45,0.209237
0.61,0.46,0.205373
0.61,0.47,0.201691
0.61,0.48,0.198185
0.61,0.49,0.19485
0.61,0.5,0.191679
0.61,0.51,0.188668
0.61,0.52,0.185811
0.61,0.53,0.183102
0.61,0.54,0.180536
0.61,0.55,0.178109
0.61,0.56,0.175816
0.61,0.57,0.173652
0.61,0.58,0.171612
0.61,0.59,0.169693
0.61,0.6,0.16789
0.61,0.61,0.1662
0.61,0.62,0.164619
0.61,0.63,0.163144
0.61,0.64,0.161772
0.61,0.65,0.160501
0.61,0.66,0.159326
0.61,0.67,0.158247
0.61,0.68,0.157261
0.61,0.69,0.156366
0.61,0.7,0.155561
0.61,0.71,0.154843
0.61,0.72,0.154212
0.61,0.73,0.153668
0.61,0.74,0.153208
0.61,0.75,0.152833
0.61,0.76,0.152542
0.61,0.77,0.152336
0.61,0.78,0.152215
0.61,0.79,0.152179
0.61,0.8,0.152229
0.61,0.81,0.152366
0.61,0.82,0.152592
0.61,0.83,0.152908
0.61,0.84,0.153317
0.61,0.85,0.153821
0.61,0.86,0.154422
0.61,0.87,0.155124
0.61,0.88,0.155931
0.61,0.89,0.156846
0.61,0.9,0.157874
0.61,0.91,0.15902
0.61,0.92,0.160289
0.61,0.93,0.161689
0.61,0.94,0.163225
0.61,0.95,0.164905
0.61,0.96,0.166737
0.61,0.97,0.168731
0.61,0.98,0.170896
0.61,0.99,0.173243
0.61,1,0.175784
0.61,1.01,0.178532
0.61,1.02,0.181501
0.61,1.03,0.184706
0.61,1.04,0.188164
0.61,1.05,0.191893
0.61,1.06,0.195912
0.61,1.07,0.200243
0.61,1.08,0.204908
0.61,1.09,0.209932
0.62,-0.1,0.628461
0.62,-0.09,0.622761
0.62,-0.08,0.616852
0.62,-0.07,0.610732
0.62,-0.06,0.604399
0.62,-0.05,0.597851
0.62,-0.04,0.591088
0.62,-0.03,0.584112
0.62,-0.02,0.576921
0.62,-0.01,0.569521
0.62,-1.04083e-17,0.561913
0.62,0.01,0.554103
0.62,0.02,0.546096
0.62,0.03,0.537901
0.62,0.04,0.529525
0.62,0.05,0.520978
0.62,0.06,0.512272
0.62,0.07,0.503419
0.62,0.08,0.494433
0.62,0.09,0.485329
0.62,0.1,0.476122
0.62,0.11,0.466831
0.62,0.12,0.457472
0.62,0.13,0.448064
0.62,0.14,0.438627
0.62,0.15,0.42918
0.62,0.16,0.419742
0.62,0.17,0.410334
0.62,0.18,0.400975
0.62,0.19,0.391684
0.62,0.2,0.38248
0.62,0.21,0.37338
0.62,0.22,0.364402
0.62,0.23,0.355562
0.62,0.24,0.346875
0.62,0.25,0.338354
0.62,0.26,0.330012
0.62,0.27,0.321861
0.62,0.28,0.313908
0.62,0.29,0.306164
0.62,0.3,0.298635
0.62,0.31,0.291326
0.62,0.32,0.284243
0.62,0.33,0.277387
0.62,0.34,0.270761
0.62,0.35,0.264366
0.62,0.36,0.258201
0.62,0.37,0.252266
0.62,0.38,0.246558
0.62,0.39,0.241074
0.62,0.4,0.235812
0.62,0.41,0.230768
0.62,0.42,0.225936
0.62,0.43,0.221313
0.62,0.44,0.216893
0.62,0.45,0.212671
0.62,0.46,0.208642
0.62,0.47,0.204799
0.62,0.48,0.201137
0.62,0.49,0.197651
0.62,0.5,0.194335
0.62,0.51,0.191182
0.62,0.52,0.188189
0.62,0.53,0.185348
0.62,0.54,0.182655
0.62,0.55,0.180104
0.62,0.56,0.177692
0.62,0.57,0.175412
0.62,0.58,0.17326
0.62,0.59,0.171233
0.62,0.6,0.169325
0.62,0.61,0.167533
0.62,0.62,0.165853
0.62,0.63,0.164281
0.62,0.64,0.162816
0.62,0.65,0.161452
0.62,0.66,0.160188
0.62,0.67,0.159021
0.62,0.68,0.157948
0.62,0.69,0.156968
0.62,0.7,0.156078
0.62,0.71,0.155278
0.62,0.72,0.154565
0.62,0.73,0.153938
0.62,0.74,0.153397
0.62,0.75,0.15294
0.62,0.76,0.152567
0.62,0.77,0.152279
0.62,0.78,0.152074
0.62,0.79,0.151953
0.62,0.8,0.151918
0.62,0.81,0.151968
0.62,0.82,0.152104
0.62,0.83,0.152329
0.62,0.84,0.152644
0.62,0.85,0.15305
0.62,0.86,0.153551
0.62,0.87,0.154149
0.62,0.88,0.154847
0.62,0.89,0.155649
0.62,0.9,0.156558
0.62,0.91,0.15758
0.62,0.92,0.158719
0.62,0.93,0.159981
0.62,0.94,0.161372
0.62,0.95,0.162898
0.62,0.96,0.164568
0.62,0.97,0.166388
0.62,0.98,0.168369
0.62,0.99,0.17052
0.62,1,0.172852
0.62,1.01,0.175377
0.62,1.02,0.178106
0.62,1.03,0.181056
0.62,1.04,0.184239
0.62,1.05,0.187674
0.62,1.06,0.191378
0.62,1.07,0.19537
0.62,1.08,0.199671
0.62,1.09,0.204304
0.63,-0.1,0.633262
0.63,-0.09,0.62774
0.63,-0.08,0.622013
0.63,-0.07,0.616077
0.63,-0.06,0.609929
0.63,-0.05,0.603568
0.63,-0.04,0.596992
0.63,-0.03,0.590202
0.63,-0.02,0.583197
0.63,-0.01,0.575979
0.63,-1.04083e-17,0.568551
0.63,0.01,0.560916
0.63,0.02,0.553079
0.63,0.03,0.545047
0.63,0.04,0.536827
0.63,0.05,0.528428
0.63,0.06,0.519859
0.63,0.07,0.511132
0.63,0.08,0.50226
0.63,0.09,0.493257
0.63,0.1,0.484137
0.63,0.11,0.474917
0.63,0.12,0.465614
0.63,0.13,0.456247
0.63,0.14,0.446833
0.63,0.15,0.437391
0.63,0.16,0.427943
0.63,0.17,0.418506
0.63,0.18,0.409101
0.63,0.19,0.399748
0.63,0.2,0.390465
0.63,0.21,0.381271
0.63,0.22,0.372184
0.63,0.23,0.363221
0.63,0.24,0.354398
0.63,0.25,0.34573
0.63,0.26,0.337229
0.63,0.27,0.328909
0.63,0.28,0.32078
0.63,0.29,0.312852
0.63,0.3,0.305133
0.63,0.31,0.29763
0.63,0.32,0.290348
0.63,0.33,0.283291
0.63,0.34,0.276463
0.63,0.35,0.269865
0.63,0.36,0.263497
0.63,0.37,0.25736
0.63,0.38,0.251452
0.63,0.39,0.245771
0.63,0.4,0.240314
0.63,0.41,0.235078
0.63,0.42,0.230059
0.63,0.43,0.225252
0.63,0.44,0.220653
0.63,0.45,0.216257
0.63,0.46,0.212057
0.63,0.47,0.20805
0.63,0.48,0.204228
0.63,0.49,0.200587
0.63,0.5,0.197121
0.63,0.51,0.193823
0.63,0.52,0.190689
0.63,0.53,0.187712
0.63,0.54,0.184888
0.63,0.55,0.18221
0.63,0.56,0.179675
0.63,0.57,0.177276
0.63,0.58,0.17501
0.63,0.59,0.172871
0.63,0.6,0.170856
0.63,0.61,0.168959
0.63,0.62,0.167178
0.63,0.63,0.165508
0.63,0.64,0.163946
0.63,0.65,0.162489
0.63,0.66,0.161133
0.63,0.67,0.159877
0.63,0.68,0.158717
0.63,0.69,0.157651
0.63,0.7,0.156677
0.63,0.71,0.155792
0.63,0.72,0.154997
0.63,0.73,0.154288
0.63,0.74,0.153665
0.63,0.75,0.153127
0.63,0.76,0.152673
0.63,0.77,0.152303
0.63,0.78,0.152016
0.63,0.79,0.151813
0.63,0.8,0.151694
0.63,0.81,0.151658
0.63,0.82,0.151708
0.63,0.83,0.151844
0.63,0.84,0.152068
0.63,0.85,0.152381
0.63,0.86,0.152785
0.63,0.87,0.153283
0.63,0.88,0.153877
0.63,0.89,0.154571
0.63,0.9,0.155368
0.63,0.91,0.156273
0.63,0.92,0.157288
0.63,0.93,0.15842
0.63,0.94,0.159675
0.63,0.95,0.161057
0.63,0.96,0.162574
0.63,0.97,0.164233
0.63,0.98,0.166042
0.63,0.99,0.16801
0.63,1,0.170147
0.63,1.01,0.172464
0.63,1.02,0.174972
0.63,1.03,0.177684
0.63,1.04,0.180614
0.63,1.05,0.183776
0.63,1.06,0.187188
0.63,1.07,0.190866
0.63,1.08,0.194831
0.63,1.09,0.199103
0.64,-0.1,0.63791
0.64,-0.09,0.632564
0.64,-0.08,0.627016
0.64,-0.07,0.621262
0.64,-0.06,0.615298
0.64,-0.05,0.609123
0.64,-0.04,0.602734
0.64,-0.03,0.59613
0.64,-0.02,0.589311
0.64,-0.01,0.582278
0.64,-1.04083e-17,0.575033
0.64,0.01,0.567577
0.64,0.02,0.559915
0.64,0.03,0.552053
0.64,0.04,0.543995
0.64,0.05,0.535751
0.64,0.06,0.527328
0.64,0.07,0.518737
0.64,0.08,0.50999
0.64,0.09,0.501099
0.64,0.1,0.492078
0.64,0.11,0.482943
0.64,0.12,0.473711
0.64,0.13,0.464397
0.64,0.14,0.455021
0.64,0.15,0.4456
0.64,0.16,0.436155
0.64,0.17,0.426705
0.64,0.18,0.41727
0.64,0.19,0.407869
0.64,0.2,0.398522
0.64,0.21,0.389247
0.64,0.22,0.380064
0.64,0.23,0.370991
0.64,0.24,0.362043
0.64,0.25,0.353237
0.64,0.26,0.344587
0.64,0.27,0.336107
0.64,0.28,0.327809
0.64,0.29,0.319703
0.64,0.3,0.311799
0.64,0.31,0.304106
0.64,0.32,0.296629
0.64,0.33,0.289373
0.64,0.34,0.282344
0.64,0.35,0.275543
0.64,0.36,0.268972
0.64,0.37,0.262632
0.64,0.38,0.256522
0.64,0.39,0.250642
0.64,0.4,0.244987
0.64,0.41,0.239557
0.64,0.42,0.234347
0.64,0.43,0.229353
0.64,0.44,0.224571
0.64,0.45,0.219997
0.64,0.46,0.215624
0.64,0.47,0.211447
0.64,0.48,0.207462
0.64,0.49,0.203661
0.64,0.5,0.20004
0.64,0.51,0.196593
0.64,0.52,0.193314
0.64,0.53,0.190198
0.64,0.54,0.187239
0.64,0.55,0.184431
0.64,0.56,0.181769
0.64,0.57,0.179248
0.64,0.58,0.176864
0.64,0.59,0.174611
0.64,0.6,0.172484
0.64,0.61,0.170481
0.64,0.62,0.168596
0.64,0.63,0.166825
0.64,0.64,0.165165
0.64,0.65,0.163612
0.64,0.66,0.162164
0.64,0.67,0.160817
0.64,0.68,0.159568
0.64,0.69,0.158415
0.64,0.7,0.157355
0.64,0.71,0.156387
0.64,0.72,0.155508
0.64,0.73,0.154718
0.64,0.74,0.154013
0.64,0.75,0.153394
0.64,0.76,0.15286
0.64,0.77,0.152409
0.64,0.78,0.152041
0.64,0.79,0.151756
0.64,0.8,0.151554
0.64,0.81,0.151435
0.64,0.82,0.151401
0.64,0.83,0.15145
0.64,0.84,0.151586
0.64,0.85,0.151808
0.64,0.86,0.15212
0.64,0.87,0.152522
0.64,0.88,0.153017
0.64,0.89,0.153608
0.64,0.9,0.154298
0.64,0.91,0.15509
0.64,0.92,0.155989
0.64,0.93,0.156998
0.64,0.94,0.158124
0.64,0.95,0.15937
0.64,0.96,0.160744
0.64,0.97,0.162251
0.64,0.98,0.1639
0.64,0.99,0.165698
0.64,1,0.167653
0.64,1.01,0.169777
0.64,1.02,0.172079
0.64,1.03,0.17457
0.64,1.04,0.177264
0.64,1.05,0.180174
0.64,1.06,0.183316
0.64,1.07,0.186704
0.64,1.08,0.190358
0.64,1.09,0.194296
0.65,-0.1,0.642408
0.65,-0.09,0.637235
0.65,-0.08,0.631863
0.65,-0.07,0.626289
0.65,-0.06,0.620507
0.65,-0.05,0.614516
0.65,-0.04,0.608313
0.65,-0.03,0.601896
0.65,-0.02,0.595264
0.65,-0.01,0.588418
0.65,-1.04083e-17,0.581357
0.65,0.01,0.574083
0.65,0.02,0.5666
0.65,0.03,0.558912
0.65,0.04,0.551023
0.65,0.05,0.54294
0.65,0.06,0.534671
0.65,0.07,0.526225
0.65,0.08,0.517612
0.65,0.09,0.508845
0.65,0.1,0.499935
0.65,0.11,0.490898
0.65,0.12,0.481748
0.65,0.13,0.472503
0.65,0.14,0.463178
0.65,0.15,0.453794
0.65,0.16,0.444368
0.65,0.17,0.434919
0.65,0.18,0.425468
0.65,0.19,0.416035
0.65,0.2,0.406638
0.65,0.21,0.397297
0.65,0.22,0.388031
0.65,0.23,0.378859
0.65,0.24,0.369799
0.65,0.25,0.360866
0.65,0.26,0.352078
0.65,0.27,0.343447
0.65,0.28,0.334988
0.65,0.29,0.326712
0.65,0.3,0.318629
0.65,0.31,0.31075
0.65,0.32,0.303082
0.65,0.33,0.295631
0.65,0.34,0.288403
0.65,0.35,0.281401
0.65,0.36,0.274627
0.65,0.37,0.268084
0.65,0.38,0.261771
0.65,0.39,0.255689
0.65,0.4,0.249835
0.65,0.41,0.244208
0.65,0.42,0.238804
0.65,0.43,0.23362
0.65,0.44,0.228652
0.65,0.45,0.223895
0.65,0.46,0.219344
0.65,0.47,0.214994
0.65,0.48,0.21084
0.65,0.49,0.206877
0.65,0.5,0.203097
0.65,0.51,0.199497
0.65,0.52,0.196069
0.65,0.53,0.192809
0.65,0.54,0.18971
0.65,0.55,0.186768
0.65,0.56,0.183976
0.65,0.57,0.18133
0.65,0.58,0.178824
0.65,0.59,0.176453
0.65,0.6,0.174214
0.65,0.61,0.1721
0.65,0.62,0.170108
0.65,0.63,0.168234
0.65,0.64,0.166474
0.65,0.65,0.164824
0.65,0.66,0.163281
0.65,0.67,0.161841
0.65,0.68,0.160502
0.65,0.69,0.159261
0.65,0.7,0.158115
0.65,0.71,0.157062
0.65,0.72,0.156099
0.65,0.73,0.155226
0.65,0.74,0.15444
0.65,0.75,0.15374
0.65,0.76,0.153125
0.65,0.77,0.152594
0.65,0.78,0.152146
0.65,0.79,0.15178
0.65,0.8,0.151497
0.65,0.81,0.151297
0.65,0.82,0.151179
0.65,0.83,0.151145
0.65,0.84,0.151194
0.65,0.85,0.151329
0.65,0.86,0.15155
0.65,0.87,0.15186
0.65,0.88,0.15226
0.65,0.89,0.152752
0.65,0.9,0.15334
0.65,0.91,0.154026
0.65,0.92,0.154813
0.65,0.93,0.155707
0.65,0.94,0.15671
0.65,0.95,0.157829
0.65,0.96,0.159068
0.65,0.97,0.160433
0.65,0.98,0.161931
0.65,0.99,0.163569
0.65,1,0.165355
0.65,1.01,0.167299
0.65,1.02,0.169409
0.65,1.03,0.171696
0.65,1.04,0.174171
0.65,1.05,0.176847
0.65,1.06,0.179738
0.65,1.07,0.182858
0.65,1.08,0.186224
0.65,1.09,0.189853
0.66,-0.1,0.646758
0.66,-0.09,0.641755
0.66,-0.08,0.636557
0.66,-0.07,0.631159
0.66,-0.06,0.625558
0.66,-0.05,0.619749
0.66,-0.04,0.613731
0.66,-0.03,0.6075
0.66,-0.02,0.601055
0.66,-0.01,0.594395
0.66,-1.04083e-17,0.58752
0.66,0.01,0.580431
0.66,0.02,0.57313
0.66,0.03,0.56562
0.66,0.04,0.557905
0.66,0.05,0.54999
0.66,0.06,0.541882
0.66,0.07,0.533588
0.66,0.08,0.525119
0.66,0.09,0.516485
0.66,0.1,0.507697
0.66,0.11,0.498769
0.66,0.12,0.489715
0.66,0.13,0.480551
0.66,0.14,0.471293
0.66,0.15,0.461959
0.66,0.16,0.452566
0.66,0.17,0.443135
0.66,0.18,0.433683
0.66,0.19,0.424232
0.66,0.2,0.4148
0.66,0.21,0.405407
0.66,0.22,0.396073
0.66,0.23,0.386817
0.66,0.24,0.377656
0.66,0.25,0.368609
0.66,0.26,0.359693
0.66,0.27,0.350921
0.66,0.28,0.34231
0.66,0.29,0.333871
0.66,0.3,0.325618
0.66,0.31,0.317559
0.66,0.32,0.309705
0.66,0.33,0.302062
0.66,0.34,0.294638
0.66,0.35,0.287436
0.66,0.36,0.280461
0.66,0.37,0.273715
0.66,0.38,0.267199
0.66,0.39,0.260915
0.66,0.4,0.25486
0.66,0.41,0.249033
0.66,0.42,0.243433
0.66,0.43,0.238055
0.66,0.44,0.232897
0.66,0.45,0.227954
0.66,0.46,0.223222
0.66,0.47,0.218695
0.66,0.48,0.214368
0.66,0.49,0.210237
0.66,0.5,0.206295
0.66,0.51,0.202537
0.66,0.52,0.198956
0.66,0.53,0.195548
0.66,0.54,0.192306
0.66,0.55,0.189225
0.66,0.56,0.1863
0.66,0.57,0.183524
0.66,0.58,0.180894
0.66,0.59,0.178402
0.66,0.6,0.176046
0.66,0.61,0.173819
0.66,0.62,0.171718
0.66,0.63,0.169738
0.66,0.64,0.167875
0.66,0.65,0.166126
0.66,0.66,0.164486
0.66,0.67,0.162952
0.66,0.68,0.161521
0.66,0.69,0.160189
0.66,0.7,0.158956
0.66,0.71,0.157816
0.66,0.72,0.15677
0.66,0.73,0.155813
0.66,0.74,0.154945
0.66,0.75,0.154164
0.66,0.76,0.153469
0.66,0.77,0.152857
0.66,0.78,0.152329
0.66,0.79,0.151884
0.66,0.8,0.151521
0.66,0.81,0.15124
0.66,0.82,0.151041
0.66,0.83,0.150924
0.66,0.84,0.15089
0.66,0.85,0.15094
0.66,0.86,0.151074
0.66,0.87,0.151294
0.66,0.88,0.151602
0.66,0.89,0.151999
0.66,0.9,0.152489
0.66,0.91,0.153073
0.66,0.92,0.153755
0.66,0.93,0.154538
0.66,0.94,0.155426
0.66,0.95,0.156424
0.66,0.96,0.157536
0.66,0.97,0.158767
0.66,0.98,0.160124
0.66,0.99,0.161612
0.66,1,0.16324
0.66,1.01,0.165016
0.66,1.02,0.166947
0.66,1.03,0.169043
0.66,1.04,0.171315
0.66,1.05,0.173774
0.66,1.06,0.176433
0.66,1.07,0.179305
0.66,1.08,0.182404
0.66,1.09,0.185747
0.67,-0.1,0.650964
0.67,-0.09,0.646127
0.67,-0.08,0.641099
0.67,-0.07,0.635875
0.67,-0.06,0.630452
0.67,-0.05,0.624823
0.67,-0.04,0.618988
0.67,-0.03,0.612942
0.67,-0.02,0.606683
0.67,-0.01,0.60021
0.67,-1.04083e-17,0.593522
0.67,0.01,0.58662
0.67,0.02,0.579503
0.67,0.03,0.572174
0.67,0.04,0.564636
0.67,0.05,0.556894
0.67,0.06,0.548953
0.67,0.07,0.54082
0.67,0.08,0.532503
0.67,0.09,0.524011
0.67,0.1,0.515355
0.67,0.11,0.506548
0.67,0.12,0.497601
0.67,0.13,0.488531
0.67,0.14,0.479353
0.67,0.15,0.470082
0.67,0.16,0.460738
0.67,0.17,0.451338
0.67,0.18,0.441901
0.67,0.19,0.432447
0.67,0.2,0.422995
0.67,0.21,0.413565
0.67,0.22,0.404177
0.67,0.23,0.394851
0.67,0.24,0.385604
0.67,0.25,0.376455
0.67,0.26,0.367422
0.67,0.27,0.358521
0.67,0.28,0.349768
0.67,0.29,0.341176
0.67,0.3,0.332758
0.67,0.31,0.324527
0.67,0.32,0.316492
0.67,0.33,0.308663
0.67,0.34,0.301046
0.67,0.35,0.293648
0.67,0.36,0.286473
0.67,0.37,0.279525
0.67,0.38,0.272807
0.67,0.39,0.266319
0.67,0.4,0.260062
0.67,0.41,0.254034
0.67,0.42,0.248235
0.67,0.43,0.242661
0.67,0.44,0.23731
0.67,0.45,0.232178
0.67,0.46,0.22726
0.67,0.47,0.222552
0.67,0.48,0.218049
0.67,0.49,0.213746
0.67,0.5,0.209637
0.67,0.51,0.205717
0.67,0.52,0.201979
0.67,0.53,0.198419
0.67,0.54,0.19503
0.67,0.55,0.191807
0.67,0.56,0.188744
0.67,0.57,0.185835
0.67,0.58,0.183075
0.67,0.59,0.18046
0.67,0.6,0.177983
0.67,0.61,0.175641
0.67,0.62,0.173427
0.67,0.63,0.171339
0.67,0.64,0.16937
0.67,0.65,0.167519
0.67,0.66,0.165779
0.67,0.67,0.164149
0.67,0.68,0.162624
0.67,0.69,0.161202
0.67,0.7,0.159879
0.67,0.71,0.158652
0.67,0.72,0.15752
0.67,0.73,0.15648
0.67,0.74,0.155529
0.67,0.75,0.154666
0.67,0.76,0.15389
0.67,0.77,0.153199
0.67,0.78,0.152591
0.67,0.79,0.152067
0.67,0.8,0.151624
0.67,0.81,0.151263
0.67,0.82,0.150984
0.67,0.83,0.150786
0.67,0.84,0.150671
0.67,0.85,0.150637
0.67,0.86,0.150686
0.67,0.87,0.15082
0.67,0.88,0.151039
0.67,0.89,0.151345
0.67,0.9,0.151741
0.67,0.91,0.152228
0.67,0.92,0.152808
0.67,0.93,0.153486
0.67,0.94,0.154265
0.67,0.95,0.155148
0.67,0.96,0.156139
0.67,0.97,0.157244
0.67,0.98,0.158468
0.67,0.99,0.159816
0.67,1,0.161296
0.67,1.01,0.162914
0.67,1.02,0.164678
0.67,1.03,0.166597
0.67,1.04,0.168679
0.67,1.05,0.170937
0.67,1.06,0.17338
0.67,1.07,0.176021
0.67,1.08,0.178874
0.67,1.09,0.181953
0.68,-0.1,0.655028
0.68,-0.09,0.650354
0.68,-0.08,0.645493
0.68,-0.07,0.64044
0.68,-0.06,0.635191
0.68,-0.05,0.629741
0.68,-0.04,0.624086
0.68,-0.03,0.618223
0.68,-0.02,0.61215
0.68,-0.01,0.605863
0.68,-1.04083e-17,0.599362
0.68,0.01,0.592646
0.68,0.02,0.585715
0.68,0.03,0.57857
0.68,0.04,0.571214
0.68,0.05,0.563649
0.68,0.06,0.55588
0.68,0.07,0.547914
0.68,0.08,0.539756
0.68,0.09,0.531414
0.68,0.1,0.5229
0.68,0.11,0.514223
0.68,0.12,0.505396
0.68,0.13,0.496432
0.68,0.14,0.487345
0.68,0.15,0.478153
0.68,0.16,0.46887
0.68,0.17,0.459516
0.68,0.18,0.450109
0.68,0.19,0.440667
0.68,0.2,0.431211
0.68,0.21,0.421759
0.68,0.22,0.412332
0.68,0.23,0.402949
0.68,0.24,0.393629
0.68,0.25,0.384392
0.68,0.26,0.375256
0.68,0.27,0.366237
0.68,0.28,0.357352
0.68,0.29,0.348616
0.68,0.3,0.340044
0.68,0.31,0.331648
0.68,0.32,0.32344
0.68,0.33,0.315429
0.68,0.34,0.307624
0.68,0.35,0.300033
0.68,0.36,0.292662
0.68,0.37,0.285514
0.68,0.38,0.278594
0.68,0.39,0.271903
0.68,0.4,0.265443
0.68,0.41,0.259213
0.68,0.42,0.253213
0.68,0.43,0.247441
0.68,0.44,0.241894
0.68,0.45,0.236569
0.68,0.46,0.231462
0.68,0.47,0.22657
0.68,0.48,0.221886
0.68,0.49,0.217407
0.68,0.5,0.213127
0.68,0.51,0.209041
0.68,0.52,0.205142
0.68,0.53,0.201425
0.68,0.54,0.197885
0.68,0.55,0.194515
0.68,0.56,0.19131
0.68,0.57,0.188264
0.68,0.58,0.185373
0.68,0.59,0.182629
0.68,0.6,0.180029
0.68,0.61,0.177567
0.68,0.62,0.175238
0.68,0.63,0.173038
0.68,0.64,0.170961
0.68,0.65,0.169005
0.68,0.66,0.167164
0.68,0.67,0.165435
0.68,0.68,0.163815
0.68,0.69,0.162299
0.68,0.7,0.160885
0.68,0.71,0.15957
0.68,0.72,0.158351
0.68,0.73,0.157225
0.68,0.74,0.156191
0.68,0.75,0.155246
0.68,0.76,0.154389
0.68,0.77,0.153618
0.68,0.78,0.152931
0.68,0.79,0.152327
0.68,0.8,0.151805
0.68,0.81,0.151366
0.68,0.82,0.151007
0.68,0.83,0.15073
0.68,0.84,0.150534
0.68,0.85,0.150419
0.68,0.86,0.150386
0.68,0.87,0.150435
0.68,0.88,0.150568
0.68,0.89,0.150786
0.68,0.9,0.151091
0.68,0.91,0.151484
0.68,0.92,0.151968
0.68,0.93,0.152545
0.68,0.94,0.153219
0.68,0.95,0.153993
0.68,0.96,0.154871
0.68,0.97,0.155856
0.68,0.98,0.156955
0.68,0.99,0.158171
0.68,1,0.159511
0.68,1.01,0.160982
0.68,1.02,0.162589
0.68,1.03,0.164342
0.68,1.04,0.166249
0.68,1.05,0.168318
0.68,1.06,0.170561
0.68,1.07,0.172988
0.68,1.08,0.175612
0.68,1.09,0.178446
0.69,-0.1,0.658954
0.69,-0.09,0.654439
0.69,-0.08,0.649741
0.69,-0.07,0.644856
0.69,-0.06,0.639778
0.69,-0.05,0.634503
0.69,-0.04,0.629026
0.69,-0.03,0.623345
0.69,-0.02,0.617455
0.69,-0.01,0.611354
0.69,-1.04083e-17,0.605039
0.69,0.01,0.59851
0.69,0.02,0.591766
0.69,0.03,0.584807
0.69,0.04,0.577635
0.69,0.05,0.570251
0.69,0.06,0.562659
0.69,0.07,0.554864
0.69,0.08,0.546871
0.69,0.09,0.538688
0.69,0.1,0.530323
0.69,0.11,0.521786
0.69,0.12,0.513088
0.69,0.13,0.504241
0.69,0.14,0.495259
0.69,0.15,0.486157
0.69,0.16,0.476951
0.69,0.17,0.467657
0.69,0.18,0.458294
0.69,0.19,0.44888
0.69,0.2,0.439433
0.69,0.21,0.429974
0.69,0.22,0.420523
0.69,0.23,0.411099
0.69,0.24,0.401721
0.69,0.25,0.392409
0.69,0.26,0.383182
0.69,0.27,0.374058
0.69,0.28,0.365054
0.69,0.29,0.356185
0.69,0.3,0.347468
0.69,0.31,0.338916
0.69,0.32,0.330542
0.69,0.33,0.322356
0.69,0.34,0.314369
0.69,0.35,0.30659
0.69,0.36,0.299024
0.69,0.37,0.291679
0.69,0.38,0.284559
0.69,0.39,0.277666
0.69,0.4,0.271003
0.69,0.41,0.26457
0.69,0.42,0.258368
0.69,0.43,0.252395
0.69,0.44,0.24665
0.69,0.45,0.24113
0.69,0.46,0.235831
0.69,0.47,0.230751
0.69,0.48,0.225883
0.69,0.49,0.221224
0.69,0.5,0.216769
0.69,0.51,0.212512
0.69,0.52,0.208448
0.69,0.53,0.20457
0.69,0.54,0.200874
0.69,0.55,0.197354
0.69,0.56,0.194003
0.69,0.57,0.190816
0.69,0.58,0.187788
0.69,0.59,0.184913
0.69,0.6,0.182186
0.69,0.61,0.179601
0.69,0.62,0.177153
0.69,0.63,0.174838
0.69,0.64,0.17265
0.69,0.65,0.170586
0.69,0.66,0.168641
0.69,0.67,0.166812
0.69,0.68,0.165093
0.69,0.69,0.163482
0.69,0.7,0.161976
0.69,0.71,0.16057
0.69,0.72,0.159263
0.69,0.73,0.158051
0.69,0.74,0.156933
0.69,0.75,0.155905
0.69,0.76,0.154966
0.69,0.77,0.154114
0.69,0.78,0.153347
0.69,0.79,0.152664
0.69,0.8,0.152064
0.69,0.81,0.151546
0.69,0.82,0.151109
0.69,0.83,0.150753
0.69,0.84,0.150478
0.69,0.85,0.150283
0.69,0.86,0.150168
0.69,0.87,0.150136
0.69,0.88,0.150185
0.69,0.89,0.150317
0.69,0.9,0.150534
0.69,0.91,0.150837
0.69,0.92,0.151228
0.69,0.93,0.15171
0.69,0.94,0.152284
0.69,0.95,0.152954
0.69,0.96,0.153723
0.69,0.97,0.154596
0.69,0.98,0.155575
0.69,0.99,0.156667
0.69,1,0.157876
0.69,1.01,0.159208
0.69,1.02,0.160669
0.69,1.03,0.162267
0.69,1.04,0.164009
0.69,1.05,0.165903
0.69,1.06,0.16796
0.69,1.07,0.170188
0.69,1.08,0.172599
0.69,1.09,0.175206
0.7,-0.1,0.662746
0.7,-0.09,0.658386
0.7,-0.08,0.653848
0.7,-0.07,0.649126
0.7,-0.06,0.644216
0.7,-0.05,0.639112
0.7,-0.04,0.633811
0.7,-0.03,0.628309
0.7,-0.02,0.6226
0.7,-0.01,0.616683
0.7,-1.04083e-17,0.610554
0.7,0.01,0.604212
0.7,0.02,0.597655
0.7,0.03,0.590883
0.7,0.04,0.583896
0.7,0.05,0.576695
0.7,0.06,0.569284
0.7,0.07,0.561665
0.7,0.08,0.553843
0.7,0.09,0.545825
0.7,0.1,0.537617
0.7,0.11,0.529229
0.7,0.12,0.52067
0.7,0.13,0.511951
0.7,0.14,0.503085
0.7,0.15,0.494085
0.7,0.16,0.484968
0.7,0.17,0.475748
0.7,0.18,0.466443
0.7,0.19,0.45707
0.7,0.2,0.447649
0.7,0.21,0.438199
0.7,0.22,0.428738
0.7,0.23,0.419288
0.7,0.24,0.409866
0.7,0.25,0.400494
0.7,0.26,0.391191
0.7,0.27,0.381974
0.7,0.28,0.372862
0.7,0.29,0.363873
0.7,0.3,0.355021
0.7,0.31,0.346323
0.7,0.32,0.337791
0.7,0.33,0.329438
0.7,0.34,0.321275
0.7,0.35,0.313313
0.7,0.36,0.305559
0.7,0.37,0.298019
0.7,0.38,0.290701
0.7,0.39,0.283607
0.7,0.4,0.276742
0.7,0.41,0.270106
0.7,0.42,0.263702
0.7,0.43,0.257527
0.7,0.44,0.251582
0.7,0.45,0.245864
0.7,0.46,0.24037
0.7,0.47,0.235098
0.7,0.48,0.230043
0.7,0.49,0.2252
0.7,0.5,0.220566
0.7,0.51,0.216134
0.7,0.52,0.2119
0.7,0.53,0.207858
0.7,0.54,0.204002
0.7,0.55,0.200326
0.7,0.56,0.196826
0.7,0.57,0.193494
0.7,0.58,0.190326
0.7,0.59,0.187315
0.7,0.6,0.184457
0.7,0.61,0.181745
0.7,0.62,0.179175
0.7,0.63,0.176742
0.7,0.64,0.17444
0.7,0.65,0.172265
0.7,0.66,0.170214
0.7,0.67,0.16828
0.7,0.68,0.166461
0.7,0.69,0.164753
0.7,0.7,0.163152
0.7,0.71,0.161654
0.7,0.72,0.160257
0.7,0.73,0.158958
0.7,0.74,0.157754
0.7,0.75,0.156642
0.7,0.76,0.15562
0.7,0.77,0.154687
0.7,0.78,0.15384
0.7,0.79,0.153078
0.7,0.8,0.152399
0.7,0.81,0.151803
0.7,0.82,0.151288
0.7,0.83,0.150854
0.7,0.84,0.1505
0.7,0.85,0.150227
0.7,0.86,0.150033
0.7,0.87,0.14992
0.7,0.88,0.149887
0.7,0.89,0.149936
0.7,0.9,0.150068
0.7,0.91,0.150284
0.7,0.92,0.150585
0.7,0.93,0.150974
0.7,0.94,0.151453
0.7,0.95,0.152024
0.7,0.96,0.15269
0.7,0.97,0.153455
0.7,0.98,0.154322
0.7,0.99,0.155296
0.7,1,0.156381
0.7,1.01,0.157583
0.7,1.02,0.158907
0.7,1.03,0.160359
0.7,1.04,0.161947
0.7,1.05,0.163677
0.7,1.06,0.16556
0.7,1.07,0.167603
0.7,1.08,0.169817
0.7,1.09,0.172213
0.71,-0.1,0.666407
0.71,-0.09,0.662198
0.71,-0.08,0.657815
0.71,-0.07,0.653253
0.71,-0.06,0.648507
0.71,-0.05,0.643572
0.71,-0.04,0.638444
0.71,-0.03,0.633117
0.71,-0.02,0.627587
0.71,-0.01,0.621852
0.71,-1.04083e-17,0.615908
0.71,0.01,0.609751
0.71,0.02,0.603381
0.71,0.03,0.596796
0.71,0.04,0.589996
0.71,0.05,0.582981
0.71,0.06,0.575753
0.71,0.07,0.568314
0.71,0.08,0.560668
0.71,0.09,0.55282
0.71,0.1,0.544776
0.71,0.11,0.536544
0.71,0.12,0.528132
0.71,0.13,0.51955
0.71,0.14,0.510811
0.71,0.15,0.501926
0.71,0.16,0.492909
0.71,0.17,0.483776
0.71,0.18,0.474543
0.71,0.19,0.465227
0.71,0.2,0.455846
0.71,0.21,0.446419
0.71,0.22,0.436964
0.71,0.23,0.427502
0.71,0.24,0.418053
0.71,0.25,0.408635
0.71,0.26,0.399269
0.71,0.27,0.389974
0.71,0.28,0.380768
0.71,0.29,0.371669
0.71,0.3,0.362694
0.71,0.31,0.35386
0.71,0.32,0.34518
0.71,0.33,0.336668
0.71,0.34,0.328337
0.71,0.35,0.320198
0.71,0.36,0.31226
0.71,0.37,0.304531
0.71,0.38,0.297018
0.71,0.39,0.289726
0.71,0.4,0.28266
0.71,0.41,0.275822
0.71,0.42,0.269214
0.71,0.43,0.262837
0.71,0.44,0.25669
0.71,0.45,0.250772
0.71,0.46,0.245081
0.71,0.47,0.239614
0.71,0.48,0.234368
0.71,0.49,0.229339
0.71,0.5,0.224521
0.71,0.51,0.219911
0.71,0.52,0.215503
0.71,0.53,0.211292
0.71,0.54,0.207271
0.71,0.55,0.203437
0.71,0.56,0.199782
0.71,0.57,0.196301
0.71,0.58,0.192988
0.71,0.59,0.189838
0.71,0.6,0.186845
0.71,0.61,0.184003
0.71,0.62,0.181307
0.71,0.63,0.178752
0.71,0.64,0.176333
0.71,0.65,0.174045
0.71,0.66,0.171883
0.71,0.67,0.169843
0.71,0.68,0.167921
0.71,0.69,0.166113
0.71,0.7,0.164415
0.71,0.71,0.162824
0.71,0.72,0.161335
0.71,0.73,0.159946
0.71,0.74,0.158655
0.71,0.75,0.157458
0.71,0.76,0.156353
0.71,0.77,0.155337
0.71,0.78,0.15441
0.71,0.79,0.153568
0.71,0.8,0.15281
0.71,0.81,0.152136
0.71,0.82,0.151543
0.71,0.83,0.151032
0.71,0.84,0.1506
0.71,0.85,0.150249
0.71,0.86,0.149977
0.71,0.87,0.149785
0.71,0.88,0.149672
0.71,0.89,0.14964
0.71,0.9,0.149689
0.71,0.91,0.149821
0.71,0.92,0.150035
0.71,0.93,0.150335
0.71,0.94,0.150722
0.71,0.95,0.151198
0.71,0.96,0.151766
0.71,0.97,0.152428
0.71,0.98,0.153188
0.71,0.99,0.154051
0.71,1,0.155019
0.71,1.01,0.156097
0.71,1.02,0.157291
0.71,1.03,0.158607
0.71,1.04,0.16005
0.71,1.05,0.161628
0.71,1.06,0.163348
0.71,1.07,0.165219
0.71,1.08,0.167249
0.71,1.09,0.169449
0.72,-0.1,0.669941
0.72,-0.09,0.665878
0.72,-0.08,0.661646
0.72,-0.07,0.65724
0.72,-0.06,0.652655
0.72,-0.05,0.647885
0.72,-0.04,0.642926
0.72,-0.03,0.637772
0.72,-0.02,0.632419
0.72,-0.01,0.626863
0.72,-1.04083e-17,0.621101
0.72,0.01,0.615129
0.72,0.02,0.608945
0.72,0.03,0.602547
0.72,0.04,0.595934
0.72,0.05,0.589105
0.72,0.06,0.582062
0.72,0.07,0.574806
0.72,0.08,0.56734
0.72,0.09,0.559667
0.72,0.1,0.551793
0.72,0.11,0.543724
0.72,0.12,0.535467
0.72,0.13,0.527032
0.72,0.14,0.518429
0.72,0.15,0.509669
0.72,0.16,0.500765
0.72,0.17,0.491731
0.72,0.18,0.482583
0.72,0.19,0.473337
0.72,0.2,0.46401
0.72,0.21,0.454621
0.72,0.22,0.445187
0.72,0.23,0.435729
0.72,0.24,0.426266
0.72,0.25,0.416818
0.72,0.26,0.407404
0.72,0.27,0.398045
0.72,0.28,0.388758
0.72,0.29,0.379563
0.72,0.3,0.370477
0.72,0.31,0.361518
0.72,0.32,0.3527
0.72,0.33,0.34404
0.72,0.34,0.335549
0.72,0.35,0.32724
0.72,0.36,0.319124
0.72,0.37,0.311211
0.72,0.38,0.303507
0.72,0.39,0.29602
0.72,0.4,0.288755
0.72,0.41,0.281716
0.72,0.42,0.274906
0.72,0.43,0.268326
0.72,0.44,0.261976
0.72,0.45,0.255857
0.72,0.46,0.249967
0.72,0.47,0.244303
0.72,0.48,0.238862
0.72,0.49,0.233642
0.72,0.5,0.228638
0.72,0.51,0.223846
0.72,0.52,0.21926
0.72,0.53,0.214875
0.72,0.54,0.210687
0.72,0.55,0.206688
0.72,0.56,0.202875
0.72,0.57,0.199241
0.72,0.58,0.195779
0.72,0.59,0.192485
0.72,0.6,0.189353
0.72,0.61,0.186377
0.72,0.62,0.183551
0.72,0.63,0.180871
0.72,0.64,0.178331
0.72,0.65,0.175926
0.72,0.66,0.173652
0.72,0.67,0.171503
0.72,0.68,0.169475
0.72,0.69,0.167565
0.72,0.7,0.165767
0.72,0.71,0.164079
0.72,0.72,0.162497
0.72,0.73,0.161018
0.72,0.74,0.159637
0.72,0.75,0.158354
0.72,0.76,0.157164
0.72,0.77,0.156065
0.72,0.78,0.155056
0.72,0.79,0.154134
0.72,0.8,0.153297
0.72,0.81,0.152545
0.72,0.82,0.151874
0.72,0.83,0.151285
0.72,0.84,0.150777
0.72,0.85,0.150348
0.72,0.86,0.149999
0.72,0.87,0.149729
0.72,0.88,0.149538
0.72,0.89,0.149427
0.72,0.9,0.149395
0.72,0.91,0.149444
0.72,0.92,0.149575
0.72,0.93,0.149788
0.72,0.94,0.150086
0.72,0.95,0.150471
0.72,0.96,0.150944
0.72,0.97,0.151509
0.72,0.98,0.152167
0.72,0.99,0.152923
0.72,1,0.15378
0.72,1.01,0.154743
0.72,1.02,0.155815
0.72,1.03,0.157002
0.72,1.04,0.158309
0.72,1.05,0.159744
0.72,1.06,0.161312
0.72,1.07,0.163021
0.72,1.08,0.16488
0.72,1.09,0.166897
0.73,-0.1,0.67335
0.73,-0.09,0.66943
0.73,-0.08,0.665346
0.73,-0.07,0.661092
0.73,-0.06,0.656663
0.73,-0.05,0.652055
0.73,-0.04,0.64726
0.73,-0.03,0.642276
0.73,-0.02,0.637096
0.73,-0.01,0.631718
0.73,-1.04083e-17,0.626135
0.73,0.01,0.620346
0.73,0.02,0.614347
0.73,0.03,0.608135
0.73,0.04,0.601709
0.73,0.05,0.595068
0.73,0.06,0.588211
0.73,0.07,0.58114
0.73,0.08,0.573857
0.73,0.09,0.566363
0.73,0.1,0.558663
0.73,0.11,0.550763
0.73,0.12,0.542668
0.73,0.13,0.534388
0.73,0.14,0.525929
0.73,0.15,0.517304
0.73,0.16,0.508524
0.73,0.17,0.499602
0.73,0.18,0.490551
0.73,0.19,0.481389
0.73,0.2,0.47213
0.73,0.21,0.462793
0.73,0.22,0.453395
0.73,0.23,0.443956
0.73,0.24,0.434494
0.73,0.25,0.425031
0.73,0.26,0.415584
0.73,0.27,0.406174
0.73,0.28,0.396821
0.73,0.29,0.387544
0.73,0.3,0.37836
0.73,0.31,0.369288
0.73,0.32,0.360344
0.73,0.33,0.351544
0.73,0.34,0.342902
0.73,0.35,0.334432
0.73,0.36,0.326146
0.73,0.37,0.318054
0.73,0.38,0.310165
0.73,0.39,0.302487
0.73,0.4,0.295026
0.73,0.41,0.287788
0.73,0.42,0.280777
0.73,0.43,0.273994
0.73,0.44,0.267442
0.73,0.45,0.26112
0.73,0.46,0.255028
0.73,0.47,0.249165
0.73,0.48,0.243528
0.73,0.49,0.238114
0.73,0.5,0.23292
0.73,0.51,0.227942
0.73,0.52,0.223174
0.73,0.53,0.218612
0.73,0.54,0.214251
0.73,0.55,0.210085
0.73,0.56,0.206109
0.73,0.57,0.202317
0.73,0.58,0.198702
0.73,0.59,0.195261
0.73,0.6,0.191985
0.73,0.61,0.188871
0.73,0.62,0.185912
0.73,0.63,0.183103
0.73,0.64,0.180438
0.73,0.65,0.177913
0.73,0.66,0.175522
0.73,0.67,0.173261
0.73,0.68,0.171125
0.73,0.69,0.169109
0.73,0.7,0.16721
0.73,0.71,0.165424
0.73,0.72,0.163746
0.73,0.73,0.162173
0.73,0.74,0.160702
0.73,0.75,0.15933
0.73,0.76,0.158054
0.73,0.77,0.156872
0.73,0.78,0.15578
0.73,0.79,0.154777
0.73,0.8,0.15386
0.73,0.81,0.153029
0.73,0.82,0.15228
0.73,0.83,0.151614
0.73,0.84,0.151029
0.73,0.85,0.150524
0.73,0.86,0.150098
0.73,0.87,0.149751
0.73,0.88,0.149483
0.73,0.89,0.149293
0.73,0.9,0.149182
0.73,0.91,0.149151
0.73,0.92,0.1492
0.73,0.93,0.14933
0.73,0.94,0.149543
0.73,0.95,0.149839
0.73,0.96,0.150222
0.73,0.97,0.150692
0.73,0.98,0.151254
0.73,0.99,0.151908
0.73,1,0.15266
0.73,1.01,0.153512
0.73,1.02,0.154469
0.73,1.03,0.155534
0.73,1.04,0.156714
0.73,1.05,0.158014
0.73,1.06,0.159439
0.73,1.07,0.160997
0.73,1.08,0.162696
0.73,1.09,0.164543
0.74,-0.1,0.676639
0.74,-0.09,0.672858
0.74,-0.08,0.668917
0.74,-0.07,0.664811
0.74,-0.06,0.660535
0.74,-0.05,0.656083
0.74,-0.04,0.651451
0.74,-0.03,0.646632
0.74,-0.02,0.641623
0.74,-0.01,0.636418
0.74,-1.04083e-17,0.631013
0.74,0.01,0.625404
0.74,0.02,0.619588
0.74,0.03,0.613561
0.74,0.04,0.607322
0.74,0.05,0.600868
0.74,0.06,0.594198
0.74,0.07,0.587314
0.74,0.08,0.580215
0.74,0.09,0.572903
0.74,0.1,0.565382
0.74,0.11,0.557656
0.74,0.12,0.54973
0.74,0.13,0.54161
0.74,0.14,0.533305
0.74,0.15,0.524824
0.74,0.16,0.516177
0.74,0.17,0.507377
0.74,0.18,0.498436
0.74,0.19,0.489369
0.74,0.2,0.480192
0.74,0.21,0.470921
0.74,0.22,0.461574
0.74,0.23,0.452168
0.74,0.24,0.442724
0.74,0.25,0.433259
0.74,0.26,0.423795
0.74,0.27,0.414351
0.74,0.28,0.404945
0.74,0.29,0.395599
0.74,0.3,0.386331
0.74,0.31,0.377159
0.74,0.32,0.3681
0.74,0.33,0.359172
0.74,0.34,0.35039
0.74,0.35,0.341768
0.74,0.36,0.333319
0.74,0.37,0.325055
0.74,0.38,0.316987
0.74,0.39,0.309123
0.74,0.4,0.30147
0.74,0.41,0.294036
0.74,0.42,0.286825
0.74,0.43,0.279841
0.74,0.44,0.273086
0.74,0.45,0.266561
0.74,0.46,0.260267
0.74,0.47,0.254203
0.74,0.48,0.248367
0.74,0.49,0.242757
0.74,0.5,0.23737
0.74,0.51,0.232202
0.74,0.52,0.227249
0.74,0.53,0.222506
0.74,0.54,0.217968
0.74,0.55,0.21363
0.74,0.56,0.209487
0.74,0.57,0.205533
0.74,0.58,0.201761
0.74,0.59,0.198167
0.74,0.6,0.194745
0.74,0.61,0.191488
0.74,0.62,0.188392
0.74,0.63,0.18545
0.74,0.64,0.182657
0.74,0.65,0.180008
0.74,0.66,0.177498
0.74,0.67,0.175121
0.74,0.68,0.172873
0.74,0.69,0.170749
0.74,0.7,0.168746
0.74,0.71,0.166858
0.74,0.72,0.165082
0.74,0.73,0.163414
0.74,0.74,0.161851
0.74,0.75,0.160389
0.74,0.76,0.159025
0.74,0.77,0.157757
0.74,0.78,0.156581
0.74,0.79,0.155496
0.74,0.8,0.154499
0.74,0.81,0.153588
0.74,0.82,0.152761
0.74,0.83,0.152018
0.74,0.84,0.151356
0.74,0.85,0.150774
0.74,0.86,0.150272
0.74,0.87,0.149849
0.74,0.88,0.149504
0.74,0.89,0.149238
0.74,0.9,0.14905
0.74,0.91,0.14894
0.74,0.92,0.148909
0.74,0.93,0.148958
0.74,0.94,0.149087
0.74,0.95,0.149299
0.74,0.96,0.149594
0.74,0.97,0.149974
0.74,0.98,0.150442
0.74,0.99,0.151
0.74,1,0.151651
0.74,1.01,0.152398
0.74,1.02,0.153245
0.74,1.03,0.154196
0.74,1.04,0.155255
0.74,1.05,0.156428
0.74,1.06,0.15772
0.74,1.07,0.159136
0.74,1.08,0.160685
0.74,1.09,0.162373
0.75,-0.1,0.679812
0.75,-0.09,0.676164
0.75,-0.08,0.672362
0.75,-0.07,0.6684
0.75,-0.06,0.664273
0.75,-0.05,0.659975
0.75,-0.04,0.6555
0.75,-0.03,0.650844
0.75,-0.02,0.646001
0.75,-0.01,0.640967
0.75,-1.04083e-17,0.635736
0.75,0.01,0.630305
0.75,0.02,0.624669
0.75,0.03,0.618826
0.75,0.04,0.612772
0.75,0.05,0.606505
0.75,0.06,0.600023
0.75,0.07,0.593325
0.75,0.08,0.586413
0.75,0.09,0.579286
0.75,0.1,0.571947
0.75,0.11,0.564399
0.75,0.12,0.556646
0.75,0.13,0.548693
0.75,0.14,0.540549
0.75,0.15,0.53222
0.75,0.16,0.523716
0.75,0.17,0.515048
0.75,0.18,0.506227
0.75,0.19,0.497269
0.75,0.2,0.488186
0.75,0.21,0.478994
0.75,0.22,0.469711
0.75,0.23,0.460354
0.75,0.24,0.450941
0.75,0.25,0.441491
0.75,0.26,0.432024
0.75,0.27,0.42256
0.75,0.28,0.413118
0.75,0.29,0.403717
0.75,0.3,0.394378
0.75,0.31,0.38512
0.75,0.32,0.37596
0.75,0.33,0.366915
0.75,0.34,0.358003
0.75,0.35,0.349239
0.75,0.36,0.340637
0.75,0.37,0.332209
0.75,0.38,0.323968
0.75,0.39,0.315923
0.75,0.4,0.308084
0.75,0.41,0.300457
0.75,0.42,0.29305
0.75,0.43,0.285866
0.75,0.44,0.278909
0.75,0.45,0.272182
0.75,0.46,0.265685
0.75,0.47,0.259419
0.75,0.48,0.253382
0.75,0.49,0.247573
0.75,0.5,0.24199
0.75,0.51,0.236629
0.75,0.52,0.231487
0.75,0.53,0.226559
0.75,0.54,0.221841
0.75,0.55,0.217327
0.75,0.56,0.213013
0.75,0.57,0.208892
0.75,0.58,0.204959
0.75,0.59,0.201209
0.75,0.6,0.197635
0.75,0.61,0.194232
0.75,0.62,0.190994
0.75,0.63,0.187916
0.75,0.64,0.184991
0.75,0.65,0.182214
0.75,0.66,0.17958
0.75,0.67,0.177085
0.75,0.68,0.174722
0.75,0.69,0.172487
0.75,0.7,0.170376
0.75,0.71,0.168385
0.75,0.72,0.166508
0.75,0.73,0.164742
0.75,0.74,0.163084
0.75,0.75,0.161531
0.75,0.76,0.160077
0.75,0.77,0.158722
0.75,0.78,0.157461
0.75,0.79,0.156292
0.75,0.8,0.155214
0.75,0.81,0.154223
0.75,0.82,0.153317
0.75,0.83,0.152496
0.75,0.84,0.151757
0.75,0.85,0.151099
0.75,0.86,0.150521
0.75,0.87,0.150022
0.75,0.88,0.149602
0.75,0.89,0.149259
0.75,0.9,0.148994
0.75,0.91,0.148807
0.75,0.92,0.148698
0.75,0.93,0.148668
0.75,0.94,0.148717
0.75,0.95,0.148846
0.75,0.96,0.149056
0.75,0.97,0.149349
0.75,0.98,0.149728
0.75,0.99,0.150193
0.75,1,0.150748
0.75,1.01,0.151395
0.75,1.02,0.152138
0.75,1.03,0.15298
0.75,1.04,0.153925
0.75,1.05,0.154978
0.75,1.06,0.156144
0.75,1.07,0.157428
0.75,1.08,0.158836
0.75,1.09,0.160375
0.76,-0.1,0.682871
0.76,-0.09,0.679354
0.76,-0.08,0.675687
0.76,-0.07,0.671865
0.76,-0.06,0.667882
0.76,-0.05,0.663733
0.76,-0.04,0.659412
0.76,-0.03,0.654914
0.76,-0.02,0.650234
0.76,-0.01,0.645367
0.76,-1.04083e-17,0.640307
0.76,0.01,0.635051
0.76,0.02,0.629594
0.76,0.03,0.623931
0.76,0.04,0.618061
0.76,0.05,0.611979
0.76,0.06,0.605684
0.76,0.07,0.599174
0.76,0.08,0.592449
0.76,0.09,0.585508
0.76,0.1,0.578353
0.76,0.11,0.570987
0.76,0.12,0.563411
0.76,0.13,0.555632
0.76,0.14,0.547654
0.76,0.15,0.539484
0.76,0.16,0.531131
0.76,0.17,0.522605
0.76,0.18,0.513915
0.76,0.19,0.505076
0.76,0.2,0.496099
0.76,0.21,0.487
0.76,0.22,0.477795
0.76,0.23,0.4685
0.76,0.24,0.459133
0.76,0.25,0.449713
0.76,0.26,0.440258
0.76,0.27,0.430789
0.76,0.28,0.421325
0.76,0.29,0.411885
0.76,0.3,0.40249
0.76,0.31,0.393159
0.76,0.32,0.38391
0.76,0.33,0.374762
0.76,0.34,0.365732
0.76,0.35,0.356836
0.76,0.36,0.34809
0.76,0.37,0.339508
0.76,0.38,0.331102
0.76,0.39,0.322883
0.76,0.4,0.314863
0.76,0.41,0.307049
0.76,0.42,0.299448
0.76,0.43,0.292067
0.76,0.44,0.284911
0.76,0.45,0.277981
0.76,0.46,0.271282
0.76,0.47,0.264812
0.76,0.48,0.258574
0.76,0.49,0.252565
0.76,0.5,0.246783
0.76,0.51,0.241227
0.76,0.52,0.235893
0.76,0.53,0.230776
0.76,0.54,0.225874
0.76,0.55,0.22118
0.76,0.56,0.21669
0.76,0.57,0.212399
0.76,0.58,0.208301
0.76,0.59,0.20439
0.76,0.6,0.20066
0.76,0.61,0.197107
0.76,0.62,0.193723
0.76,0.63,0.190503
0.76,0.64,0.187442
0.76,0.65,0.184534
0.76,0.66,0.181774
0.76,0.67,0.179155
0.76,0.68,0.176674
0.76,0.69,0.174325
0.76,0.7,0.172104
0.76,0.71,0.170005
0.76,0.72,0.168025
0.76,0.73,0.16616
0.76,0.74,0.164405
0.76,0.75,0.162757
0.76,0.76,0.161212
0.76,0.77,0.159768
0.76,0.78,0.15842
0.76,0.79,0.157167
0.76,0.8,0.156006
0.76,0.81,0.154933
0.76,0.82,0.153948
0.76,0.83,0.153049
0.76,0.84,0.152232
0.76,0.85,0.151498
0.76,0.86,0.150844
0.76,0.87,0.150269
0.76,0.88,0.149774
0.76,0.89,0.149356
0.76,0.9,0.149016
0.76,0.91,0.148753
0.76,0.92,0.148567
0.76,0.93,0.148459
0.76,0.94,0.148429
0.76,0.95,0.148477
0.76,0.96,0.148606
0.76,0.97,0.148815
0.76,0.98,0.149107
0.76,0.99,0.149483
0.76,1,0.149946
0.76,1.01,0.150498
0.76,1.02,0.151141
0.76,1.03,0.15188
0.76,1.04,0.152717
0.76,1.05,0.153656
0.76,1.06,0.154703
0.76,1.07,0.155861
0.76,1.08,0.157137
0.76,1.09,0.158537
0.77,-0.1,0.685821
0.77,-0.09,0.68243
0.77,-0.08,0.678893
0.77,-0.07,0.675207
0.77,-0.06,0.671364
0.77,-0.05,0.66736
0.77,-0.04,0.663189
0.77,-0.03,0.658846
0.77,-0.02,0.654325
0.77,-0.01,0.649621
0.77,-1.04083e-17,0.64473
0.77,0.01,0.639645
0.77,0.02,0.634363
0.77,0.03,0.628879
0.77,0.04,0.62319
0.77,0.05,0.617292
0.77,0.06,0.611183
0.77,0.07,0.60486
0.77,0.08,0.598322
0.77,0.09,0.591569
0.77,0.1,0.5846
0.77,0.11,0.577418
0.77,0.12,0.570023
0.77,0.13,0.562421
0.77,0.14,0.554615
0.77,0.15,0.546611
0.77,0.16,0.538416
0.77,0.17,0.53004
0.77,0.18,0.521491
0.77,0.19,0.512781
0.77,0.2,0.503922
0.77,0.21,0.494927
0.77,0.22,0.485813
0.77,0.23,0.476594
0.77,0.24,0.467287
0.77,0.25,0.457911
0.77,0.26,0.448484
0.77,0.27,0.439025
0.77,0.28,0.429554
0.77,0.29,0.42009
0.77,0.3,0.410654
0.77,0.31,0.401264
0.77,0.32,0.391941
0.77,0.33,0.382702
0.77,0.34,0.373567
0.77,0.35,0.364551
0.77,0.36,0.355672
0.77,0.37,0.346945
0.77,0.38,0.338382
0.77,0.39,0.329998
0.77,0.4,0.321802
0.77,0.41,0.313806
0.77,0.42,0.306017
0.77,0.43,0.298443
0.77,0.44,0.291089
0.77,0.45,0.283959
0.77,0.46,0.277057
0.77,0.47,0.270385
0.77,0.48,0.263944
0.77,0.49,0.257733
0.77,0.5,0.251752
0.77,0.51,0.245997
0.77,0.52,0.240468
0.77,0.53,0.23516
0.77,0.54,0.230069
0.77,0.55,0.225192
0.77,0.56,0.220523
0.77,0.57,0.216057
0.77,0.58,0.211789
0.77,0.59,0.207713
0.77,0.6,0.203823
0.77,0.61,0.200115
0.77,0.62,0.196581
0.77,0.63,0.193216
0.77,0.64,0.190015
0.77,0.65,0.186972
0.77,0.66,0.18408
0.77,0.67,0.181336
0.77,0.68,0.178733
0.77,0.69,0.176266
0.77,0.7,0.173931
0.77,0.71,0.171723
0.77,0.72,0.169637
0.77,0.73,0.167668
0.77,0.74,0.165814
0.77,0.75,0.16407
0.77,0.76,0.162431
0.77,0.77,0.160896
0.77,0.78,0.15946
0.77,0.79,0.158121
0.77,0.8,0.156875
0.77,0.81,0.155721
0.77,0.82,0.154655
0.77,0.83,0.153676
0.77,0.84,0.152781
0.77,0.85,0.15197
0.77,0.86,0.15124
0.77,0.87,0.15059
0.77,0.88,0.150019
0.77,0.89,0.149527
0.77,0.9,0.149111
0.77,0.91,0.148773
0.77,0.92,0.148512
0.77,0.93,0.148328
0.77,0.94,0.14822
0.77,0.95,0.148191
0.77,0.96,0.148239
0.77,0.97,0.148367
0.77,0.98,0.148575
0.77,0.99,0.148866
0.77,1,0.14924
0.77,1.01,0.1497
0.77,1.02,0.150249
0.77,1.03,0.150888
0.77,1.04,0.151623
0.77,1.05,0.152455
0.77,1.06,0.153389
0.77,1.07,0.154429
0.77,1.08,0.155581
0.77,1.09,0.156849
0.78,-0.1,0.688665
0.78,-0.09,0.685396
0.78,-0.08,0.681986
0.78,-0.07,0.678431
0.78,-0.06,0.674724
0.78,-0.05,0.670861
0.78,-0.04,0.666836
0.78,-0.03,0.662643
0.78,-0.02,0.658277
0.78,-0.01,0.653733
0.78,-1.04083e-17,0.649005
0.78,0.01,0.644089
0.78,0.02,0.638979
0.78,0.03,0.633671
0.78,0.04,0.628161
0.78,0.05,0.622445
0.78,0.06,0.61652
0.78,0.07,0.610383
0.78,0.08,0.604033
0.78,0.09,0.597467
0.78,0.1,0.590685
0.78,0.11,0.583689
0.78,0.12,0.576478
0.78,0.13,0.569056
0.78,0.14,0.561427
0.78,0.15,0.553594
0.78,0.16,0.545565
0.78,0.17,0.537346
0.78,0.18,0.528946
0.78,0.19,0.520375
0.78,0.2,0.511644
0.78,0.21,0.502765
0.78,0.22,0.493754
0.78,0.23,0.484624
0.78,0.24,0.475391
0.78,0.25,0.466073
0.78,0.26,0.456689
0.78,0.27,0.447255
0.78,0.28,0.437792
0.78,0.29,0.428319
0.78,0.3,0.418856
0.78,0.31,0.409423
0.78,0.32,0.400039
0.78,0.33,0.390724
0.78,0.34,0.381496
0.78,0.35,0.372373
0.78,0.36,0.363373
0.78,0.37,0.35451
0.78,0.38,0.345801
0.78,0.39,0.337259
0.78,0.4,0.328897
0.78,0.41,0.320725
0.78,0.42,0.312753
0.78,0.43,0.304989
0.78,0.44,0.297441
0.78,0.45,0.290114
0.78,0.46,0.283011
0.78,0.47,0.276137
0.78,0.48,0.269493
0.78,0.49,0.263079
0.78,0.5,0.256896
0.78,0.51,0.250942
0.78,0.52,0.245215
0.78,0.53,0.239713
0.78,0.54,0.234431
0.78,0.55,0.229366
0.78,0.56,0.224514
0.78,0.57,0.219869
0.78,0.58,0.215427
0.78,0.59,0.211182
0.78,0.6,0.207128
0.78,0.61,0.20326
0.78,0.62,0.199572
0.78,0.63,0.196058
0.78,0.64,0.192713
0.78,0.65,0.18953
0.78,0.66,0.186504
0.78,0.67,0.183629
0.78,0.68,0.180901
0.78,0.69,0.178313
0.78,0.7,0.175861
0.78,0.71,0.173539
0.78,0.72,0.171344
0.78,0.73,0.16927
0.78,0.74,0.167314
0.78,0.75,0.16547
0.78,0.76,0.163736
0.78,0.77,0.162108
0.78,0.78,0.160582
0.78,0.79,0.159154
0.78,0.8,0.157823
0.78,0.81,0.156585
0.78,0.82,0.155437
0.78,0.83,0.154378
0.78,0.84,0.153405
0.78,0.85,0.152516
0.78,0.86,0.151709
0.78,0.87,0.150984
0.78,0.88,0.150338
0.78,0.89,0.149771
0.78,0.9,0.149281
0.78,0.91,0.148869
0.78,0.92,0.148533
0.78,0.93,0.148273
0.78,0.94,0.14809
0.78,0.95,0.147983
0.78,0.96,0.147954
0.78,0.97,0.148003
0.78,0.98,0.14813
0.78,0.99,0.148337
0.78,1,0.148626
0.78,1.01,0.148998
0.78,1.02,0.149456
0.78,1.03,0.150001
0.78,1.04,0.150637
0.78,1.05,0.151367
0.78,1.06,0.152194
0.78,1.07,0.153123
0.78,1.08,0.154157
0.78,1.09,0.155302
0.79,-0.1,0.691407
0.79,-0.09,0.688255
0.79,-0.08,0.684968
0.79,-0.07,0.68154
0.79,-0.06,0.677965
0.79,-0.05,0.674239
0.79,-0.04,0.670355
0.79,-0.03,0.666309
0.79,-0.02,0.662094
0.79,-0.01,0.657706
0.79,-1.04083e-17,0.653138
0.79,0.01,0.648386
0.79,0.02,0.643445
0.79,0.03,0.63831
0.79,0.04,0.632976
0.79,0.05,0.62744
0.79,0.06,0.621697
0.79,0.07,0.615745
0.79,0.08,0.60958
0.79,0.09,0.603201
0.79,0.1,0.596608
0.79,0.11,0.589798
0.79,0.12,0.582773
0.79,0.13,0.575535
0.79,0.14,0.568086
0.79,0.15,0.56043
0.79,0.16,0.552571
0.79,0.17,0.544516
0.79,0.18,0.536272
0.79,0.19,0.527849
0.79,0.2,0.519256
0.79,0.21,0.510504
0.79,0.22,0.501607
0.79,0.23,0.492578
0.79,0.24,0.483433
0.79,0.25,0.474187
0.79,0.26,0.464859
0.79,0.27,0.455465
0.79,0.28,0.446025
0.79,0.29,0.436558
0.79,0.3,0.427084
0.79,0.31,0.417623
0.79,0.32,0.408193
0.79,0.33,0.398815
0.79,0.34,0.389509
0.79,0.35,0.380291
0.79,0.36,0.371182
0.79,0.37,0.362196
0.79,0.38,0.353351
0.79,0.39,0.344661
0.79,0.4,0.33614
0.79,0.41,0.327799
0.79,0.42,0.319651
0.79,0.43,0.311703
0.79,0.44,0.303965
0.79,0.45,0.296443
0.79,0.46,0.289143
0.79,0.47,0.282068
0.79,0.48,0.275221
0.79,0.49,0.268605
0.79,0.5,0.262219
0.79,0.51,0.256063
0.79,0.52,0.250137
0.79,0.53,0.244437
0.79,0.54,0.238961
0.79,0.55,0.233706
0.79,0.56,0.228667
0.79,0.57,0.223839
0.79,0.58,0.219219
0.79,0.59,0.214801
0.79,0.6,0.210578
0.79,0.61,0.206547
0.79,0.62,0.2027
0.79,0.63,0.199033
0.79,0.64,0.195539
0.79,0.65,0.192212
0.79,0.66,0.189048
0.79,0.67,0.186039
0.79,0.68,0.183181
0.79,0.69,0.180468
0.79,0.7,0.177896
0.79,0.71,0.175458
0.79,0.72,0.17315
0.79,0.73,0.170968
0.79,0.74,0.168906
0.79,0.75,0.166961
0.79,0.76,0.165129
0.79,0.77,0.163405
0.79,0.78,0.161786
0.79,0.79,0.160269
0.79,0.8,0.15885
0.79,0.81,0.157527
0.79,0.82,0.156296
0.79,0.83,0.155156
0.79,0.84,0.154103
0.79,0.85,0.153135
0.79,0.86,0.152252
0.79,0.87,0.15145
0.79,0.88,0.150729
0.79,0.89,0.150087
0.79,0.9,0.149524
0.79,0.91,0.149037
0.79,0.92,0.148627
0.79,0.93,0.148293
0.79,0.94,0.148036
0.79,0.95,0.147854
0.79,0.96,0.147748
0.79,0.97,0.147719
0.79,0.98,0.147767
0.79,0.99,0.147894
0.79,1,0.1481
0.79,1.01,0.148388
0.79,1.02,0.148758
0.79,1.03,0.149213
0.79,1.04,0.149755
0.79,1.05,0.150388
0.79,1.06,0.151113
0.79,1.07,0.151936
0.79,1.08,0.152859
0.79,1.09,0.153887
0.8,-0.1,0.694049
0.8,-0.09,0.691011
0.8,-0.08,0.687843
0.8,-0.07,0.684538
0.8,-0.06,0.681091
0.8,-0.05,0.677497
0.8,-0.04,0.673751
0.8,-0.03,0.669847
0.8,-0.02,0.665779
0.8,-0.01,0.661543
0.8,-1.04083e-17,0.657131
0.8,0.01,0.65254
0.8,0.02,0.647764
0.8,0.03,0.642799
0.8,0.04,0.637638
0.8,0.05,0.632278
0.8,0.06,0.626715
0.8,0.07,0.620945
0.8,0.08,0.614966
0.8,0.09,0.608773
0.8,0.1,0.602367
0.8,0.11,0.595745
0.8,0.12,0.588907
0.8,0.13,0.581855
0.8,0.14,0.574589
0.8,0.15,0.567112
0.8,0.16,0.559429
0.8,0.17,0.551544
0.8,0.18,0.543464
0.8,0.19,0.535196
0.8,0.2,0.526749
0.8,0.21,0.518134
0.8,0.22,0.509362
0.8,0.23,0.500446
0.8,0.24,0.4914
0.8,0.25,0.48224
0.8,0.26,0.472982
0.8,0.27,0.463643
0.8,0.28,0.454241
0.8,0.29,0.444795
0.8,0.3,0.435325
0.8,0.31,0.425849
0.8,0.32,0.416389
0.8,0.33,0.406964
0.8,0.34,0.397593
0.8,0.35,0.388295
0.8,0.36,0.379089
0.8,0.37,0.369992
0.8,0.38,0.361022
0.8,0.39,0.352194
0.8,0.4,0.343524
0.8,0.41,0.335023
0.8,0.42,0.326705
0.8,0.43,0.31858
0.8,0.44,0.310657
0.8,0.45,0.302944
0.8,0.46,0.295449
0.8,0.47,0.288175
0.8,0.48,0.281128
0.8,0.49,0.274309
0.8,0.5,0.26772
0.8,0.51,0.261362
0.8,0.52,0.255235
0.8,0.53,0.249335
0.8,0.54,0.243663
0.8,0.55,0.238214
0.8,0.56,0.232984
0.8,0.57,0.227971
0.8,0.58,0.223169
0.8,0.59,0.218573
0.8,0.6,0.214178
0.8,0.61,0.209978
0.8,0.62,0.205969
0.8,0.63,0.202143
0.8,0.64,0.198497
0.8,0.65,0.195022
0.8,0.66,0.191715
0.8,0.67,0.188568
0.8,0.68,0.185577
0.8,0.69,0.182735
0.8,0.7,0.180038
0.8,0.71,0.177481
0.8,0.72,0.175057
0.8,0.73,0.172763
0.8,0.74,0.170594
0.8,0.75,0.168544
0.8,0.76,0.166611
0.8,0.77,0.164789
0.8,0.78,0.163076
0.8,0.79,0.161467
0.8,0.8,0.159959
0.8,0.81,0.158548
0.8,0.82,0.157233
0.8,0.83,0.15601
0.8,0.84,0.154876
0.8,0.85,0.153829
0.8,0.86,0.152868
0.8,0.87,0.15199
0.8,0.88,0.151193
0.8,0.89,0.150476
0.8,0.9,0.149838
0.8,0.91,0.149278
0.8,0.92,0.148795
0.8,0.93,0.148387
0.8,0.94,0.148056
0.8,0.95,0.1478
0.8,0.96,0.147619
0.8,0.97,0.147514
0.8,0.98,0.147485
0.8,0.99,0.147534
0.8,1,0.14766
0.8,1.01,0.147865
0.8,1.02,0.148151
0.8,1.03,0.148519
0.8,1.04,0.148971
0.8,1.05,0.149511
0.8,1.06,0.15014
0.8,1.07,0.150861
0.8,1.08,0.151679
0.8,1.09,0.152596
0.81,-0.1,0.696596
0.81,-0.09,0.693668
0.81,-0.08,0.690614
0.81,-0.07,0.687428
0.81,-0.06,0.684105
0.81,-0.05,0.68064
0.81,-0.04,0.677027
0.81,-0.03,0.673261
0.81,-0.02,0.669336
0.81,-0.01,0.665247
0.81,-1.04083e-17,0.660988
0.81,0.01,0.656554
0.81,0.02,0.651939
0.81,0.03,0.647139
0.81,0.04,0.642148
0.81,0.05,0.636962
0.81,0.06,0.631577
0.81,0.07,0.625987
0.81,0.08,0.62019
0.81,0.09,0.614183
0.81,0.1,0.607963
0.81,0.11,0.601529
0.81,0.12,0.594879
0.81,0.13,0.588013
0.81,0.14,0.580933
0.81,0.15,0.573639
0.81,0.16,0.566135
0.81,0.17,0.558425
0.81,0.18,0.550514
0.81,0.19,0.542408
0.81,0.2,0.534116
0.81,0.21,0.525646
0.81,0.22,0.51701
0.81,0.23,0.508217
0.81,0.24,0.499283
0.81,0.25,0.490221
0.81,0.26,0.481046
0.81,0.27,0.471775
0.81,0.28,0.462425
0.81,0.29,0.453015
0.81,0.3,0.443564
0.81,0.31,0.434091
0.81,0.32,0.424615
0.81,0.33,0.415157
0.81,0.34,0.405735
0.81,0.35,0.396371
0.81,0.36,0.387082
0.81,0.37,0.377888
0.81,0.38,0.368805
0.81,0.39,0.35985
0.81,0.4,0.35104
0.81,0.41,0.342389
0.81,0.42,0.333909
0.81,0.43,0.325614
0.81,0.44,0.317512
0.81,0.45,0.309614
0.81,0.46,0.301927
0.81,0.47,0.294458
0.81,0.48,0.287212
0.81,0.49,0.280192
0.81,0.5,0.273401
0.81,0.51,0.26684
0.81,0.52,0.26051
0.81,0.53,0.25441
0.81,0.54,0.248538
0.81,0.55,0.242892
0.81,0.56,0.23747
0.81,0.57,0.232267
0.81,0.58,0.227279
0.81,0.59,0.222501
0.81,0.6,0.21793
0.81,0.61,0.213558
0.81,0.62,0.209382
0.81,0.63,0.205394
0.81,0.64,0.20159
0.81,0.65,0.197964
0.81,0.66,0.194509
0.81,0.67,0.19122
0.81,0.68,0.188091
0.81,0.69,0.185117
0.81,0.7,0.182292
0.81,0.71,0.179611
0.81,0.72,0.177069
0.81,0.73,0.174659
0.81,0.74,0.172379
0.81,0.75,0.170222
0.81,0.76,0.168185
0.81,0.77,0.166263
0.81,0.78,0.164452
0.81,0.79,0.162749
0.81,0.8,0.161149
0.81,0.81,0.15965
0.81,0.82,0.158248
0.81,0.83,0.156941
0.81,0.84,0.155725
0.81,0.85,0.154598
0.81,0.86,0.153557
0.81,0.87,0.152602
0.81,0.88,0.151729
0.81,0.89,0.150937
0.81,0.9,0.150225
0.81,0.91,0.149591
0.81,0.92,0.149034
0.81,0.93,0.148553
0.81,0.94,0.148149
0.81,0.95,0.147819
0.81,0.96,0.147565
0.81,0.97,0.147386
0.81,0.98,0.147281
0.81,0.99,0.147253
0.81,1,0.147301
0.81,1.01,0.147427
0.81,1.02,0.147631
0.81,1.03,0.147915
0.81,1.04,0.148281
0.81,1.05,0.148731
0.81,1.06,0.149268
0.81,1.07,0.149893
0.81,1.08,0.15061
0.81,1.09,0.151423
0.82,-0.1,0.69905
0.82,-0.09,0.696229
0.82,-0.08,0.693285
0.82,-0.07,0.690215
0.82,-0.06,0.687011
0.82,-0.05,0.683671
0.82,-0.04,0.680187
0.82,-0.03,0.676554
0.82,-0.02,0.672768
0.82,-0.01,0.668822
0.82,-1.04083e-17,0.664712
0.82,0.01,0.660431
0.82,0.02,0.655974
0.82,0.03,0.651335
0.82,0.04,0.646511
0.82,0.05,0.641495
0.82,0.06,0.636284
0.82,0.07,0.630872
0.82,0.08,0.625256
0.82,0.09,0.619432
0.82,0.1,0.613397
0.82,0.11,0.60715
0.82,0.12,0.600687
0.82,0.13,0.594009
0.82,0.14,0.587115
0.82,0.15,0.580007
0.82,0.16,0.572686
0.82,0.17,0.565154
0.82,0.18,0.557418
0.82,0.19,0.549481
0.82,0.2,0.54135
0.82,0.21,0.533034
0.82,0.22,0.524541
0.82,0.23,0.515883
0.82,0.24,0.507071
0.82,0.25,0.498118
0.82,0.26,0.489039
0.82,0.27,0.47985
0.82,0.28,0.470567
0.82,0.29,0.461207
0.82,0.3,0.45179
0.82,0.31,0.442333
0.82,0.32,0.432857
0.82,0.33,0.423381
0.82,0.34,0.413924
0.82,0.35,0.404508
0.82,0.36,0.395151
0.82,0.37,0.385871
0.82,0.38,0.376688
0.82,0.39,0.367619
0.82,0.4,0.358681
0.82,0.41,0.349889
0.82,0.42,0.341257
0.82,0.43,0.332799
0.82,0.44,0.324525
0.82,0.45,0.316448
0.82,0.46,0.308575
0.82,0.47,0.300914
0.82,0.48,0.293472
0.82,0.49,0.286252
0.82,0.5,0.27926
0.82,0.51,0.272496
0.82,0.52,0.265963
0.82,0.53,0.259661
0.82,0.54,0.253589
0.82,0.55,0.247744
0.82,0.56,0.242126
0.82,0.57,0.23673
0.82,0.58,0.231553
0.82,0.59,0.22659
0.82,0.6,0.221838
0.82,0.61,0.21729
0.82,0.62,0.212942
0.82,0.63,0.208788
0.82,0.64,0.204823
0.82,0.65,0.20104
0.82,0.66,0.197434
0.82,0.67,0.193998
0.82,0.68,0.190728
0.82,0.69,0.187618
0.82,0.7,0.184661
0.82,0.71,0.181852
0.82,0.72,0.179187
0.82,0.73,0.176659
0.82,0.74,0.174264
0.82,0.75,0.171996
0.82,0.76,0.169852
0.82,0.77,0.167827
0.82,0.78,0.165917
0.82,0.79,0.164117
0.82,0.8,0.162423
0.82,0.81,0.160833
0.82,0.82,0.159343
0.82,0.83,0.15795
0.82,0.84,0.15665
0.82,0.85,0.155441
0.82,0.86,0.154321
0.82,0.87,0.153287
0.82,0.88,0.152337
0.82,0.89,0.15147
0.82,0.9,0.150683
0.82,0.91,0.149975
0.82,0.92,0.149345
0.82,0.93,0.148791
0.82,0.94,0.148314
0.82,0.95,0.147912
0.82,0.96,0.147584
0.82,0.97,0.147332
0.82,0.98,0.147154
0.82,0.99,0.14705
0.82,1,0.147022
0.82,1.01,0.14707
0.82,1.02,0.147195
0.82,1.03,0.147399
0.82,1.04,0.147681
0.82,1.05,0.148046
0.82,1.06,0.148493
0.82,1.07,0.149026
0.82,1.08,0.149648
0.82,1.09,0.150361
0.83,-0.1,0.701415
0.83,-0.09,0.698696
0.83,-0.08,0.69586
0.83,-0.07,0.6929
0.83,-0.06,0.689813
0.83,-0.05,0.686592
0.83,-0.04,0.683233
0.83,-0.03,0.679731
0.83,-0.02,0.676079
0.83,-0.01,0.672273
0.83,-1.04083e-17,0.668306
0.83,0.01,0.664174
0.83,0.02,0.65987
0.83,0.03,0.65539
0.83,0.04,0.650728
0.83,0.05,0.64588
0.83,0.06,0.640839
0.83,0.07,0.635602
0.83,0.08,0.630164
0.83,0.09,0.624521
0.83,0.1,0.61867
0.83,0.11,0.612608
0.83,0.12,0.606332
0.83,0.13,0.599842
0.83,0.14,0.593136
0.83,0.15,0.586214
0.83,0.16,0.579078
0.83,0.17,0.571729
0.83,0.18,0.56417
0.83,0.19,0.556407
0.83,0.2,0.548444
0.83,0.21,0.540288
0.83,0.22,0.531948
0.83,0.23,0.523433
0.83,0.24,0.514753
0.83,0.25,0.505921
0.83,0.26,0.496951
0.83,0.27,0.487856
0.83,0.28,0.478652
0.83,0.29,0.469357
0.83,0.3,0.459988
0.83,0.31,0.450563
0.83,0.32,0.441101
0.83,0.33,0.431623
0.83,0.34,0.422147
0.83,0.35,0.412693
0.83,0.36,0.403281
0.83,0.37,0.393931
0.83,0.38,0.384662
0.83,0.39,0.375491
0.83,0.4,0.366436
0.83,0.41,0.357514
0.83,0.42,0.34874
0.83,0.43,0.340128
0.83,0.44,0.331691
0.83,0.45,0.323441
0.83,0.46,0.315387
0.83,0.47,0.307539
0.83,0.48,0.299904
0.83,0.49,0.292488
0.83,0.5,0.285296
0.83,0.51,0.278331
0.83,0.52,0.271596
0.83,0.53,0.265091
0.83,0.54,0.258816
0.83,0.55,0.252771
0.83,0.56,0.246954
0.83,0.57,0.241363
0.83,0.58,0.235994
0.83,0.59,0.230842
0.83,0.6,0.225905
0.83,0.61,0.221178
0.83,0.62,0.216654
0.83,0.63,0.21233
0.83,0.64,0.208198
0.83,0.65,0.204255
0.83,0.66,0.200493
0.83,0.67,0.196907
0.83,0.68,0.193491
0.83,0.69,0.190239
0.83,0.7,0.187147
0.83,0.71,0.184207
0.83,0.72,0.181415
0.83,0.73,0.178764
0.83,0.74,0.176251
0.83,0.75,0.17387
0.83,0.76,0.171616
0.83,0.77,0.169485
0.83,0.78,0.167472
0.83,0.79,0.165573
0.83,0.8,0.163783
0.83,0.81,0.1621
0.83,0.82,0.16052
0.83,0.83,0.159038
0.83,0.84,0.157653
0.83,0.85,0.156361
0.83,0.86,0.15516
0.83,0.87,0.154046
0.83,0.88,0.153019
0.83,0.89,0.152075
0.83,0.9,0.151212
0.83,0.91,0.15043
0.83,0.92,0.149726
0.83,0.93,0.1491
0.83,0.94,0.14855
0.83,0.95,0.148076
0.83,0.96,0.147676
0.83,0.97,0.147351
0.83,0.98,0.1471
0.83,0.99,0.146923
0.83,1,0.146821
0.83,1.01,0.146793
0.83,1.02,0.146841
0.83,1.03,0.146965
0.83,1.04,0.147168
0.83,1.05,0.147449
0.83,1.06,0.147811
0.83,1.07,0.148256
0.83,1.08,0.148786
0.83,1.09,0.149404
0.84,-0.1,0.703694
0.84,-0.09,0.701074
0.84,-0.08,0.698341
0.84,-0.07,0.695489
0.84,-0.06,0.692513
0.84,-0.05,0.689409
0.84,-0.04,0.686171
0.84,-0.03,0.682794
0.84,-0.02,0.679273
0.84,-0.01,0.675601
0.84,-1.04083e-17,0.671775
0.84,0.01,0.667787
0.84,0.02,0.663633
0.84,0.03,0.659307
0.84,0.04,0.654804
0.84,0.05,0.650118
0.84,0.06,0.645245
0.84,0.07,0.640179
0.84,0.08,0.634916
0.84,0.09,0.629452
0.84,0.1,0.623783
0.84,0.11,0.617904
0.84,0.12,0.611815
0.84,0.13,0.605512
0.84,0.14,0.598993
0.84,0.15,0.592259
0.84,0.16,0.585309
0.84,0.17,0.578145
0.84,0.18,0.570769
0.84,0.19,0.563183
0.84,0.2,0.555393
0.84,0.21,0.547404
0.84,0.22,0.539224
0.84,0.23,0.53086
0.84,0.24,0.522322
0.84,0.25,0.513621
0.84,0.26,0.50477
0.84,0.27,0.495781
0.84,0.28,0.486671
0.84,0.29,0.477453
0.84,0.3,0.468147
0.84,0.31,0.458768
0.84,0.32,0.449336
0.84,0.33,0.43987
0.84,0.34,0.430389
0.84,0.35,0.420913
0.84,0.36,0.411462
0.84,0.37,0.402056
0.84,0.38,0.392713
0.84,0.39,0.383454
0.84,0.4,0.374295
0.84,0.41,0.365255
0.84,0.42,0.35635
0.84,0.43,0.347594
0.84,0.44,0.339002
0.84,0.45,0.330587
0.84,0.46,0.322359
0.84,0.47,0.31433
0.84,0.48,0.306507
0.84,0.49,0.298898
0.84,0.5,0.291509
0.84,0.51,0.284344
0.84,0.52,0.277407
0.84,0.53,0.270699
0.84,0.54,0.264222
0.84,0.55,0.257975
0.84,0.56,0.251958
0.84,0.57,0.246169
0.84,0.58,0.240604
0.84,0.59,0.235261
0.84,0.6,0.230136
0.84,0.61,0.225224
0.84,0.62,0.220521
0.84,0.63,0.216022
0.84,0.64,0.21172
0.84,0.65,0.207612
0.84,0.66,0.20369
0.84,0.67,0.199949
0.84,0.68,0.196383
0.84,0.69,0.192986
0.84,0.7,0.189754
0.84,0.71,0.186678
0.84,0.72,0.183756
0.84,0.73,0.18098
0.84,0.74,0.178345
0.84,0.75,0.175847
0.84,0.76,0.173479
0.84,0.77,0.171239
0.84,0.78,0.16912
0.84,0.79,0.167119
0.84,0.8,0.165231
0.84,0.81,0.163452
0.84,0.82,0.161779
0.84,0.83,0.160208
0.84,0.84,0.158735
0.84,0.85,0.157359
0.84,0.86,0.156074
0.84,0.87,0.15488
0.84,0.88,0.153773
0.84,0.89,0.152752
0.84,0.9,0.151813
0.84,0.91,0.150956
0.84,0.92,0.150179
0.84,0.93,0.14948
0.84,0.94,0.148857
0.84,0.95,0.148311
0.84,0.96,0.147839
0.84,0.97,0.147442
0.84,0.98,0.147119
0.84,0.99,0.146869
0.84,1,0.146694
0.84,1.01,0.146592
0.84,1.02,0.146565
0.84,1.03,0.146613
0.84,1.04,0.146737
0.84,1.05,0.146938
0.84,1.06,0.147218
0.84,1.07,0.147578
0.84,1.08,0.14802
0.84,1.09,0.148548
0.85,-0.1,0.70589
0.85,-0.09,0.703366
0.85,-0.08,0.700732
0.85,-0.07,0.697983
0.85,-0.06,0.695116
0.85,-0.05,0.692124
0.85,-0.04,0.689003
0.85,-0.03,0.685748
0.85,-0.02,0.682352
0.85,-0.01,0.678812
0.85,-1.04083e-17,0.675121
0.85,0.01,0.671274
0.85,0.02,0.667265
0.85,0.03,0.663089
0.85,0.04,0.658741
0.85,0.05,0.654215
0.85,0.06,0.649505
0.85,0.07,0.644607
0.85,0.08,0.639516
0.85,0.09,0.634228
0.85,0.1,0.628737
0.85,0.11,0.623041
0.85,0.12,0.617136
0.85,0.13,0.611018
0.85,0.14,0.604687
0.85,0.15,0.598141
0.85,0.16,0.591379
0.85,0.17,0.584401
0.85,0.18,0.577209
0.85,0.19,0.569805
0.85,0.2,0.562192
0.85,0.21,0.554376
0.85,0.22,0.546362
0.85,0.23,0.538156
0.85,0.24,0.529769
0.85,0.25,0.521208
0.85,0.26,0.512487
0.85,0.27,0.503616
0.85,0.28,0.49461
0.85,0.29,0.485484
0.85,0.3,0.476253
0.85,0.31,0.466935
0.85,0.32,0.457547
0.85,0.33,0.448108
0.85,0.34,0.438637
0.85,0.35,0.429155
0.85,0.36,0.41968
0.85,0.37,0.410232
0.85,0.38,0.400831
0.85,0.39,0.391497
0.85,0.4,0.382248
0.85,0.41,0.373102
0.85,0.42,0.364076
0.85,0.43,0.355187
0.85,0.44,0.34645
0.85,0.45,0.337879
0.85,0.46,0.329485
0.85,0.47,0.321281
0.85,0.48,0.313276
0.85,0.49,0.305479
0.85,0.5,0.297896
0.85,0.51,0.290534
0.85,0.52,0.283396
0.85,0.53,0.276487
0.85,0.54,0.269807
0.85,0.55,0.263357
0.85,0.56,0.257139
0.85,0.57,0.251149
0.85,0.58,0.245387
0.85,0.59,0.239849
0.85,0.6,0.234533
0.85,0.61,0.229433
0.85,0.62,0.224547
0.85,0.63,0.219869
0.85,0.64,0.215393
0.85,0.65,0.211115
0.85,0.66,0.207028
0.85,0.67,0.203128
0.85,0.68,0.199408
0.85,0.69,0.195862
0.85,0.7,0.192485
0.85,0.71,0.18927
0.85,0.72,0.186213
0.85,0.73,0.183307
0.85,0.74,0.180547
0.85,0.75,0.177928
0.85,0.76,0.175444
0.85,0.77,0.173091
0.85,0.78,0.170863
0.85,0.79,0.168757
0.85,0.8,0.166768
0.85,0.81,0.164891
0.85,0.82,0.163123
0.85,0.83,0.16146
0.85,0.84,0.159898
0.85,0.85,0.158434
0.85,0.86,0.157066
0.85,0.87,0.155789
0.85,0.88,0.154602
0.85,0.89,0.153502
0.85,0.9,0.152487
0.85,0.91,0.151554
0.85,0.92,0.150702
0.85,0.93,0.149929
0.85,0.94,0.149234
0.85,0.95,0.148616
0.85,0.96,0.148072
0.85,0.97,0.147604
0.85,0.98,0.147209
0.85,0.99,0.146888
0.85,1,0.14664
0.85,1.01,0.146466
0.85,1.02,0.146365
0.85,1.03,0.146338
0.85,1.04,0.146386
0.85,1.05,0.14651
0.85,1.06,0.14671
0.85,1.07,0.146988
0.85,1.08,0.147346
0.85,1.09,0.147786
0.86,-0.1,0.708006
0.86,-0.09,0.705574
0.86,-0.08,0.703036
0.86,-0.07,0.700387
0.86,-0.06,0.697624
0.86,-0.05,0.694741
0.86,-0.04,0.691733
0.86,-0.03,0.688595
0.86,-0.02,0.685322
0.86,-0.01,0.681908
0.86,-1.04083e-17,0.678349
0.86,0.01,0.674638
0.86,0.02,0.670771
0.86,0.03,0.666741
0.86,0.04,0.662543
0.86,0.05,0.658172
0.86,0.06,0.653623
0.86,0.07,0.648889
0.86,0.08,0.643967
0.86,0.09,0.63885
0.86,0.1,0.633536
0.86,0.11,0.628019
0.86,0.12,0.622296
0.86,0.13,0.616363
0.86,0.14,0.610218
0.86,0.15,0.60386
0.86,0.16,0.597285
0.86,0.17,0.590495
0.86,0.18,0.583489
0.86,0.19,0.576269
0.86,0.2,0.568838
0.86,0.21,0.561198
0.86,0.22,0.553355
0.86,0.23,0.545316
0.86,0.24,0.537086
0.86,0.25,0.528675
0.86,0.26,0.520092
0.86,0.27,0.51135
0.86,0.28,0.50246
0.86,0.29,0.493437
0.86,0.3,0.484295
0.86,0.31,0.475051
0.86,0.32,0.465721
0.86,0.33,0.456325
0.86,0.34,0.44688
0.86,0.35,0.437405
0.86,0.36,0.427921
0.86,0.37,0.418447
0.86,0.38,0.409002
0.86,0.39,0.399608
0.86,0.4,0.390282
0.86,0.41,0.381043
0.86,0.42,0.37191
0.86,0.43,0.3629
0.86,0.44,0.354028
0.86,0.45,0.34531
0.86,0.46,0.336758
0.86,0.47,0.328387
0.86,0.48,0.320206
0.86,0.49,0.312226
0.86,0.5,0.304454
0.86,0.51,0.296898
0.86,0.52,0.289562
0.86,0.53,0.282452
0.86,0.54,0.27557
0.86,0.55,0.268918
0.86,0.56,0.262497
0.86,0.57,0.256306
0.86,0.58,0.250344
0.86,0.59,0.244609
0.86,0.6,0.239098
0.86,0.61,0.233808
0.86,0.62,0.228734
0.86,0.63,0.223873
0.86,0.64,0.219219
0.86,0.65,0.214768
0.86,0.66,0.210512
0.86,0.67,0.206448
0.86,0.68,0.20257
0.86,0.69,0.19887
0.86,0.7,0.195344
0.86,0.71,0.191986
0.86,0.72,0.18879
0.86,0.73,0.185751
0.86,0.74,0.182861
0.86,0.75,0.180117
0.86,0.76,0.177513
0.86,0.77,0.175044
0.86,0.78,0.172705
0.86,0.79,0.17049
0.86,0.8,0.168397
0.86,0.81,0.166419
0.86,0.82,0.164553
0.86,0.83,0.162796
0.86,0.84,0.161142
0.86,0.85,0.15959
0.86,0.86,0.158135
0.86,0.87,0.156775
0.86,0.88,0.155506
0.86,0.89,0.154326
0.86,0.9,0.153232
0.86,0.91,0.152223
0.86,0.92,0.151296
0.86,0.93,0.150449
0.86,0.94,0.149681
0.86,0.95,0.14899
0.86,0.96,0.148376
0.86,0.97,0.147836
0.86,0.98,0.14737
0.86,0.99,0.146978
0.86,1,0.146659
0.86,1.01,0.146413
0.86,1.02,0.14624
0.86,1.03,0.14614
0.86,1.04,0.146113
0.86,1.05,0.146161
0.86,1.06,0.146284
0.86,1.07,0.146483
0.86,1.08,0.14676
0.86,1.09,0.147116
0.87,-0.1,0.710045
0.87,-0.09,0.707701
0.87,-0.08,0.705256
0.87,-0.07,0.702704
0.87,-0.06,0.700041
0.87,-0.05,0.697263
0.87,-0.04,0.694364
0.87,-0.03,0.69134
0.87,-0.02,0.688185
0.87,-0.01,0.684894
0.87,-1.04083e-17,0.681462
0.87,0.01,0.677883
0.87,0.02,0.674153
0.87,0.03,0.670265
0.87,0.04,0.666214
0.87,0.05,0.661994
0.87,0.06,0.6576
0.87,0.07,0.653027
0.87,0.08,0.64827
0.87,0.09,0.643323
0.87,0.1,0.638181
0.87,0.11,0.632841
0.87,0.12,0.627297
0.87,0.13,0.621547
0.87,0.14,0.615587
0.87,0.15,0.609415
0.87,0.16,0.603028
0.87,0.17,0.596426
0.87,0.18,0.589608
0.87,0.19,0.582574
0.87,0.2,0.575326
0.87,0.21,0.567867
0.87,0.22,0.560201
0.87,0.23,0.552332
0.87,0.24,0.544266
0.87,0.25,0.536012
0.87,0.26,0.527578
0.87,0.27,0.518973
0.87,0.28,0.51021
0.87,0.29,0.501302
0.87,0.3,0.492261
0.87,0.31,0.483105
0.87,0.32,0.473847
0.87,0.33,0.464507
0.87,0.34,0.455102
0.87,0.35,0.445651
0.87,0.36,0.436172
0.87,0.37,0.426687
0.87,0.38,0.417214
0.87,0.39,0.407774
0.87,0.4,0.398385
0.87,0.41,0.389068
0.87,0.42,0.37984
0.87,0.43,0.370721
0.87,0.44,0.361725
0.87,0.45,0.352871
0.87,0.46,0.344172
0.87,0.47,0.335641
0.87,0.48,0.327292
0.87,0.49,0.319135
0.87,0.5,0.311179
0.87,0.51,0.303433
0.87,0.52,0.295903
0.87,0.53,0.288594
0.87,0.54,0.281512
0.87,0.55,0.274657
0.87,0.56,0.268033
0.87,0.57,0.26164
0.87,0.58,0.255477
0.87,0.59,0.249542
0.87,0.6,0.243834
0.87,0.61,0.23835
0.87,0.62,0.233087
0.87,0.63,0.228039
0.87,0.64,0.223203
0.87,0.65,0.218574
0.87,0.66,0.214146
0.87,0.67,0.209914
0.87,0.68,0.205872
0.87,0.69,0.202014
0.87,0.7,0.198336
0.87,0.71,0.19483
0.87,0.72,0.191491
0.87,0.73,0.188313
0.87,0.74,0.185291
0.87,0.75,0.182418
0.87,0.76,0.17969
0.87,0.77,0.177101
0.87,0.78,0.174647
0.87,0.79,0.172321
0.87,0.8,0.17012
0.87,0.81,0.168038
0.87,0.82,0.166072
0.87,0.83,0.164218
0.87,0.84,0.16247
0.87,0.85,0.160827
0.87,0.86,0.159284
0.87,0.87,0.157838
0.87,0.88,0.156485
0.87,0.89,0.155224
0.87,0.9,0.154051
0.87,0.91,0.152964
0.87,0.92,0.151961
0.87,0.93,0.15104
0.87,0.94,0.150198
0.87,0.95,0.149435
0.87,0.96,0.148748
0.87,0.97,0.148137
0.87,0.98,0.1476
0.87,0.99,0.147138
0.87,1,0.146748
0.87,1.01,0.146431
0.87,1.02,0.146187
0.87,1.03,0.146015
0.87,1.04,0.145915
0.87,1.05,0.145889
0.87,1.06,0.145937
0.87,1.07,0.146059
0.87,1.08,0.146257
0.87,1.09,0.146533
0.88,-0.1,0.71201
0.88,-0.09,0.709751
0.88,-0.08,0.707395
0.88,-0.07,0.704936
0.88,-0.06,0.702371
0.88,-0.05,0.699693
0.88,-0.04,0.6969
0.88,-0.03,0.693985
0.88,-0.02,0.690944
0.88,-0.01,0.687772
0.88,-1.04083e-17,0.684463
0.88,0.01,0.681013
0.88,0.02,0.677415
0.88,0.03,0.673665
0.88,0.04,0.669756
0.88,0.05,0.665684
0.88,0.06,0.661442
0.88,0.07,0.657026
0.88,0.08,0.652429
0.88,0.09,0.647647
0.88,0.1,0.642675
0.88,0.11,0.637509
0.88,0.12,0.632142
0.88,0.13,0.626572
0.88,0.14,0.620795
0.88,0.15,0.614808
0.88,0.16,0.608608
0.88,0.17,0.602193
0.88,0.18,0.595563
0.88,0.19,0.588717
0.88,0.2,0.581655
0.88,0.21,0.57438
0.88,0.22,0.566893
0.88,0.23,0.5592
0.88,0.24,0.551305
0.88,0.25,0.543214
0.88,0.26,0.534935
0.88,0.27,0.526478
0.88,0.28,0.517852
0.88,0.29,0.509069
0.88,0.3,0.500141
0.88,0.31,0.491084
0.88,0.32,0.481912
0.88,0.33,0.472642
0.88,0.34,0.463292
0.88,0.35,0.453878
0.88,0.36,0.444421
0.88,0.37,0.43494
0.88,0.38,0.425453
0.88,0.39,0.415982
0.88,0.4,0.406546
0.88,0.41,0.397164
0.88,0.42,0.387856
0.88,0.43,0.378639
0.88,0.44,0.369533
0.88,0.45,0.360553
0.88,0.46,0.351716
0.88,0.47,0.343036
0.88,0.48,0.334527
0.88,0.49,0.3262
0.88,0.5,0.318067
0.88,0.51,0.310136
0.88,0.52,0.302415
0.88,0.53,0.294912
0.88,0.54,0.28763
0.88,0.55,0.280575
0.88,0.56,0.273749
0.88,0.57,0.267152
0.88,0.58,0.260787
0.88,0.59,0.254651
0.88,0.6,0.248745
0.88,0.61,0.243064
0.88,0.62,0.237607
0.88,0.63,0.232369
0.88,0.64,0.227348
0.88,0.65,0.222537
0.88,0.66,0.217932
0.88,0.67,0.213527
0.88,0.68,0.209318
0.88,0.69,0.205298
0.88,0.7,0.201462
0.88,0.71,0.197804
0.88,0.72,0.194318
0.88,0.73,0.190998
0.88,0.74,0.187839
0.88,0.75,0.184834
0.88,0.76,0.181978
0.88,0.77,0.179266
0.88,0.78,0.176692
0.88,0.79,0.174252
0.88,0.8,0.17194
0.88,0.81,0.169751
0.88,0.82,0.167682
0.88,0.83,0.165728
0.88,0.84,0.163884
0.88,0.85,0.162147
0.88,0.86,0.160514
0.88,0.87,0.15898
0.88,0.88,0.157542
0.88,0.89,0.156198
0.88,0.9,0.154944
0.88,0.91,0.153778
0.88,0.92,0.152698
0.88,0.93,0.151701
0.88,0.94,0.150785
0.88,0.95,0.149948
0.88,0.96,0.149189
0.88,0.97,0.148507
0.88,0.98,0.1479
0.88,0.99,0.147367
0.88,1,0.146907
0.88,1.01,0.14652
0.88,1.02,0.146205
0.88,1.03,0.145962
0.88,1.04,0.145791
0.88,1.05,0.145692
0.88,1.06,0.145667
0.88,1.07,0.145714
0.88,1.08,0.145836
0.88,1.09,0.146033
0.89,-0.1,0.713903
0.89,-0.09,0.711727
0.89,-0.08,0.709456
0.89,-0.07,0.707087
0.89,-0.06,0.704615
0.89,-0.05,0.702035
0.89,-0.04,0.699343
0.89,-0.03,0.696535
0.89,-0.02,0.693604
0.89,-0.01,0.690547
0.89,-1.04083e-17,0.687357
0.89,0.01,0.684031
0.89,0.02,0.680562
0.89,0.03,0.676945
0.89,0.04,0.673174
0.89,0.05,0.669245
0.89,0.06,0.665151
0.89,0.07,0.660887
0.89,0.08,0.656448
0.89,0.09,0.651828
0.89,0.1,0.647022
0.89,0.11,0.642025
0.89,0.12,0.636833
0.89,0.13,0.63144
0.89,0.14,0.625844
0.89,0.15,0.62004
0.89,0.16,0.614025
0.89,0.17,0.607798
0.89,0.18,0.601355
0.89,0.19,0.594697
0.89,0.2,0.587822
0.89,0.21,0.580733
0.89,0.22,0.573429
0.89,0.23,0.565916
0.89,0.24,0.558196
0.89,0.25,0.550275
0.89,0.26,0.542159
0.89,0.27,0.533856
0.89,0.28,0.525375
0.89,0.29,0.516728
0.89,0.3,0.507924
0.89,0.31,0.498979
0.89,0.32,0.489905
0.89,0.33,0.480719
0.89,0.34,0.471436
0.89,0.35,0.462075
0.89,0.36,0.452654
0.89,0.37,0.443191
0.89,0.38,0.433707
0.89,0.39,0.42422
0.89,0.4,0.414751
0.89,0.41,0.405319
0.89,0.42,0.395944
0.89,0.43,0.386645
0.89,0.44,0.37744
0.89,0.45,0.368348
0.89,0.46,0.359384
0.89,0.47,0.350564
0.89,0.48,0.341904
0.89,0.49,0.333416
0.89,0.5,0.325111
0.89,0.51,0.317002
0.89,0.52,0.309096
0.89,0.53,0.301401
0.89,0.54,0.293924
0.89,0.55,0.28667
0.89,0.56,0.279642
0.89,0.57,0.272844
0.89,0.58,0.266276
0.89,0.59,0.259938
0.89,0.6,0.25383
0.89,0.61,0.247951
0.89,0.62,0.242298
0.89,0.63,0.236867
0.89,0.64,0.231656
0.89,0.65,0.22666
0.89,0.66,0.221874
0.89,0.67,0.217293
0.89,0.68,0.212912
0.89,0.69,0.208726
0.89,0.7,0.204728
0.89,0.71,0.200914
0.89,0.72,0.197276
0.89,0.73,0.19381
0.89,0.74,0.190508
0.89,0.75,0.187367
0.89,0.76,0.184379
0.89,0.77,0.18154
0.89,0.78,0.178844
0.89,0.79,0.176285
0.89,0.8,0.173859
0.89,0.81,0.17156
0.89,0.82,0.169385
0.89,0.83,0.167328
0.89,0.84,0.165385
0.89,0.85,0.163553
0.89,0.86,0.161826
0.89,0.87,0.160202
0.89,0.88,0.158677
0.89,0.89,0.157248
0.89,0.9,0.155912
0.89,0.91,0.154666
0.89,0.92,0.153507
0.89,0.93,0.152433
0.89,0.94,0.151442
0.89,0.95,0.150531
0.89,0.96,0.1497
0.89,0.97,0.148946
0.89,0.98,0.148268
0.89,0.99,0.147664
0.89,1,0.147134
0.89,1.01,0.146677
0.89,1.02,0.146292
0.89,1.03,0.14598
0.89,1.04,0.145738
0.89,1.05,0.145569
0.89,1.06,0.145471
0.89,1.07,0.145445
0.89,1.08,0.145493
0.89,1.09,0.145614
0.9,-0.1,0.715727
0.9,-0.09,0.71363
0.9,-0.08,0.711443
0.9,-0.07,0.70916
0.9,-0.06,0.706778
0.9,-0.05,0.704292
0.9,-0.04,0.701698
0.9,-0.03,0.698992
0.9,-0.02,0.696167
0.9,-0.01,0.693221
0.9,-1.04083e-17,0.690147
0.9,0.01,0.68694
0.9,0.02,0.683596
0.9,0.03,0.680108
0.9,0.04,0.676472
0.9,0.05,0.672681
0.9,0.06,0.668731
0.9,0.07,0.664616
0.9,0.08,0.660329
0.9,0.09,0.655867
0.9,0.1,0.651224
0.9,0.11,0.646393
0.9,0.12,0.641372
0.9,0.13,0.636154
0.9,0.14,0.630735
0.9,0.15,0.625112
0.9,0.16,0.619281
0.9,0.17,0.613239
0.9,0.18,0.606984
0.9,0.19,0.600513
0.9,0.2,0.593827
0.9,0.21,0.586924
0.9,0.22,0.579807
0.9,0.23,0.572476
0.9,0.24,0.564935
0.9,0.25,0.557189
0.9,0.26,0.549241
0.9,0.27,0.5411
0.9,0.28,0.532773
0.9,0.29,0.52427
0.9,0.3,0.515601
0.9,0.31,0.506778
0.9,0.32,0.497814
0.9,0.33,0.488724
0.9,0.34,0.479523
0.9,0.35,0.470229
0.9,0.36,0.460858
0.9,0.37,0.451429
0.9,0.38,0.441961
0.9,0.39,0.432474
0.9,0.4,0.422987
0.9,0.41,0.41352
0.9,0.42,0.404093
0.9,0.43,0.394725
0.9,0.44,0.385435
0.9,0.45,0.376243
0.9,0.46,0.367164
0.9,0.47,0.358217
0.9,0.48,0.349415
0.9,0.49,0.340774
0.9,0.5,0.332308
0.9,0.51,0.324026
0.9,0.52,0.31594
0.9,0.53,0.308059
0.9,0.54,0.300391
0.9,0.55,0.292941
0.9,0.56,0.285714
0.9,0.57,0.278714
0.9,0.58,0.271943
0.9,0.59,0.265403
0.9,0.6,0.259093
0.9,0.61,0.253013
0.9,0.62,0.247161
0.9,0.63,0.241535
0.9,0.64,0.236131
0.9,0.65,0.230946
0.9,0.66,0.225975
0.9,0.67,0.221214
0.9,0.68,0.216658
0.9,0.69,0.212301
0.9,0.7,0.208137
0.9,0.71,0.204161
0.9,0.72,0.200368
0.9,0.73,0.196751
0.9,0.74,0.193304
0.9,0.75,0.190022
0.9,0.76,0.186898
0.9,0.77,0.183928
0.9,0.78,0.181105
0.9,0.79,0.178424
0.9,0.8,0.17588
0.9,0.81,0.173469
0.9,0.82,0.171184
0.9,0.83,0.169021
0.9,0.84,0.166976
0.9,0.85,0.165045
0.9,0.86,0.163223
0.9,0.87,0.161507
0.9,0.88,0.159893
0.9,0.89,0.158377
0.9,0.9,0.156956
0.9,0.91,0.155628
0.9,0.92,0.154389
0.9,0.93,0.153237
0.9,0.94,0.15217
0.9,0.95,0.151185
0.9,0.96,0.15028
0.9,0.97,0.149453
0.9,0.98,0.148704
0.9,0.99,0.14803
0.9,1,0.14743
0.9,1.01,0.146903
0.9,1.02,0.146449
0.9,1.03,0.146067
0.9,1.04,0.145756
0.9,1.05,0.145516
0.9,1.06,0.145348
0.9,1.07,0.145251
0.9,1.08,0.145226
0.9,1.09,0.145273
0.91,-0.1,0.717485
0.91,-0.09,0.715465
0.91,-0.08,0.713357
0.91,-0.07,0.711157
0.91,-0.06,0.708862
0.91,-0.05,0.706467
0.91,-0.04,0.703967
0.91,-0.03,0.701359
0.91,-0.02,0.698638
0.91,-0.01,0.695798
0.91,-1.04083e-17,0.692836
0.91,0.01,0.689745
0.91,0.02,0.686521
0.91,0.03,0.683159
0.91,0.04,0.679652
0.91,0.05,0.675996
0.91,0.06,0.672185
0.91,0.07,0.668214
0.91,0.08,0.664077
0.91,0.09,0.659769
0.91,0.1,0.655284
0.91,0.11,0.650616
0.91,0.12,0.645762
0.91,0.13,0.640715
0.91,0.14,0.635472
0.91,0.15,0.630027
0.91,0.16,0.624377
0.91,0.17,0.618519
0.91,0.18,0.612449
0.91,0.19,0.606166
0.91,0.2,0.599668
0.91,0.21,0.592953
0.91,0.22,0.586023
0.91,0.23,0.578877
0.91,0.24,0.571519
0.91,0.25,0.563951
0.91,0.26,0.556178
0.91,0.27,0.548205
0.91,0.28,0.540039
0.91,0.29,0.531688
0.91,0.3,0.523162
0.91,0.31,0.514471
0.91,0.32,0.505629
0.91,0.33,0.496647
0.91,0.34,0.487541
0.91,0.35,0.478326
0.91,0.36,0.46902
0.91,0.37,0.459639
0.91,0.38,0.450203
0.91,0.39,0.44073
0.91,0.4,0.431241
0.91,0.41,0.421754
0.91,0.42,0.412289
0.91,0.43,0.402867
0.91,0.44,0.393507
0.91,0.45,0.384228
0.91,0.46,0.375047
0.91,0.47,0.365983
0.91,0.48,0.357052
0.91,0.49,0.348269
0.91,0.5,0.339648
0.91,0.51,0.331202
0.91,0.52,0.322944
0.91,0.53,0.314882
0.91,0.54,0.307027
0.91,0.55,0.299384
0.91,0.56,0.291961
0.91,0.57,0.284761
0.91,0.58,0.277789
0.91,0.59,0.271046
0.91,0.6,0.264534
0.91,0.61,0.258252
0.91,0.62,0.2522
0.91,0.63,0.246375
0.91,0.64,0.240776
0.91,0.65,0.235399
0.91,0.66,0.23024
0.91,0.67,0.225295
0.91,0.68,0.220559
0.91,0.69,0.216026
0.91,0.7,0.211693
0.91,0.71,0.207552
0.91,0.72,0.203598
0.91,0.73,0.199825
0.91,0.74,0.196229
0.91,0.75,0.192801
0.91,0.76,0.189538
0.91,0.77,0.186432
0.91,0.78,0.183479
0.91,0.79,0.180672
0.91,0.8,0.178007
0.91,0.81,0.175478
0.91,0.82,0.173081
0.91,0.83,0.170809
0.91,0.84,0.168659
0.91,0.85,0.166627
0.91,0.86,0.164707
0.91,0.87,0.162896
0.91,0.88,0.16119
0.91,0.89,0.159585
0.91,0.9,0.158078
0.91,0.91,0.156666
0.91,0.92,0.155346
0.91,0.93,0.154114
0.91,0.94,0.152969
0.91,0.95,0.151908
0.91,0.96,0.150929
0.91,0.97,0.15003
0.91,0.98,0.149208
0.91,0.99,0.148463
0.91,1,0.147793
0.91,1.01,0.147197
0.91,1.02,0.146673
0.91,1.03,0.146222
0.91,1.04,0.145842
0.91,1.05,0.145533
0.91,1.06,0.145295
0.91,1.07,0.145128
0.91,1.08,0.145032
0.91,1.09,0.145007
0.92,-0.1,0.719179
0.92,-0.09,0.717232
0.92,-0.08,0.715201
0.92,-0.07,0.713081
0.92,-0.06,0.71087
0.92,-0.05,0.708562
0.92,-0.04,0.706154
0.92,-0.03,0.703641
0.92,-0.02,0.701018
0.92,-0.01,0.698282
0.92,-1.04083e-17,0.695427
0.92,0.01,0.692449
0.92,0.02,0.689341
0.92,0.03,0.6861
0.92,0.04,0.682719
0.92,0.05,0.679194
0.92,0.06,0.675518
0.92,0.07,0.671687
0.92,0.08,0.667695
0.92,0.09,0.663536
0.92,0.1,0.659205
0.92,0.11,0.654697
0.92,0.12,0.650006
0.92,0.13,0.645127
0.92,0.14,0.640055
0.92,0.15,0.634786
0.92,0.16,0.629315
0.92,0.17,0.623639
0.92,0.18,0.617753
0.92,0.19,0.611656
0.92,0.2,0.605345
0.92,0.21,0.598819
0.92,0.22,0.592076
0.92,0.23,0.585118
0.92,0.24,0.577944
0.92,0.25,0.570559
0.92,0.26,0.562964
0.92,0.27,0.555164
0.92,0.28,0.547165
0.92,0.29,0.538974
0.92,0.3,0.5306
0.92,0.31,0.522051
0.92,0.32,0.51334
0.92,0.33,0.504477
0.92,0.34,0.495478
0.92,0.35,0.486356
0.92,0.36,0.477128
0.92,0.37,0.46781
0.92,0.38,0.45842
0.92,0.39,0.448977
0.92,0.4,0.439499
0.92,0.41,0.430008
0.92,0.42,0.420521
0.92,0.43,0.41106
0.92,0.44,0.401643
0.92,0.45,0.392291
0.92,0.46,0.383022
0.92,0.47,0.373853
0.92,0.48,0.364804
0.92,0.49,0.355889
0.92,0.5,0.347125
0.92,0.51,0.338524
0.92,0.52,0.3301
0.92,0.53,0.321865
0.92,0.54,0.313828
0.92,0.55,0.305997
0.92,0.56,0.298381
0.92,0.57,0.290985
0.92,0.58,0.283812
0.92,0.59,0.276868
0.92,0.6,0.270153
0.92,0.61,0.263669
0.92,0.62,0.257415
0.92,0.63,0.25139
0.92,0.64,0.245593
0.92,0.65,0.240021
0.92,0.66,0.234671
0.92,0.67,0.229538
0.92,0.68,0.224618
0.92,0.69,0.219907
0.92,0.7,0.215398
0.92,0.71,0.211088
0.92,0.72,0.206969
0.92,0.73,0.203038
0.92,0.74,0.199286
0.92,0.75,0.195709
0.92,0.76,0.192301
0.92,0.77,0.189056
0.92,0.78,0.185969
0.92,0.79,0.183032
0.92,0.8,0.180242
0.92,0.81,0.177593
0.92,0.82,0.175079
0.92,0.83,0.172695
0.92,0.84,0.170437
0.92,0.85,0.1683
0.92,0.86,0.166279
0.92,0.87,0.16437
0.92,0.88,0.16257
0.92,0.89,0.160874
0.92,0.9,0.159279
0.92,0.91,0.157781
0.92,0.92,0.156378
0.92,0.93,0.155065
0.92,0.94,0.153841
0.92,0.95,0.152703
0.92,0.96,0.151648
0.92,0.97,0.150675
0.92,0.98,0.149781
0.92,0.99,0.148964
0.92,1,0.148224
0.92,1.01,0.147558
0.92,1.02,0.146965
0.92,1.03,0.146445
0.92,1.04,0.145997
0.92,1.05,0.145619
0.92,1.06,0.145312
0.92,1.07,0.145076
0.92,1.08,0.14491
0.92,1.09,0.144814
0.93,-0.1,0.720812
0.93,-0.09,0.718936
0.93,-0.08,0.716978
0.93,-0.07,0.714936
0.93,-0.06,0.712805
0.93,-0.05,0.710581
0.93,-0.04,0.70826
0.93,-0.03,0.705839
0.93,-0.02,0.703312
0.93,-0.01,0.700676
0.93,-1.04083e-17,0.697925
0.93,0.01,0.695054
0.93,0.02,0.692059
0.93,0.03,0.688935
0.93,0.04,0.685676
0.93,0.05,0.682277
0.93,0.06,0.678733
0.93,0.07,0.675038
0.93,0.08,0.671186
0.93,0.09,0.667173
0.93,0.1,0.662993
0.93,0.11,0.658639
0.93,0.12,0.654108
0.93,0.13,0.649393
0.93,0.14,0.644489
0.93,0.15,0.639392
0.93,0.16,0.634097
0.93,0.17,0.6286
0.93,0.18,0.622897
0.93,0.19,0.616984
0.93,0.2,0.610859
0.93,0.21,0.604521
0.93,0.22,0.597966
0.93,0.23,0.591196
0.93,0.24,0.584209
0.93,0.25,0.577008
0.93,0.26,0.569595
0.93,0.27,0.561973
0.93,0.28,0.554146
0.93,0.29,0.546122
0.93,0.3,0.537907
0.93,0.31,0.529508
0.93,0.32,0.520938
0.93,0.33,0.512205
0.93,0.34,0.503324
0.93,0.35,0.494307
0.93,0.36,0.485169
0.93,0.37,0.475927
0.93,0.38,0.466598
0.93,0.39,0.457199
0.93,0.4,0.44775
0.93,0.41,0.438268
0.93,0.42,0.428775
0.93,0.43,0.419289
0.93,0.44,0.409831
0.93,0.45,0.40042
0.93,0.46,0.391076
0.93,0.47,0.381817
0.93,0.48,0.372662
0.93,0.49,0.363627
0.93,0.5,0.354729
0.93,0.51,0.345983
0.93,0.52,0.337403
0.93,0.53,0.329002
0.93,0.54,0.320789
0.93,0.55,0.312777
0.93,0.56,0.304972
0.93,0.57,0.297382
0.93,0.58,0.290012
0.93,0.59,0.282867
0.93,0.6,0.275951
0.93,0.61,0.269264
0.93,0.62,0.262807
0.93,0.63,0.256581
0.93,0.64,0.250585
0.93,0.65,0.244815
0.93,0.66,0.23927
0.93,0.67,0.233946
0.93,0.68,0.228839
0.93,0.69,0.223945
0.93,0.7,0.219258
0.93,0.71,0.214774
0.93,0.72,0.210486
0.93,0.73,0.206391
0.93,0.74,0.20248
0.93,0.75,0.19875
0.93,0.76,0.195193
0.93,0.77,0.191805
0.93,0.78,0.188578
0.93,0.79,0.185508
0.93,0.8,0.182589
0.93,0.81,0.179815
0.93,0.82,0.177181
0.93,0.83,0.174681
0.93,0.84,0.172312
0.93,0.85,0.170067
0.93,0.86,0.167942
0.93,0.87,0.165933
0.93,0.88,0.164036
0.93,0.89,0.162247
0.93,0.9,0.160561
0.93,0.91,0.158975
0.93,0.92,0.157486
0.93,0.93,0.156091
0.93,0.94,0.154786
0.93,0.95,0.15357
0.93,0.96,0.152438
0.93,0.97,0.15139
0.93,0.98,0.150422
0.93,0.99,0.149534
0.93,1,0.148722
0.93,1.01,0.147986
0.93,1.02,0.147324
0.93,1.03,0.146735
0.93,1.04,0.146218
0.93,1.05,0.145773
0.93,1.06,0.145398
0.93,1.07,0.145093
0.93,1.08,0.144858
0.93,1.09,0.144693
0.94,-0.1,0.722385
0.94,-0.09,0.720577
0.94,-0.08,0.718691
0.94,-0.07,0.716723
0.94,-0.06,0.714669
0.94,-0.05,0.712526
0.94,-0.04,0.710291
0.94,-0.03,0.707957
0.94,-0.02,0.705523
0.94,-0.01,0.702982
0.94,-1.04083e-17,0.700331
0.94,0.01,0.697565
0.94,0.02,0.694679
0.94,0.03,0.691668
0.94,0.04,0.688527
0.94,0.05,0.68525
0.94,0.06,0.681833
0.94,0.07,0.678269
0.94,0.08,0.674555
0.94,0.09,0.670683
0.94,0.1,0.666648
0.94,0.11,0.662446
0.94,0.12,0.65807
0.94,0.13,0.653515
0.94,0.14,0.648776
0.94,0.15,0.643848
0.94,0.16,0.638726
0.94,0.17,0.633405
0.94,0.18,0.627881
0.94,0.19,0.622151
0.94,0.2,0.616212
0.94,0.21,0.610059
0.94,0.22,0.603693
0.94,0.23,0.59711
0.94,0.24,0.590311
0.94,0.25,0.583297
0.94,0.26,0.576068
0.94,0.27,0.568627
0.94,0.28,0.560978
0.94,0.29,0.553126
0.94,0.3,0.545076
0.94,0.31,0.536836
0.94,0.32,0.528414
0.94,0.33,0.519821
0.94,0.34,0.511068
0.94,0.35,0.502168
0.94,0.36,0.493134
0.94,0.37,0.483981
0.94,0.38,0.474726
0.94,0.39,0.465386
0.94,0.4,0.455978
0.94,0.41,0.446522
0.94,0.42,0.437037
0.94,0.43,0.427542
0.94,0.44,0.418057
0.94,0.45,0.408603
0.94,0.46,0.399198
0.94,0.47,0.389862
0.94,0.48,0.380614
0.94,0.49,0.371472
0.94,0.5,0.362452
0.94,0.51,0.353572
0.94,0.52,0.344845
0.94,0.53,0.336285
0.94,0.54,0.327906
0.94,0.55,0.319717
0.94,0.56,0.311729
0.94,0.57,0.30395
0.94,0.58,0.296386
0.94,0.59,0.289044
0.94,0.6,0.281926
0.94,0.61,0.275037
0.94,0.62,0.268378
0.94,0.63,0.26195
0.94,0.64,0.255752
0.94,0.65,0.249783
0.94,0.66,0.244041
0.94,0.67,0.238523
0.94,0.68,0.233225
0.94,0.69,0.228144
0.94,0.7,0.223275
0.94,0.71,0.218613
0.94,0.72,0.214153
0.94,0.73,0.209888
0.94,0.74,0.205815
0.94,0.75,0.201926
0.94,0.76,0.198217
0.94,0.77,0.19468
0.94,0.78,0.191311
0.94,0.79,0.188103
0.94,0.8,0.18505
0.94,0.81,0.182148
0.94,0.82,0.17939
0.94,0.83,0.176771
0.94,0.84,0.174287
0.94,0.85,0.171931
0.94,0.86,0.169699
0.94,0.87,0.167587
0.94,0.88,0.16559
0.94,0.89,0.163704
0.94,0.9,0.161925
0.94,0.91,0.160249
0.94,0.92,0.158673
0.94,0.93,0.157193
0.94,0.94,0.155806
0.94,0.95,0.154509
0.94,0.96,0.1533
0.94,0.97,0.152175
0.94,0.98,0.151133
0.94,0.99,0.150171
0.94,1,0.149288
0.94,1.01,0.148481
0.94,1.02,0.14775
0.94,1.03,0.147092
0.94,1.04,0.146507
0.94,1.05,0.145993
0.94,1.06,0.14555
0.94,1.07,0.145177
0.94,1.08,0.144874
0.94,1.09,0.144641
0.95,-0.1,0.723902
0.95,-0.09,0.722159
0.95,-0.08,0.720341
0.95,-0.07,0.718444
0.95,-0.06,0.716466
0.95,-0.05,0.714401
0.95,-0.04,0.712247
0.95,-0.03,0.709999
0.95,-0.02,0.707653
0.95,-0.01,0.705205
0.95,-1.04083e-17,0.70265
0.95,0.01,0.699985
0.95,0.02,0.697204
0.95,0.03,0.694302
0.95,0.04,0.691274
0.95,0.05,0.688116
0.95,0.06,0.684822
0.95,0.07,0.681386
0.95,0.08,0.677804
0.95,0.09,0.674069
0.95,0.1,0.670177
0.95,0.11,0.666121
0.95,0.12,0.661897
0.95,0.13,0.657498
0.95,0.14,0.65292
0.95,0.15,0.648157
0.95,0.16,0.643204
0.95,0.17,0.638056
0.95,0.18,0.632709
0.95,0.19,0.627159
0.95,0.2,0.621403
0.95,0.21,0.615435
0.95,0.22,0.609256
0.95,0.23,0.602861
0.95,0.24,0.596251
0.95,0.25,0.589424
0.95,0.26,0.582381
0.95,0.27,0.575125
0.95,0.28,0.567657
0.95,0.29,0.559981
0.95,0.3,0.552102
0.95,0.31,0.544027
0.95,0.32,0.535762
0.95,0.33,0.527318
0.95,0.34,0.518703
0.95,0.35,0.509929
0.95,0.36,0.50101
0.95,0.37,0.491959
0.95,0.38,0.482791
0.95,0.39,0.473523
0.95,0.4,0.464172
0.95,0.41,0.454756
0.95,0.42,0.445294
0.95,0.43,0.435805
0.95,0.44,0.426309
0.95,0.45,0.416826
0.95,0.46,0.407375
0.95,0.47,0.397977
0.95,0.48,0.38865
0.95,0.49,0.379413
0.95,0.5,0.370284
0.95,0.51,0.36128
0.95,0.52,0.352417
0.95,0.53,0.343709
0.95,0.54,0.33517
0.95,0.55,0.326813
0.95,0.56,0.318648
0.95,0.57,0.310685
0.95,0.58,0.302931
0.95,0.59,0.295394
0.95,0.6,0.288079
0.95,0.61,0.280989
0.95,0.62,0.274128
0.95,0.63,0.267497
0.95,0.64,0.261097
0.95,0.65,0.254927
0.95,0.66,0.248985
0.95,0.67,0.24327
0.95,0.68,0.237779
0.95,0.69,0.232508
0.95,0.7,0.227453
0.95,0.71,0.222609
0.95,0.72,0.217971
0.95,0.73,0.213535
0.95,0.74,0.209294
0.95,0.75,0.205243
0.95,0.76,0.201376
0.95,0.77,0.197687
0.95,0.78,0.19417
0.95,0.79,0.19082
0.95,0.8,0.18763
0.95,0.81,0.184595
0.95,0.82,0.18171
0.95,0.83,0.178968
0.95,0.84,0.176364
0.95,0.85,0.173894
0.95,0.86,0.171552
0.95,0.87,0.169334
0.95,0.88,0.167234
0.95,0.89,0.165249
0.95,0.9,0.163374
0.95,0.91,0.161606
0.95,0.92,0.15994
0.95,0.93,0.158373
0.95,0.94,0.156902
0.95,0.95,0.155523
0.95,0.96,0.154234
0.95,0.97,0.153032
0.95,0.98,0.151914
0.95,0.99,0.150878
0.95,1,0.149922
0.95,1.01,0.149044
0.95,1.02,0.148242
0.95,1.03,0.147515
0.95,1.04,0.146861
0.95,1.05,0.146279
0.95,1.06,0.145769
0.95,1.07,0.145329
0.95,1.08,0.144958
0.95,1.09,0.144657
0.96,-0.1,0.725364
0.96,-0.09,0.723684
0.96,-0.08,0.721932
0.96,-0.07,0.720104
0.96,-0.06,0.718197
0.96,-0.05,0.716207
0.96,-0.04,0.714131
0.96,-0.03,0.711965
0.96,-0.02,0.709705
0.96,-0.01,0.707346
0.96,-1.04083e-17,0.704885
0.96,0.01,0.702317
0.96,0.02,0.699637
0.96,0.03,0.69684
0.96,0.04,0.693923
0.96,0.05,0.690879
0.96,0.06,0.687703
0.96,0.07,0.684391
0.96,0.08,0.680937
0.96,0.09,0.677335
0.96,0.1,0.673581
0.96,0.11,0.669668
0.96,0.12,0.665591
0.96,0.13,0.661344
0.96,0.14,0.656923
0.96,0.15,0.652321
0.96,0.16,0.647534
0.96,0.17,0.642556
0.96,0.18,0.637383
0.96,0.19,0.632011
0.96,0.2,0.626434
0.96,0.21,0.62065
0.96,0.22,0.614656
0.96,0.23,0.608448
0.96,0.24,0.602026
0.96,0.25,0.595387
0.96,0.26,0.588533
0.96,0.27,0.581462
0.96,0.28,0.574178
0.96,0.29,0.566683
0.96,0.3,0.55898
0.96,0.31,0.551075
0.96,0.32,0.542974
0.96,0.33,0.534686
0.96,0.34,0.526218
0.96,0.35,0.517581
0.96,0.36,0.508787
0.96,0.37,0.49985
0.96,0.38,0.490782
0.96,0.39,0.481599
0.96,0.4,0.472318
0.96,0.41,0.462957
0.96,0.42,0.453533
0.96,0.43,0.444065
0.96,0.44,0.434573
0.96,0.45,0.425076
0.96,0.46,0.415595
0.96,0.47,0.406149
0.96,0.48,0.396757
0.96,0.49,0.387439
0.96,0.5,0.378214
0.96,0.51,0.369098
0.96,0.52,0.36011
0.96,0.53,0.351264
0.96,0.54,0.342576
0.96,0.55,0.334059
0.96,0.56,0.325724
0.96,0.57,0.317583
0.96,0.58,0.309644
0.96,0.59,0.301917
0.96,0.6,0.294406
0.96,0.61,0.287118
0.96,0.62,0.280056
0.96,0.63,0.273223
0.96,0.64,0.26662
0.96,0.65,0.260247
0.96,0.66,0.254105
0.96,0.67,0.248191
0.96,0.68,0.242504
0.96,0.69,0.23704
0.96,0.7,0.231795
0.96,0.71,0.226765
0.96,0.72,0.221946
0.96,0.73,0.217333
0.96,0.74,0.212921
0.96,0.75,0.208703
0.96,0.76,0.204674
0.96,0.77,0.200828
0.96,0.78,0.19716
0.96,0.79,0.193663
0.96,0.8,0.190332
0.96,0.81,0.18716
0.96,0.82,0.184143
0.96,0.83,0.181274
0.96,0.84,0.178548
0.96,0.85,0.17596
0.96,0.86,0.173504
0.96,0.87,0.171176
0.96,0.88,0.16897
0.96,0.89,0.166883
0.96,0.9,0.16491
0.96,0.91,0.163046
0.96,0.92,0.161288
0.96,0.93,0.159632
0.96,0.94,0.158074
0.96,0.95,0.156612
0.96,0.96,0.155241
0.96,0.97,0.15396
0.96,0.98,0.152765
0.96,0.99,0.151654
0.96,1,0.150624
0.96,1.01,0.149674
0.96,1.02,0.148801
0.96,1.03,0.148004
0.96,1.04,0.147281
0.96,1.05,0.146632
0.96,1.06,0.146053
0.96,1.07,0.145546
0.96,1.08,0.145109
0.96,1.09,0.14474
0.97,-0.1,0.726773
0.97,-0.09,0.725154
0.97,-0.08,0.723465
0.97,-0.07,0.721703
0.97,-0.06,0.719865
0.97,-0.05,0.717948
0.97,-0.04,0.715948
0.97,-0.03,0.71386
0.97,-0.02,0.711683
0.97,-0.01,0.70941
0.97,-1.04083e-17,0.707038
0.97,0.01,0.704564
0.97,0.02,0.701981
0.97,0.03,0.699287
0.97,0.04,0.696475
0.97,0.05,0.693541
0.97,0.06,0.690481
0.97,0.07,0.687288
0.97,0.08,0.683958
0.97,0.09,0.680485
0.97,0.1,0.676865
0.97,0.11,0.67309
0.97,0.12,0.669156
0.97,0.13,0.665058
0.97,0.14,0.660789
0.97,0.15,0.656345
0.97,0.16,0.65172
0.97,0.17,0.646908
0.97,0.18,0.641906
0.97,0.19,0.636707
0.97,0.2,0.631309
0.97,0.21,0.625706
0.97,0.22,0.619895
0.97,0.23,0.613873
0.97,0.24,0.607638
0.97,0.25,0.601187
0.97,0.26,0.594521
0.97,0.27,0.587638
0.97,0.28,0.58054
0.97,0.29,0.573228
0.97,0.3,0.565705
0.97,0.31,0.557976
0.97,0.32,0.550045
0.97,0.33,0.541919
0.97,0.34,0.533606
0.97,0.35,0.525115
0.97,0.36,0.516457
0.97,0.37,0.507643
0.97,0.38,0.498687
0.97,0.39,0.489603
0.97,0.4,0.480406
0.97,0.41,0.471113
0.97,0.42,0.461741
0.97,0.43,0.452309
0.97,0.44,0.442836
0.97,0.45,0.433341
0.97,0.46,0.423844
0.97,0.47,0.414365
0.97,0.48,0.404923
0.97,0.49,0.395538
0.97,0.5,0.38623
0.97,0.51,0.377016
0.97,0.52,0.367915
0.97,0.53,0.358942
0.97,0.54,0.350114
0.97,0.55,0.341446
0.97,0.56,0.33295
0.97,0.57,0.324638
0.97,0.58,0.316521
0.97,0.59,0.308607
0.97,0.6,0.300905
0.97,0.61,0.293422
0.97,0.62,0.286161
0.97,0.63,0.279126
0.97,0.64,0.272321
0.97,0.65,0.265746
0.97,0.66,0.259402
0.97,0.67,0.253287
0.97,0.68,0.247401
0.97,0.69,0.241741
0.97,0.7,0.236304
0.97,0.71,0.231085
0.97,0.72,0.226081
0.97,0.73,0.221288
0.97,0.74,0.216699
0.97,0.75,0.21231
0.97,0.76,0.208115
0.97,0.77,0.204108
0.97,0.78,0.200284
0.97,0.79,0.196636
0.97,0.8,0.193159
0.97,0.81,0.189847
0.97,0.82,0.186693
0.97,0.83,0.183693
0.97,0.84,0.180841
0.97,0.85,0.178131
0.97,0.86,0.175558
0.97,0.87,0.173116
0.97,0.88,0.170802
0.97,0.89,0.168609
0.97,0.9,0.166534
0.97,0.91,0.164573
0.97,0.92,0.16272
0.97,0.93,0.160972
0.97,0.94,0.159326
0.97,0.95,0.157778
0.97,0.96,0.156324
0.97,0.97,0.154962
0.97,0.98,0.153688
0.97,0.99,0.1525
0.97,1,0.151396
0.97,1.01,0.150372
0.97,1.02,0.149427
0.97,1.03,0.14856
0.97,1.04,0.147768
0.97,1.05,0.147049
0.97,1.06,0.146403
0.97,1.07,0.145829
0.97,1.08,0.145325
0.97,1.09,0.14489
0.98,-0.1,0.728132
0.98,-0.09,0.726571
0.98,-0.08,0.724943
0.98,-0.07,0.723245
0.98,-0.06,0.721473
0.98,-0.05,0.719626
0.98,-0.04,0.717698
0.98,-0.03,0.715687
0.98,-0.02,0.713588
0.98,-0.01,0.711398
0.98,-1.04083e-17,0.709113
0.98,0.01,0.706729
0.98,0.02,0.704241
0.98,0.03,0.701644
0.98,0.04,0.698935
0.98,0.05,0.696108
0.98,0.06,0.693158
0.98,0.07,0.690081
0.98,0.08,0.686871
0.98,0.09,0.683523
0.98,0.1,0.680032
0.98,0.11,0.676391
0.98,0.12,0.672597
0.98,0.13,0.668642
0.98,0.14,0.664522
0.98,0.15,0.660231
0.98,0.16,0.655764
0.98,0.17,0.651115
0.98,0.18,0.646279
0.98,0.19,0.641252
0.98,0.2,0.636028
0.98,0.21,0.630603
0.98,0.22,0.624974
0.98,0.23,0.619136
0.98,0.24,0.613086
0.98,0.25,0.606823
0.98,0.26,0.600345
0.98,0.27,0.593651
0.98,0.28,0.58674
0.98,0.29,0.579614
0.98,0.3,0.572274
0.98,0.31,0.564724
0.98,0.32,0.556968
0.98,0.33,0.549011
0.98,0.34,0.54086
0.98,0.35,0.532524
0.98,0.36,0.52401
0.98,0.37,0.51533
0.98,0.38,0.506497
0.98,0.39,0.497523
0.98,0.4,0.488422
0.98,0.41,0.479211
0.98,0.42,0.469906
0.98,0.43,0.460524
0.98,0.44,0.451085
0.98,0.45,0.441607
0.98,0.46,0.432109
0.98,0.47,0.422612
0.98,0.48,0.413135
0.98,0.49,0.403698
0.98,0.5,0.394321
0.98,0.51,0.385022
0.98,0.52,0.37582
0.98,0.53,0.366733
0.98,0.54,0.357777
0.98,0.55,0.348967
0.98,0.56,0.340319
0.98,0.57,0.331844
0.98,0.58,0.323555
0.98,0.59,0.315462
0.98,0.6,0.307574
0.98,0.61,0.299898
0.98,0.62,0.292441
0.98,0.63,0.285207
0.98,0.64,0.278201
0.98,0.65,0.271423
0.98,0.66,0.264877
0.98,0.67,0.25856
0.98,0.68,0.252474
0.98,0.69,0.246615
0.98,0.7,0.240982
0.98,0.71,0.235571
0.98,0.72,0.230379
0.98,0.73,0.225401
0.98,0.74,0.220632
0.98,0.75,0.216068
0.98,0.76,0.211702
0.98,0.77,0.20753
0.98,0.78,0.203545
0.98,0.79,0.199742
0.98,0.8,0.196115
0.98,0.81,0.192658
0.98,0.82,0.189364
0.98,0.83,0.186229
0.98,0.84,0.183246
0.98,0.85,0.180411
0.98,0.86,0.177716
0.98,0.87,0.175158
0.98,0.88,0.172731
0.98,0.89,0.17043
0.98,0.9,0.16825
0.98,0.91,0.166188
0.98,0.92,0.164238
0.98,0.93,0.162396
0.98,0.94,0.160659
0.98,0.95,0.159022
0.98,0.96,0.157483
0.98,0.97,0.156038
0.98,0.98,0.154684
0.98,0.99,0.153418
0.98,1,0.152237
0.98,1.01,0.151139
0.98,1.02,0.150121
0.98,1.03,0.149183
0.98,1.04,0.14832
0.98,1.05,0.147533
0.98,1.06,0.146819
0.98,1.07,0.146177
0.98,1.08,0.145606
0.98,1.09,0.145104
0.99,-0.1,0.729441
0.99,-0.09,0.727936
0.99,-0.08,0.726367
0.99,-0.07,0.72473
0.99,-0.06,0.723023
0.99,-0.05,0.721242
0.99,-0.04,0.719385
0.99,-0.03,0.717446
0.99,-0.02,0.715424
0.99,-0.01,0.713314
0.99,-1.04083e-17,0.711112
0.99,0.01,0.708815
0.99,0.02,0.706417
0.99,0.03,0.703916
0.99,0.04,0.701305
0.99,0.05,0.698581
0.99,0.06,0.695738
0.99,0.07,0.692773
0.99,0.08,0.689679
0.99,0.09,0.686452
0.99,0.1,0.683086
0.99,0.11,0.679575
0.99,0.12,0.675916
0.99,0.13,0.672101
0.99,0.14,0.668125
0.99,0.15,0.663984
0.99,0.16,0.65967
0.99,0.17,0.65518
0.99,0.18,0.650508
0.99,0.19,0.645648
0.99,0.2,0.640595
0.99,0.21,0.635345
0.99,0.22,0.629894
0.99,0.23,0.624238
0.99,0.24,0.618373
0.99,0.25,0.612296
0.99,0.26,0.606006
0.99,0.27,0.599499
0.99,0.28,0.592777
0.99,0.29,0.585838
0.99,0.3,0.578684
0.99,0.31,0.571317
0.99,0.32,0.56374
0.99,0.33,0.555957
0.99,0.34,0.547975
0.99,0.35,0.539799
0.99,0.36,0.531438
0.99,0.37,0.522902
0.99,0.38,0.514201
0.99,0.39,0.505348
0.99,0.4,0.496356
0.99,0.41,0.487239
0.99,0.42,0.478014
0.99,0.43,0.468697
0.99,0.44,0.459306
0.99,0.45,0.44986
0.99,0.46,0.440377
0.99,0.47,0.430877
0.99,0.48,0.42138
0.99,0.49,0.411906
0.99,0.5,0.402474
0.99,0.51,0.393105
0.99,0.52,0.383816
0.99,0.53,0.374626
0.99,0.54,0.365554
0.99,0.55,0.356614
0.99,0.56,0.347823
0.99,0.57,0.339194
0.99,0.58,0.330741
0.99,0.59,0.322475
0.99,0.6,0.314406
0.99,0.61,0.306544
0.99,0.62,0.298894
0.99,0.63,0.291464
0.99,0.64,0.284258
0.99,0.65,0.277279
0.99,0.66,0.27053
0.99,0.67,0.264011
0.99,0.68,0.257723
0.99,0.69,0.251664
0.99,0.7,0.245833
0.99,0.71,0.240227
0.99,0.72,0.234843
0.99,0.73,0.229677
0.99,0.74,0.224724
0.99,0.75,0.219981
0.99,0.76,0.21544
0.99,0.77,0.211098
0.99,0.78,0.206949
0.99,0.79,0.202986
0.99,0.8,0.199204
0.99,0.81,0.195597
0.99,0.82,0.192159
0.99,0.83,0.188885
0.99,0.84,0.185768
0.99,0.85,0.182802
0.99,0.86,0.179983
0.99,0.87,0.177304
0.99,0.88,0.174761
0.99,0.89,0.172348
0.99,0.9,0.17006
0.99,0.91,0.167894
0.99,0.92,0.165843
0.99,0.93,0.163905
0.99,0.94,0.162074
0.99,0.95,0.160347
0.99,0.96,0.15872
0.99,0.97,0.15719
0.99,0.98,0.155754
0.99,0.99,0.154407
0.99,1,0.153149
0.99,1.01,0.151975
0.99,1.02,0.150884
0.99,1.03,0.149872
0.99,1.04,0.148939
0.99,1.05,0.148082
0.99,1.06,0.147299
0.99,1.07,0.14659
0.99,1.08,0.145951
0.99,1.09,0.145384
1,-0.1,0.730704
1,-0.09,0.729253
1,-0.08,0.72774
1,-0.07,0.726162
1,-0.06,0.724517
1,-0.05,0.7228
1,-0.04,0.72101
1,-0.03,0.719142
1,-0.02,0.717193
1,-0.01,0.71516
1,-1.04083e-17,0.713039
1,0.01,0.710825
1,0.02,0.708515
1,0.03,0.706104
1,0.04,0.703589
1,0.05,0.700964
1,0.06,0.698225
1,0.07,0.695367
1,0.08,0.692385
1,0.09,0.689275
1,0.1,0.68603
1,0.11,0.682646
1,0.12,0.679117
1,0.13,0.675437
1,0.14,0.671602
1,0.15,0.667606
1,0.16,0.663442
1,0.17,0.659107
1,0.18,0.654593
1,0.19,0.649897
1,0.2,0.645012
1,0.21,0.639935
1,0.22,0.63466
1,0.23,0.629182
1,0.24,0.623499
1,0.25,0.617607
1,0.26,0.611503
1,0.27,0.605184
1,0.28,0.59865
1,0.29,0.5919
1,0.3,0.584933
1,0.31,0.577751
1,0.32,0.570356
1,0.33,0.562752
1,0.34,0.554943
1,0.35,0.546935
1,0.36,0.538734
1,0.37,0.53035
1,0.38,0.521791
1,0.39,0.51307
1,0.4,0.504197
1,0.41,0.495187
1,0.42,0.486055
1,0.43,0.476816
1,0.44,0.467487
1,0.45,0.458087
1,0.46,0.448634
1,0.47,0.439147
1,0.48,0.429645
1,0.49,0.420148
1,0.5,0.410677
1,0.51,0.401251
1,0.52,0.39189
1,0.53,0.382611
1,0.54,0.373434
1,0.55,0.364376
1,0.56,0.355453
1,0.57,0.346681
1,0.58,0.338072
1,0.59,0.329641
1,0.6,0.321399
1,0.61,0.313354
1,0.62,0.305517
1,0.63,0.297894
1,0.64,0.290491
1,0.65,0.283312
1,0.66,0.276361
1,0.67,0.26964
1,0.68,0.263149
1,0.69,0.256889
1,0.7,0.250858
1,0.71,0.245054
1,0.72,0.239476
1,0.73,0.234118
1,0.74,0.228978
1,0.75,0.224051
1,0.76,0.219332
1,0.77,0.214816
1,0.78,0.210498
1,0.79,0.206371
1,0.8,0.20243
1,0.81,0.198669
1,0.82,0.195082
1,0.83,0.191664
1,0.84,0.188408
1,0.85,0.185309
1,0.86,0.18236
1,0.87,0.179557
1,0.88,0.176894
1,0.89,0.174366
1,0.9,0.171967
1,0.91,0.169693
1,0.92,0.167539
1,0.93,0.165501
1,0.94,0.163574
1,0.95,0.161754
1,0.96,0.160037
1,0.97,0.15842
1,0.98,0.156899
1,0.99,0.155471
1,1,0.154133
1,1.01,0.152882
1,1.02,0.151715
1,1.03,0.15063
1,1.04,0.149625
1,1.05,0.148697
1,1.06,0.147845
1,1.07,0.147067
1,1.08,0.146362
1,1.09,0.145727
1.01,-0.1,0.731922
1.01,-0.09,0.730523
1.01,-0.08,0.729064
1.01,-0.07,0.727543
1.01,-0.06,0.725957
1.01,-0.05,0.724302
1.01,-0.04,0.722577
1.01,-0.03,0.720776
1.01,-0.02,0.718898
1.01,-0.01,0.716939
1.01,-1.04083e-17,0.714895
1.01,0.01,0.712762
1.01,0.02,0.710536
1.01,0.03,0.708213
1.01,0.04,0.70579
1.01,0.05,0.70326
1.01,0.06,0.700621
1.01,0.07,0.697867
1.01,0.08,0.694994
1.01,0.09,0.691996
1.01,0.1,0.688868
1.01,0.11,0.685606
1.01,0.12,0.682204
1.01,0.13,0.678656
1.01,0.14,0.674957
1.01,0.15,0.671101
1.01,0.16,0.667084
1.01,0.17,0.662898
1.01,0.18,0.65854
1.01,0.19,0.654004
1.01,0.2,0.649283
1.01,0.21,0.644374
1.01,0.22,0.639271
1.01,0.23,0.63397
1.01,0.24,0.628467
1.01,0.25,0.622757
1.01,0.26,0.616838
1.01,0.27,0.610706
1.01,0.28,0.60436
1.01,0.29,0.597797
1.01,0.3,0.591019
1.01,0.31,0.584024
1.01,0.32,0.576814
1.01,0.33,0.569392
1.01,0.34,0.561761
1.01,0.35,0.553926
1.01,0.36,0.545892
1.01,0.37,0.537667
1.01,0.38,0.529259
1.01,0.39,0.520678
1.01,0.4,0.511935
1.01,0.41,0.503044
1.01,0.42,0.494016
1.01,0.43,0.484868
1.01,0.44,0.475616
1.01,0.45,0.466277
1.01,0.46,0.456867
1.01,0.47,0.447408
1.01,0.48,0.437916
1.01,0.49,0.428413
1.01,0.5,0.418917
1.01,0.51,0.40945
1.01,0.52,0.400029
1.01,0.53,0.390676
1.01,0.54,0.381408
1.01,0.55,0.372244
1.01,0.56,0.363201
1.01,0.57,0.354295
1.01,0.58,0.345542
1.01,0.59,0.336954
1.01,0.6,0.328545
1.01,0.61,0.320326
1.01,0.62,0.312306
1.01,0.63,0.304494
1.01,0.64,0.296897
1.01,0.65,0.289521
1.01,0.66,0.28237
1.01,0.67,0.275447
1.01,0.68,0.268754
1.01,0.69,0.262291
1.01,0.7,0.256059
1.01,0.71,0.250056
1.01,0.72,0.24428
1.01,0.73,0.238728
1.01,0.74,0.233397
1.01,0.75,0.228284
1.01,0.76,0.223382
1.01,0.77,0.218688
1.01,0.78,0.214196
1.01,0.79,0.2099
1.01,0.8,0.205796
1.01,0.81,0.201877
1.01,0.82,0.198137
1.01,0.83,0.194571
1.01,0.84,0.191172
1.01,0.85,0.187934
1.01,0.86,0.184853
1.01,0.87,0.181921
1.01,0.88,0.179135
1.01,0.89,0.176487
1.01,0.9,0.173973
1.01,0.91,0.171589
1.01,0.92,0.169328
1.01,0.93,0.167187
1.01,0.94,0.16516
1.01,0.95,0.163245
1.01,0.96,0.161435
1.01,0.97,0.159729
1.01,0.98,0.158121
1.01,0.99,0.15661
1.01,1,0.15519
1.01,1.01,0.15386
1.01,1.02,0.152616
1.01,1.03,0.151456
1.01,1.04,0.150378
1.01,1.05,0.149379
1.01,1.06,0.148456
1.01,1.07,0.14761
1.01,1.08,0.146836
1.01,1.09,0.146135
1.02,-0.1,0.733096
1.02,-0.09,0.731747
1.02,-0.08,0.73034
1.02,-0.07,0.728874
1.02,-0.06,0.727345
1.02,-0.05,0.72575
1.02,-0.04,0.724087
1.02,-0.03,0.722352
1.02,-0.02,0.720542
1.02,-0.01,0.718653
1.02,-1.04083e-17,0.716684
1.02,0.01,0.714628
1.02,0.02,0.712483
1.02,0.03,0.710245
1.02,0.04,0.70791
1.02,0.05,0.705473
1.02,0.06,0.70293
1.02,0.07,0.700277
1.02,0.08,0.697508
1.02,0.09,0.694619
1.02,0.1,0.691604
1.02,0.11,0.68846
1.02,0.12,0.68518
1.02,0.13,0.681759
1.02,0.14,0.678192
1.02,0.15,0.674473
1.02,0.16,0.670597
1.02,0.17,0.666559
1.02,0.18,0.662352
1.02,0.19,0.657971
1.02,0.2,0.653411
1.02,0.21,0.648667
1.02,0.22,0.643733
1.02,0.23,0.638605
1.02,0.24,0.633278
1.02,0.25,0.627748
1.02,0.26,0.622011
1.02,0.27,0.616065
1.02,0.28,0.609905
1.02,0.29,0.603531
1.02,0.3,0.596941
1.02,0.31,0.590134
1.02,0.32,0.583112
1.02,0.33,0.575874
1.02,0.34,0.568425
1.02,0.35,0.560767
1.02,0.36,0.552905
1.02,0.37,0.544846
1.02,0.38,0.536596
1.02,0.39,0.528165
1.02,0.4,0.519562
1.02,0.41,0.510799
1.02,0.42,0.501888
1.02,0.43,0.492843
1.02,0.44,0.48368
1.02,0.45,0.474415
1.02,0.46,0.465065
1.02,0.47,0.455647
1.02,0.48,0.446181
1.02,0.49,0.436685
1.02,0.5,0.427181
1.02,0.51,0.417687
1.02,0.52,0.408223
1.02,0.53,0.398809
1.02,0.54,0.389464
1.02,0.55,0.380207
1.02,0.56,0.371056
1.02,0.57,0.362028
1.02,0.58,0.35314
1.02,0.59,0.344405
1.02,0.6,0.335838
1.02,0.61,0.327451
1.02,0.62,0.319256
1.02,0.63,0.311261
1.02,0.64,0.303475
1.02,0.65,0.295905
1.02,0.66,0.288556
1.02,0.67,0.281432
1.02,0.68,0.274537
1.02,0.69,0.267872
1.02,0.7,0.261437
1.02,0.71,0.255233
1.02,0.72,0.249258
1.02,0.73,0.243509
1.02,0.74,0.237985
1.02,0.75,0.23268
1.02,0.76,0.227592
1.02,0.77,0.222716
1.02,0.78,0.218047
1.02,0.79,0.213578
1.02,0.8,0.209306
1.02,0.81,0.205225
1.02,0.82,0.201327
1.02,0.83,0.197608
1.02,0.84,0.194062
1.02,0.85,0.190682
1.02,0.86,0.187463
1.02,0.87,0.184399
1.02,0.88,0.181485
1.02,0.89,0.178714
1.02,0.9,0.176082
1.02,0.91,0.173583
1.02,0.92,0.171213
1.02,0.93,0.168965
1.02,0.94,0.166837
1.02,0.95,0.164822
1.02,0.96,0.162918
1.02,0.97,0.161119
1.02,0.98,0.159423
1.02,0.99,0.157825
1.02,1,0.156322
1.02,1.01,0.154911
1.02,1.02,0.153589
1.02,1.03,0.152352
1.02,1.04,0.151199
1.02,1.05,0.150127
1.02,1.06,0.149134
1.02,1.07,0.148217
1.02,1.08,0.147376
1.02,1.09,0.146607
1.03,-0.1,0.734228
1.03,-0.09,0.732927
1.03,-0.08,0.731571
1.03,-0.07,0.730157
1.03,-0.06,0.728683
1.03,-0.05,0.727145
1.03,-0.04,0.725542
1.03,-0.03,0.72387
1.03,-0.02,0.722125
1.03,-0.01,0.720306
1.03,-1.04083e-17,0.718407
1.03,0.01,0.716426
1.03,0.02,0.71436
1.03,0.03,0.712203
1.03,0.04,0.709953
1.03,0.05,0.707605
1.03,0.06,0.705155
1.03,0.07,0.702598
1.03,0.08,0.69993
1.03,0.09,0.697146
1.03,0.1,0.694241
1.03,0.11,0.691211
1.03,0.12,0.688049
1.03,0.13,0.684751
1.03,0.14,0.681312
1.03,0.15,0.677726
1.03,0.16,0.673987
1.03,0.17,0.670091
1.03,0.18,0.666031
1.03,0.19,0.661802
1.03,0.2,0.657398
1.03,0.21,0.652815
1.03,0.22,0.648047
1.03,0.23,0.643088
1.03,0.24,0.637935
1.03,0.25,0.632582
1.03,0.26,0.627026
1.03,0.27,0.621262
1.03,0.28,0.615288
1.03,0.29,0.609101
1.03,0.3,0.602699
1.03,0.31,0.596081
1.03,0.32,0.589246
1.03,0.33,0.582196
1.03,0.34,0.574931
1.03,0.35,0.567454
1.03,0.36,0.559769
1.03,0.37,0.551881
1.03,0.38,0.543796
1.03,0.39,0.535522
1.03,0.4,0.527068
1.03,0.41,0.518443
1.03,0.42,0.509659
1.03,0.43,0.50073
1.03,0.44,0.491669
1.03,0.45,0.482491
1.03,0.46,0.473213
1.03,0.47,0.463851
1.03,0.48,0.454425
1.03,0.49,0.444953
1.03,0.5,0.435455
1.03,0.51,0.425949
1.03,0.52,0.416456
1.03,0.53,0.406996
1.03,0.54,0.397589
1.03,0.55,0.388253
1.03,0.56,0.379007
1.03,0.57,0.36987
1.03,0.58,0.360858
1.03,0.59,0.351987
1.03,0.6,0.343271
1.03,0.61,0.334725
1.03,0.62,0.326361
1.03,0.63,0.318189
1.03,0.64,0.310219
1.03,0.65,0.302459
1.03,0.66,0.294915
1.03,0.67,0.287594
1.03,0.68,0.280498
1.03,0.69,0.273631
1.03,0.7,0.266994
1.03,0.71,0.260587
1.03,0.72,0.254411
1.03,0.73,0.248463
1.03,0.74,0.242742
1.03,0.75,0.237245
1.03,0.76,0.231967
1.03,0.77,0.226905
1.03,0.78,0.222054
1.03,0.79,0.217409
1.03,0.8,0.212965
1.03,0.81,0.208716
1.03,0.82,0.204656
1.03,0.83,0.20078
1.03,0.84,0.197082
1.03,0.85,0.193556
1.03,0.86,0.190195
1.03,0.87,0.186995
1.03,0.88,0.183949
1.03,0.89,0.181051
1.03,0.9,0.178297
1.03,0.91,0.17568
1.03,0.92,0.173196
1.03,0.93,0.170839
1.03,0.94,0.168605
1.03,0.95,0.166489
1.03,0.96,0.164486
1.03,0.97,0.162593
1.03,0.98,0.160805
1.03,0.99,0.159118
1.03,1,0.15753
1.03,1.01,0.156036
1.03,1.02,0.154633
1.03,1.03,0.153319
1.03,1.04,0.15209
1.03,1.05,0.150944
1.03,1.06,0.149878
1.03,1.07,0.148891
1.03,1.08,0.14798
1.03,1.09,0.147143
1.04,-0.1,0.73532
1.04,-0.09,0.734066
1.04,-0.08,0.732758
1.04,-0.07,0.731394
1.04,-0.06,0.729973
1.04,-0.05,0.72849
1.04,-0.04,0.726945
1.04,-0.03,0.725333
1.04,-0.02,0.723652
1.04,-0.01,0.721898
1.04,-1.04083e-17,0.720068
1.04,0.01,0.71816
1.04,0.02,0.716168
1.04,0.03,0.71409
1.04,0.04,0.711922
1.04,0.05,0.70966
1.04,0.06,0.707299
1.04,0.07,0.704835
1.04,0.08,0.702264
1.04,0.09,0.699582
1.04,0.1,0.696783
1.04,0.11,0.693862
1.04,0.12,0.690815
1.04,0.13,0.687636
1.04,0.14,0.684321
1.04,0.15,0.680863
1.04,0.16,0.677258
1.04,0.17,0.673499
1.04,0.18,0.669582
1.04,0.19,0.6655
1.04,0.2,0.661249
1.04,0.21,0.656823
1.04,0.22,0.652216
1.04,0.23,0.647424
1.04,0.24,0.642441
1.04,0.25,0.637262
1.04,0.26,0.631883
1.04,0.27,0.6263
1.04,0.28,0.62051
1.04,0.29,0.614509
1.04,0.3,0.608294
1.04,0.31,0.601864
1.04,0.32,0.595218
1.04,0.33,0.588355
1.04,0.34,0.581277
1.04,0.35,0.573984
1.04,0.36,0.56648
1.04,0.37,0.558768
1.04,0.38,0.550854
1.04,0.39,0.542744
1.04,0.4,0.534446
1.04,0.41,0.525968
1.04,0.42,0.517322
1.04,0.43,0.508518
1.04,0.44,0.49957
1.04,0.45,0.490492
1.04,0.46,0.481299
1.04,0.47,0.472009
1.04,0.48,0.462637
1.04,0.49,0.453203
1.04,0.5,0.443725
1.04,0.51,0.434223
1.04,0.52,0.424717
1.04,0.53,0.415226
1.04,0.54,0.405771
1.04,0.55,0.39637
1.04,0.56,0.387044
1.04,0.57,0.37781
1.04,0.58,0.368686
1.04,0.59,0.35969
1.04,0.6,0.350836
1.04,0.61,0.34214
1.04,0.62,0.333616
1.04,0.63,0.325274
1.04,0.64,0.317126
1.04,0.65,0.309181
1.04,0.66,0.301447
1.04,0.67,0.29393
1.04,0.68,0.286636
1.04,0.69,0.279568
1.04,0.7,0.272728
1.04,0.71,0.266119
1.04,0.72,0.259741
1.04,0.73,0.253593
1.04,0.74,0.247673
1.04,0.75,0.241979
1.04,0.76,0.236508
1.04,0.77,0.231257
1.04,0.78,0.226221
1.04,0.79,0.221395
1.04,0.8,0.216775
1.04,0.81,0.212354
1.04,0.82,0.208128
1.04,0.83,0.204091
1.04,0.84,0.200237
1.04,0.85,0.196559
1.04,0.86,0.193053
1.04,0.87,0.189712
1.04,0.88,0.18653
1.04,0.89,0.183501
1.04,0.9,0.18062
1.04,0.91,0.177882
1.04,0.92,0.17528
1.04,0.93,0.17281
1.04,0.94,0.170467
1.04,0.95,0.168246
1.04,0.96,0.166143
1.04,0.97,0.164152
1.04,0.98,0.16227
1.04,0.99,0.160492
1.04,1,0.158816
1.04,1.01,0.157237
1.04,1.02,0.155752
1.04,1.03,0.154357
1.04,1.04,0.153051
1.04,1.05,0.151829
1.04,1.06,0.15069
1.04,1.07,0.149631
1.04,1.08,0.148649
1.04,1.09,0.147744
1.05,-0.1,0.736374
1.05,-0.09,0.735164
1.05,-0.08,0.733902
1.05,-0.07,0.732587
1.05,-0.06,0.731217
1.05,-0.05,0.729787
1.05,-0.04,0.728297
1.05,-0.03,0.726743
1.05,-0.02,0.725123
1.05,-0.01,0.723432
1.05,-1.04083e-17,0.721669
1.05,0.01,0.71983
1.05,0.02,0.717911
1.05,0.03,0.715908
1.05,0.04,0.713819
1.05,0.05,0.711639
1.05,0.06,0.709364
1.05,0.07,0.706991
1.05,0.08,0.704514
1.05,0.09,0.701929
1.05,0.1,0.699231
1.05,0.11,0.696417
1.05,0.12,0.693481
1.05,0.13,0.690417
1.05,0.14,0.687221
1.05,0.15,0.683888
1.05,0.16,0.680411
1.05,0.17,0.676787
1.05,0.18,0.673008
1.05,0.19,0.66907
1.05,0.2,0.664967
1.05,0.21,0.660694
1.05,0.22,0.656245
1.05,0.23,0.651615
1.05,0.24,0.646798
1.05,0.25,0.64179
1.05,0.26,0.636586
1.05,0.27,0.631181
1.05,0.28,0.625571
1.05,0.29,0.619754
1.05,0.3,0.613725
1.05,0.31,0.607483
1.05,0.32,0.601025
1.05,0.33,0.594351
1.05,0.34,0.58746
1.05,0.35,0.580354
1.05,0.36,0.573033
1.05,0.37,0.565502
1.05,0.38,0.557764
1.05,0.39,0.549824
1.05,0.4,0.541688
1.05,0.41,0.533366
1.05,0.42,0.524866
1.05,0.43,0.516198
1.05,0.44,0.507374
1.05,0.45,0.498408
1.05,0.46,0.489313
1.05,0.47,0.480106
1.05,0.48,0.470803
1.05,0.49,0.461422
1.05,0.5,0.45198
1.05,0.51,0.442497
1.05,0.52,0.432992
1.05,0.53,0.423486
1.05,0.54,0.413997
1.05,0.55,0.404546
1.05,0.56,0.395153
1.05,0.57,0.385836
1.05,0.58,0.376614
1.05,0.59,0.367504
1.05,0.6,0.358524
1.05,0.61,0.349688
1.05,0.62,0.341012
1.05,0.63,0.332509
1.05,0.64,0.32419
1.05,0.65,0.316066
1.05,0.66,0.308147
1.05,0.67,0.300438
1.05,0.68,0.292948
1.05,0.69,0.285681
1.05,0.7,0.278641
1.05,0.71,0.27183
1.05,0.72,0.265249
1.05,0.73,0.258899
1.05,0.74,0.252778
1.05,0.75,0.246886
1.05,0.76,0.24122
1.05,0.77,0.235776
1.05,0.78,0.230551
1.05,0.79,0.225541
1.05,0.8,0.22074
1.05,0.81,0.216144
1.05,0.82,0.211747
1.05,0.83,0.207544
1.05,0.84,0.203529
1.05,0.85,0.199697
1.05,0.86,0.19604
1.05,0.87,0.192553
1.05,0.88,0.189231
1.05,0.89,0.186067
1.05,0.9,0.183056
1.05,0.91,0.180191
1.05,0.92,0.177469
1.05,0.93,0.174882
1.05,0.94,0.172427
1.05,0.95,0.170098
1.05,0.96,0.16789
1.05,0.97,0.165799
1.05,0.98,0.16382
1.05,0.99,0.161949
1.05,1,0.160182
1.05,1.01,0.158515
1.05,1.02,0.156946
1.05,1.03,0.155469
1.05,1.04,0.154083
1.05,1.05,0.152784
1.05,1.06,0.15157
1.05,1.07,0.150438
1.05,1.08,0.149385
1.05,1.09,0.148409
1.06,-0.1,0.73739
1.06,-0.09,0.736223
1.06,-0.08,0.735006
1.06,-0.07,0.733738
1.06,-0.06,0.732416
1.06,-0.05,0.731038
1.06,-0.04,0.729601
1.06,-0.03,0.728103
1.06,-0.02,0.726541
1.06,-0.01,0.724911
1.06,-1.04083e-17,0.723212
1.06,0.01,0.721439
1.06,0.02,0.71959
1.06,0.03,0.71766
1.06,0.04,0.715647
1.06,0.05,0.713547
1.06,0.06,0.711355
1.06,0.07,0.709068
1.06,0.08,0.706681
1.06,0.09,0.70419
1.06,0.1,0.701591
1.06,0.11,0.698879
1.06,0.12,0.69605
1.06,0.13,0.693097
1.06,0.14,0.690017
1.06,0.15,0.686804
1.06,0.16,0.683452
1.06,0.17,0.679957
1.06,0.18,0.676313
1.06,0.19,0.672514
1.06,0.2,0.668556
1.06,0.21,0.664431
1.06,0.22,0.660136
1.06,0.23,0.655664
1.06,0.24,0.65101
1.06,0.25,0.646169
1.06,0.26,0.641136
1.06,0.27,0.635906
1.06,0.28,0.630475
1.06,0.29,0.624839
1.06,0.3,0.618995
1.06,0.31,0.612938
1.06,0.32,0.606668
1.06,0.33,0.600183
1.06,0.34,0.59348
1.06,0.35,0.586562
1.06,0.36,0.579427
1.06,0.37,0.572079
1.06,0.38,0.564521
1.06,0.39,0.556756
1.06,0.4,0.54879
1.06,0.41,0.54063
1.06,0.42,0.532283
1.06,0.43,0.52376
1.06,0.44,0.515071
1.06,0.45,0.506228
1.06,0.46,0.497243
1.06,0.47,0.488133
1.06,0.48,0.478912
1.06,0.49,0.469597
1.06,0.5,0.460205
1.06,0.51,0.450756
1.06,0.52,0.441268
1.06,0.53,0.431761
1.06,0.54,0.422255
1.06,0.55,0.412769
1.06,0.56,0.403323
1.06,0.57,0.393937
1.06,0.58,0.38463
1.06,0.59,0.375419
1.06,0.6,0.366324
1.06,0.61,0.35736
1.06,0.62,0.348543
1.06,0.63,0.339887
1.06,0.64,0.331405
1.06,0.65,0.32311
1.06,0.66,0.31501
1.06,0.67,0.307115
1.06,0.68,0.299434
1.06,0.69,0.29197
1.06,0.7,0.284731
1.06,0.71,0.277718
1.06,0.72,0.270935
1.06,0.73,0.264383
1.06,0.74,0.25806
1.06,0.75,0.251968
1.06,0.76,0.246103
1.06,0.77,0.240464
1.06,0.78,0.235047
1.06,0.79,0.229849
1.06,0.8,0.224864
1.06,0.81,0.220088
1.06,0.82,0.215517
1.06,0.83,0.211144
1.06,0.84,0.206964
1.06,0.85,0.202971
1.06,0.86,0.199159
1.06,0.87,0.195523
1.06,0.88,0.192056
1.06,0.89,0.188753
1.06,0.9,0.185607
1.06,0.91,0.182613
1.06,0.92,0.179765
1.06,0.93,0.177059
1.06,0.94,0.174487
1.06,0.95,0.172046
1.06,0.96,0.169731
1.06,0.97,0.167536
1.06,0.98,0.165457
1.06,0.99,0.16349
1.06,1,0.16163
1.06,1.01,0.159873
1.06,1.02,0.158217
1.06,1.03,0.156656
1.06,1.04,0.155189
1.06,1.05,0.153811
1.06,1.06,0.15252
1.06,1.07,0.151313
1.06,1.08,0.150187
1.06,1.09,0.14914
1.07,-0.1,0.738371
1.07,-0.09,0.737244
1.07,-0.08,0.736071
1.07,-0.07,0.734847
1.07,-0.06,0.733573
1.07,-0.05,0.732244
1.07,-0.04,0.730858
1.07,-0.03,0.729414
1.07,-0.02,0.727908
1.07,-0.01,0.726337
1.07,-1.04083e-17,0.724699
1.07,0.01,0.72299
1.07,0.02,0.721208
1.07,0.03,0.719348
1.07,0.04,0.717409
1.07,0.05,0.715384
1.07,0.06,0.713272
1.07,0.07,0.711069
1.07,0.08,0.708769
1.07,0.09,0.706369
1.07,0.1,0.703865
1.07,0.11,0.701252
1.07,0.12,0.698525
1.07,0.13,0.69568
1.07,0.14,0.692712
1.07,0.15,0.689615
1.07,0.16,0.686384
1.07,0.17,0.683014
1.07,0.18,0.679501
1.07,0.19,0.675837
1.07,0.2,0.672018
1.07,0.21,0.668039
1.07,0.22,0.663893
1.07,0.23,0.659575
1.07,0.24,0.65508
1.07,0.25,0.650402
1.07,0.26,0.645537
1.07,0.27,0.640479
1.07,0.28,0.635223
1.07,0.29,0.629766
1.07,0.3,0.624103
1.07,0.31,0.618232
1.07,0.32,0.612148
1.07,0.33,0.60585
1.07,0.34,0.599337
1.07,0.35,0.592606
1.07,0.36,0.58566
1.07,0.37,0.578498
1.07,0.38,0.571122
1.07,0.39,0.563536
1.07,0.4,0.555745
1.07,0.41,0.547753
1.07,0.42,0.539568
1.07,0.43,0.531198
1.07,0.44,0.522652
1.07,0.45,0.513942
1.07,0.46,0.505079
1.07,0.47,0.496077
1.07,0.48,0.48695
1.07,0.49,0.477715
1.07,0.5,0.468389
1.07,0.51,0.458988
1.07,0.52,0.449532
1.07,0.53,0.440039
1.07,0.54,0.43053
1.07,0.55,0.421024
1.07,0.56,0.41154
1.07,0.57,0.4021
1.07,0.58,0.392722
1.07,0.59,0.383425
1.07,0.6,0.374227
1.07,0.61,0.365146
1.07,0.62,0.356199
1.07,0.63,0.3474
1.07,0.64,0.338765
1.07,0.65,0.330305
1.07,0.66,0.322032
1.07,0.67,0.313957
1.07,0.68,0.306088
1.07,0.69,0.298432
1.07,0.7,0.290996
1.07,0.71,0.283784
1.07,0.72,0.2768
1.07,0.73,0.270044
1.07,0.74,0.26352
1.07,0.75,0.257226
1.07,0.76,0.251161
1.07,0.77,0.245325
1.07,0.78,0.239713
1.07,0.79,0.234323
1.07,0.8,0.22915
1.07,0.81,0.224191
1.07,0.82,0.21944
1.07,0.83,0.214893
1.07,0.84,0.210544
1.07,0.85,0.206386
1.07,0.86,0.202415
1.07,0.87,0.198625
1.07,0.88,0.195009
1.07,0.89,0.191562
1.07,0.9,0.188277
1.07,0.91,0.18515
1.07,0.92,0.182173
1.07,0.93,0.179342
1.07,0.94,0.176651
1.07,0.95,0.174095
1.07,0.96,0.171668
1.07,0.97,0.169366
1.07,0.98,0.167184
1.07,0.99,0.165117
1.07,1,0.163161
1.07,1.01,0.161313
1.07,1.02,0.159567
1.07,1.03,0.15792
1.07,1.04,0.156369
1.07,1.05,0.15491
1.07,1.06,0.15354
1.07,1.07,0.152257
1.07,1.08,0.151057
1.07,1.09,0.149937
1.08,-0.1,0.739317
1.08,-0.09,0.73823
1.08,-0.08,0.737098
1.08,-0.07,0.735918
1.08,-0.06,0.734688
1.08,-0.05,0.733407
1.08,-0.04,0.732071
1.08,-0.03,0.730678
1.08,-0.02,0.729226
1.08,-0.01,0.727712
1.08,-1.04083e-17,0.726132
1.08,0.01,0.724485
1.08,0.02,0.722767
1.08,0.03,0.720975
1.08,0.04,0.719106
1.08,0.05,0.717155
1.08,0.06,0.71512
1.08,0.07,0.712997
1.08,0.08,0.710781
1.08,0.09,0.708469
1.08,0.1,0.706056
1.08,0.11,0.703538
1.08,0.12,0.700911
1.08,0.13,0.698169
1.08,0.14,0.695309
1.08,0.15,0.692324
1.08,0.16,0.68921
1.08,0.17,0.685962
1.08,0.18,0.682574
1.08,0.19,0.679042
1.08,0.2,0.675359
1.08,0.21,0.671519
1.08,0.22,0.667519
1.08,0.23,0.663351
1.08,0.24,0.659011
1.08,0.25,0.654493
1.08,0.26,0.649791
1.08,0.27,0.644901
1.08,0.28,0.639818
1.08,0.29,0.634537
1.08,0.3,0.629054
1.08,0.31,0.623364
1.08,0.32,0.617465
1.08,0.33,0.611354
1.08,0.34,0.605029
1.08,0.35,0.598487
1.08,0.36,0.591729
1.08,0.37,0.584754
1.08,0.38,0.577564
1.08,0.39,0.570161
1.08,0.4,0.562548
1.08,0.41,0.554731
1.08,0.42,0.546713
1.08,0.43,0.538503
1.08,0.44,0.53011
1.08,0.45,0.521542
1.08,0.46,0.51281
1.08,0.47,0.503928
1.08,0.48,0.494908
1.08,0.49,0.485766
1.08,0.5,0.476518
1.08,0.51,0.467179
1.08,0.52,0.45777
1.08,0.53,0.448307
1.08,0.54,0.43881
1.08,0.55,0.429299
1.08,0.56,0.419793
1.08,0.57,0.410313
1.08,0.58,0.400878
1.08,0.59,0.391508
1.08,0.6,0.382222
1.08,0.61,0.373037
1.08,0.62,0.363971
1.08,0.63,0.35504
1.08,0.64,0.34626
1.08,0.65,0.337645
1.08,0.66,0.329207
1.08,0.67,0.320958
1.08,0.68,0.312907
1.08,0.69,0.305064
1.08,0.7,0.297435
1.08,0.71,0.290026
1.08,0.72,0.282841
1.08,0.73,0.275885
1.08,0.74,0.269158
1.08,0.75,0.262661
1.08,0.76,0.256395
1.08,0.77,0.250359
1.08,0.78,0.244549
1.08,0.79,0.238965
1.08,0.8,0.233601
1.08,0.81,0.228455
1.08,0.82,0.223522
1.08,0.83,0.218796
1.08,0.84,0.214273
1.08,0.85,0.209947
1.08,0.86,0.205812
1.08,0.87,0.201863
1.08,0.88,0.198094
1.08,0.89,0.194498
1.08,0.9,0.191071
1.08,0.91,0.187805
1.08,0.92,0.184695
1.08,0.93,0.181736
1.08,0.94,0.178921
1.08,0.95,0.176246
1.08,0.96,0.173704
1.08,0.97,0.171292
1.08,0.98,0.169003
1.08,0.99,0.166834
1.08,1,0.164779
1.08,1.01,0.162835
1.08,1.02,0.160997
1.08,1.03,0.159262
1.08,1.04,0.157625
1.08,1.05,0.156083
1.08,1.06,0.154632
1.08,1.07,0.153271
1.08,1.08,0.151995
1.08,1.09,0.150802
1.09,-0.1,0.740229
1.09,-0.09,0.739181
1.09,-0.08,0.738088
1.09,-0.07,0.73695
1.09,-0.06,0.735764
1.09,-0.05,0.734528
1.09,-0.04,0.73324
1.09,-0.03,0.731897
1.09,-0.02,0.730496
1.09,-0.01,0.729036
1.09,-1.04083e-17,0.727514
1.09,0.01,0.725927
1.09,0.02,0.724271
1.09,0.03,0.722544
1.09,0.04,0.720742
1.09,0.05,0.718862
1.09,0.06,0.716901
1.09,0.07,0.714855
1.09,0.08,0.71272
1.09,0.09,0.710492
1.09,0.1,0.708167
1.09,0.11,0.705741
1.09,0.12,0.70321
1.09,0.13,0.700568
1.09,0.14,0.697811
1.09,0.15,0.694935
1.09,0.16,0.691934
1.09,0.17,0.688804
1.09,0.18,0.685538
1.09,0.19,0.682132
1.09,0.2,0.67858
1.09,0.21,0.674878
1.09,0.22,0.671018
1.09,0.23,0.666996
1.09,0.24,0.662807
1.09,0.25,0.658444
1.09,0.26,0.653903
1.09,0.27,0.649177
1.09,0.28,0.644263
1.09,0.29,0.639154
1.09,0.3,0.633848
1.09,0.31,0.628338
1.09,0.32,0.622622
1.09,0.33,0.616696
1.09,0.34,0.610557
1.09,0.35,0.604204
1.09,0.36,0.597634
1.09,0.37,0.590848
1.09,0.38,0.583845
1.09,0.39,0.576627
1.09,0.4,0.569197
1.09,0.41,0.561557
1.09,0.42,0.553713
1.09,0.43,0.54567
1.09,0.44,0.537436
1.09,0.45,0.529018
1.09,0.46,0.520428
1.09,0.47,0.511676
1.09,0.48,0.502775
1.09,0.49,0.493738
1.09,0.5,0.48458
1.09,0.51,0.475318
1.09,0.52,0.465969
1.09,0.53,0.45655
1.09,0.54,0.447081
1.09,0.55,0.43758
1.09,0.56,0.428067
1.09,0.57,0.418563
1.09,0.58,0.409086
1.09,0.59,0.399658
1.09,0.6,0.390296
1.09,0.61,0.38102
1.09,0.62,0.371848
1.09,0.63,0.362797
1.09,0.64,0.353884
1.09,0.65,0.345123
1.09,0.66,0.336529
1.09,0.67,0.328113
1.09,0.68,0.319887
1.09,0.69,0.311861
1.09,0.7,0.304044
1.09,0.71,0.296441
1.09,0.72,0.289059
1.09,0.73,0.281902
1.09,0.74,0.274973
1.09,0.75,0.268275
1.09,0.76,0.261806
1.09,0.77,0.255569
1.09,0.78,0.24956
1.09,0.79,0.243778
1.09,0.8,0.238221
1.09,0.81,0.232884
1.09,0.82,0.227764
1.09,0.83,0.222856
1.09,0.84,0.218155
1.09,0.85,0.213656
1.09,0.86,0.209353
1.09,0.87,0.205241
1.09,0.88,0.201314
1.09,0.89,0.197566
1.09,0.9,0.193991
1.09,0.91,0.190582
1.09,0.92,0.187335
1.09,0.93,0.184243
1.09,0.94,0.181301
1.09,0.95,0.178502
1.09,0.96,0.175843
1.09,0.97,0.173316
1.09,0.98,0.170918
1.09,0.99,0.168643
1.09,1,0.166486
1.09,1.01,0.164444
1.09,1.02,0.162511
1.09,1.03,0.160684
1.09,1.04,0.158959
1.09,1.05,0.157331
1.09,1.06,0.155798
1.09,1.07,0.154357
1.09,1.08,0.153003
1.09,1.09,0.151735
