1,1.4658,30
2,0.681862,30
3,0.676225,30
4,0.679375,30
5,0.680035,30
6,0.680127,30
7,0.680114,30
8,0.680083,30
9,0.680048,30
10,0.680013,30
11,0.679978,30
12,0.679943,30
13,0.679908,30
14,0.679873,30
15,0.679838,30
16,0.679803,30
17,0.679768,30
18,0.679733,30
19,0.679698,30
20,0.679663,30
21,0.679628,30
22,0.679593,30
23,0.679558,30
24,0.679523,30
25,0.679488,30
26,0.679453,30
27,0.679418,30
28,0.679383,30
29,0.679348,30
30,0.679314,30
31,0.679279,30
32,0.679244,30
33,0.679209,30
34,0.679174,30
35,0.67914,30
36,0.679105,30
37,0.67907,30
38,0.679036,30
39,0.679001,30
40,0.678966,30
41,0.678932,30
42,0.678897,30
43,0.678863,30
44,0.678828,30
45,0.678793,30
46,0.678759,30
47,0.678724,30
48,0.67869,30
49,0.678655,30
50,0.678621,30
51,0.678586,30
52,0.678552,30
53,0.678518,30
54,0.678483,30
55,0.678449,30
56,0.678415,30
57,0.67838,30
58,0.678346,30
59,0.678312,30
60,0.678277,30
61,0.678243,30
62,0.678209,30
63,0.678175,30
64,0.67814,30
65,0.678106,30
66,0.678072,30
67,0.678038,30
68,0.678004,30
69,0.67797,30
70,0.677935,30
71,0.677901,30
72,0.677867,30
73,0.677833,30
74,0.677799,30
75,0.677765,30
76,0.677731,30
77,0.677697,30
78,0.677663,30
79,0.677629,30
80,0.677595,30
81,0.677561,30
82,0.677528,30
83,0.677494,30
84,0.67746,30
85,0.677426,30
86,0.677392,30
87,0.677358,30
88,0.677325,30
89,0.677291,30
90,0.677257,30
91,0.677223,30
92,0.67719,30
93,0.677156,30
94,0.677122,30
95,0.677089,30
96,0.677055,30
97,0.677021,30
98,0.676988,30
99,0.676954,30
100,0.676921,30
101,0.676887,30
102,0.676853,30
103,0.67682,30
104,0.676786,30
105,0.676753,30
106,0.676719,30
107,0.676686,30
108,0.676653,30
109,0.676619,30
110,0.676586,30
111,0.676552,30
112,0.676519,30
113,0.676486,30
114,0.676452,30
115,0.676419,30
116,0.676386,30
117,0.676352,30
118,0.676319,30
119,0.676286,30
120,0.676253,30
121,0.676219,30
122,0.676186,30
123,0.676153,30
124,0.67612,30
125,0.676087,30
126,0.676054,30
127,0.676021,30
128,0.675987,30
129,0.675954,30
130,0.675921,30
131,0.675888,30
132,0.675855,30
133,0.675822,30
134,0.675789,30
135,0.675756,30
136,0.675723,30
137,0.67569,30
138,0.675657,30
139,0.675625,30
140,0.675592,30
141,0.675559,30
142,0.675526,30
143,0.675493,30
144,0.67546,30
145,0.675428,30
146,0.675395,30
147,0.675362,30
148,0.675329,30
149,0.675296,30
150,0.675264,30
151,0.675231,30
152,0.675198,30
153,0.675166,30
154,0.675133,30
155,0.6751,30
156,0.675068,30
157,0.675035,30
158,0.675003,30
159,0.67497,30
160,0.674938,30
161,0.674905,30
162,0.674872,30
163,0.67484,30
164,0.674808,30
165,0.674775,30
166,0.674743,30
167,0.67471,30
168,0.674678,30
169,0.674645,30
170,0.674613,30
171,0.674581,30
172,0.674548,30
173,0.674516,30
174,0.674484,30
175,0.674451,30
176,0.674419,30
177,0.674387,30
178,0.674355,30
179,0.674322,30
180,0.67429,30
181,0.674258,30
182,0.674226,30
183,0.674194,30
184,0.674161,30
185,0.674129,30
186,0.674097,30
187,0.674065,30
188,0.674033,30
189,0.674001,30
190,0.673969,30
191,0.673937,30
192,0.673905,30
193,0.673873,30
194,0.673841,30
195,0.673809,30
196,0.673777,30
197,0.673745,30
198,0.673713,30
199,0.673681,30
200,0.673649,30
201,0.673618,30
202,0.673586,30
203,0.673554,30
204,0.673522,30
205,0.67349,30
206,0.673458,30
207,0.673427,30
208,0.673395,30
209,0.673363,30
210,0.673332,30
211,0.6733,30
212,0.673268,30
213,0.673236,30
214,0.673205,30
215,0.673173,30
216,0.673142,30
217,0.67311,30
218,0.673078,30
219,0.673047,30
220,0.673015,30
221,0.672984,30
222,0.672952,30
223,0.672921,30
224,0.672889,30
225,0.672858,30
226,0.672826,30
227,0.672795,30
228,0.672763,30
229,0.672732,30
230,0.672701,30
231,0.672669,30
232,0.672638,30
233,0.672607,30
234,0.672575,30
235,0.672544,30
236,0.672513,30
237,0.672481,30
238,0.67245,30
239,0.672419,30
240,0.672388,30
241,0.672357,30
242,0.672325,30
243,0.672294,30
244,0.672263,30
245,0.672232,30
246,0.672201,30
247,0.67217,30
248,0.672139,30
249,0.672107,30
250,0.672076,30
251,0.672045,30
252,0.672014,30
253,0.671983,30
254,0.671952,30
255,0.671921,30
256,0.67189,30
257,0.671859,30
258,0.671828,30
259,0.671798,30
260,0.671767,30
261,0.671736,30
262,0.671705,30
263,0.671674,30
264,0.671643,30
265,0.671612,30
266,0.671582,30
267,0.671551,30
268,0.67152,30
269,0.671489,30
270,0.671459,30
271,0.671428,30
272,0.671397,30
273,0.671366,30
274,0.671336,30
275,0.671305,30
276,0.671274,30
277,0.671244,30
278,0.671213,30
279,0.671183,30
280,0.671152,30
281,0.671121,30
282,0.671091,30
283,0.67106,30
284,0.67103,30
285,0.670999,30
286,0.670969,30
287,0.670938,30
288,0.670908,30
289,0.670877,30
290,0.670847,30
291,0.670817,30
292,0.670786,30
293,0.670756,30
294,0.670726,30
295,0.670695,30
296,0.670665,30
297,0.670635,30
298,0.670604,30
299,0.670574,30
300,0.670544,30
301,0.670513,30
302,0.670483,30
303,0.670453,30
304,0.670423,30
305,0.670393,30
306,0.670362,30
307,0.670332,30
308,0.670302,30
309,0.670272,30
310,0.670242,30
311,0.670212,30
312,0.670182,30
313,0.670152,30
314,0.670122,30
315,0.670092,30
316,0.670062,30
317,0.670032,30
318,0.670002,30
319,0.669972,30
320,0.669942,30
321,0.669912,30
322,0.669882,30
323,0.669852,30
324,0.669822,30
325,0.669792,30
326,0.669762,30
327,0.669732,30
328,0.669703,30
329,0.669673,30
330,0.669643,30
331,0.669613,30
332,0.669583,30
333,0.669554,30
334,0.669524,30
335,0.669494,30
336,0.669464,30
337,0.669435,30
338,0.669405,30
339,0.669375,30
340,0.669346,30
341,0.669316,30
342,0.669287,30
343,0.669257,30
344,0.669227,30
345,0.669198,30
346,0.669168,30
347,0.669139,30
348,0.669109,30
349,0.66908,30
350,0.66905,30
351,0.669021,30
352,0.668991,30
353,0.668962,30
354,0.668932,30
355,0.668903,30
356,0.668874,30
357,0.668844,30
358,0.668815,30
359,0.668785,30
360,0.668756,30
361,0.668727,30
362,0.668697,30
363,0.668668,30
364,0.668639,30
365,0.66861,30
366,0.66858,30
367,0.668551,30
368,0.668522,30
369,0.668493,30
370,0.668464,30
371,0.668434,30
372,0.668405,30
373,0.668376,30
374,0.668347,30
375,0.668318,30
376,0.668289,30
377,0.66826,30
378,0.668231,30
379,0.668202,30
380,0.668173,30
381,0.668143,30
382,0.668114,30
383,0.668085,30
384,0.668057,30
385,0.668028,30
386,0.667999,30
387,0.66797,30
388,0.667941,30
389,0.667912,30
390,0.667883,30
391,0.667854,30
392,0.667825,30
393,0.667796,30
394,0.667768,30
395,0.667739,30
396,0.66771,30
397,0.667681,30
398,0.667652,30
399,0.667624,30
400,0.667595,30
401,0.667566,30
402,0.667538,30
403,0.667509,30
404,0.66748,30
405,0.667451,30
406,0.667423,30
407,0.667394,30
408,0.667366,30
409,0.667337,30
410,0.667308,30
411,0.66728,30
412,0.667251,30
413,0.667223,30
414,0.667194,30
415,0.667166,30
416,0.667137,30
417,0.667109,30
418,0.66708,30
419,0.667052,30
420,0.667023,30
421,0.666995,30
422,0.666966,30
423,0.666938,30
424,0.66691,30
425,0.666881,30
426,0.666853,30
427,0.666825,30
428,0.666796,30
429,0.666768,30
430,0.66674,30
431,0.666711,30
432,0.666683,30
433,0.666655,30
434,0.666627,30
435,0.666598,30
436,0.66657,30
437,0.666542,30
438,0.666514,30
439,0.666486,30
440,0.666458,30
441,0.666429,30
442,0.666401,30
443,0.666373,30
444,0.666345,30
445,0.666317,30
446,0.666289,30
447,0.666261,30
448,0.666233,30
449,0.666205,30
450,0.666177,30
451,0.666149,30
452,0.666121,30
453,0.666093,30
454,0.666065,30
455,0.666037,30
456,0.666009,30
457,0.665981,30
458,0.665953,30
459,0.665926,30
460,0.665898,30
461,0.66587,30
462,0.665842,30
463,0.665814,30
464,0.665786,30
465,0.665759,30
466,0.665731,30
467,0.665703,30
468,0.665675,30
469,0.665648,30
470,0.66562,30
471,0.665592,30
472,0.665565,30
473,0.665537,30
474,0.665509,30
475,0.665482,30
476,0.665454,30
477,0.665426,30
478,0.665399,30
479,0.665371,30
480,0.665344,30
481,0.665316,30
482,0.665289,30
483,0.665261,30
484,0.665234,30
485,0.665206,30
486,0.665179,30
487,0.665151,30
488,0.665124,30
489,0.665096,30
490,0.665069,30
491,0.665041,30
492,0.665014,30
493,0.664987,30
494,0.664959,30
495,0.664932,30
496,0.664904,30
497,0.664877,30
498,0.66485,30
499,0.664823,30
500,0.664795,30
501,0.664768,30
502,0.664741,30
503,0.664713,30
504,0.664686,30
505,0.664659,30
506,0.664632,30
507,0.664605,30
508,0.664577,30
509,0.66455,30
510,0.664523,30
511,0.664496,30
512,0.664469,30
513,0.664442,30
514,0.664415,30
515,0.664388,30
516,0.664361,30
517,0.664334,30
518,0.664307,30
519,0.66428,30
520,0.664253,30
521,0.664226,30
522,0.664199,30
523,0.664172,30
524,0.664145,30
525,0.664118,30
526,0.664091,30
527,0.664064,30
528,0.664037,30
529,0.66401,30
530,0.663983,30
531,0.663956,30
532,0.66393,30
533,0.663903,30
534,0.663876,30
535,0.663849,30
536,0.663822,30
537,0.663796,30
538,0.663769,30
539,0.663742,30
540,0.663715,30
541,0.663689,30
542,0.663662,30
543,0.663635,30
544,0.663609,30
545,0.663582,30
546,0.663555,30
547,0.663529,30
548,0.663502,30
549,0.663476,30
550,0.663449,30
551,0.663422,30
552,0.663396,30
553,0.663369,30
554,0.663343,30
555,0.663316,30
556,0.66329,30
557,0.663263,30
558,0.663237,30
559,0.66321,30
560,0.663184,30
561,0.663157,30
562,0.663131,30
563,0.663105,30
564,0.663078,30
565,0.663052,30
566,0.663025,30
567,0.662999,30
568,0.662973,30
569,0.662946,30
570,0.66292,30
571,0.662894,30
572,0.662868,30
573,0.662841,30
574,0.662815,30
575,0.662789,30
576,0.662763,30
577,0.662736,30
578,0.66271,30
579,0.662684,30
580,0.662658,30
581,0.662632,30
582,0.662605,30
583,0.662579,30
584,0.662553,30
585,0.662527,30
586,0.662501,30
587,0.662475,30
588,0.662449,30
589,0.662423,30
590,0.662397,30
591,0.662371,30
592,0.662345,30
593,0.662319,30
594,0.662293,30
595,0.662267,30
596,0.662241,30
597,0.662215,30
598,0.662189,30
599,0.662163,30
600,0.662137,30
601,0.662111,30
602,0.662085,30
603,0.662059,30
604,0.662034,30
605,0.662008,30
606,0.661982,30
607,0.661956,30
608,0.66193,30
609,0.661905,30
610,0.661879,30
611,0.661853,30
612,0.661827,30
613,0.661801,30
614,0.661776,30
615,0.66175,30
616,0.661724,30
617,0.661699,30
618,0.661673,30
619,0.661647,30
620,0.661622,30
621,0.661596,30
622,0.661571,30
623,0.661545,30
624,0.661519,30
625,0.661494,30
626,0.661468,30
627,0.661443,30
628,0.661417,30
629,0.661392,30
630,0.661366,30
631,0.661341,30
632,0.661315,30
633,0.66129,30
634,0.661264,30
635,0.661239,30
636,0.661213,30
637,0.661188,30
638,0.661163,30
639,0.661137,30
640,0.661112,30
641,0.661086,30
642,0.661061,30
643,0.661036,30
644,0.66101,30
645,0.660985,30
646,0.66096,30
647,0.660935,30
648,0.660909,30
649,0.660884,30
650,0.660859,30
651,0.660834,30
652,0.660808,30
653,0.660783,30
654,0.660758,30
655,0.660733,30
656,0.660708,30
657,0.660682,30
658,0.660657,30
659,0.660632,30
660,0.660607,30
661,0.660582,30
662,0.660557,30
663,0.660532,30
664,0.660507,30
665,0.660482,30
666,0.660457,30
667,0.660432,30
668,0.660407,30
669,0.660382,30
670,0.660357,30
671,0.660332,30
672,0.660307,30
673,0.660282,30
674,0.660257,30
675,0.660232,30
676,0.660207,30
677,0.660182,30
678,0.660157,30
679,0.660132,30
680,0.660107,30
681,0.660083,30
682,0.660058,30
683,0.660033,30
684,0.660008,30
685,0.659983,30
686,0.659959,30
687,0.659934,30
688,0.659909,30
689,0.659884,30
690,0.65986,30
691,0.659835,30
692,0.65981,30
693,0.659786,30
694,0.659761,30
695,0.659736,30
696,0.659712,30
697,0.659687,30
698,0.659662,30
699,0.659638,30
700,0.659613,30
701,0.659589,30
702,0.659564,30
703,0.659539,30
704,0.659515,30
705,0.65949,30
706,0.659466,30
707,0.659441,30
708,0.659417,30
709,0.659392,30
710,0.659368,30
711,0.659343,30
712,0.659319,30
713,0.659295,30
714,0.65927,30
715,0.659246,30
716,0.659221,30
717,0.659197,30
718,0.659173,30
719,0.659148,30
720,0.659124,30
721,0.6591,30
722,0.659075,30
723,0.659051,30
724,0.659027,30
725,0.659002,30
726,0.658978,30
727,0.658954,30
728,0.65893,30
729,0.658905,30
730,0.658881,30
731,0.658857,30
732,0.658833,30
733,0.658809,30
734,0.658784,30
735,0.65876,30
736,0.658736,30
737,0.658712,30
738,0.658688,30
739,0.658664,30
740,0.65864,30
741,0.658616,30
742,0.658591,30
743,0.658567,30
744,0.658543,30
745,0.658519,30
746,0.658495,30
747,0.658471,30
748,0.658447,30
749,0.658423,30
750,0.658399,30
751,0.658375,30
752,0.658351,30
753,0.658328,30
754,0.658304,30
755,0.65828,30
756,0.658256,30
757,0.658232,30
758,0.658208,30
759,0.658184,30
760,0.65816,30
761,0.658137,30
762,0.658113,30
763,0.658089,30
764,0.658065,30
765,0.658041,30
766,0.658018,30
767,0.657994,30
768,0.65797,30
769,0.657946,30
770,0.657923,30
771,0.657899,30
772,0.657875,30
773,0.657852,30
774,0.657828,30
775,0.657804,30
776,0.657781,30
777,0.657757,30
778,0.657733,30
779,0.65771,30
780,0.657686,30
781,0.657662,30
782,0.657639,30
783,0.657615,30
784,0.657592,30
785,0.657568,30
786,0.657545,30
787,0.657521,30
788,0.657498,30
789,0.657474,30
790,0.657451,30
791,0.657427,30
792,0.657404,30
793,0.65738,30
794,0.657357,30
795,0.657334,30
796,0.65731,30
797,0.657287,30
798,0.657263,30
799,0.65724,30
800,0.657217,30
801,0.657193,30
802,0.65717,30
803,0.657147,30
804,0.657123,30
805,0.6571,30
806,0.657077,30
807,0.657054,30
808,0.65703,30
809,0.657007,30
810,0.656984,30
811,0.656961,30
812,0.656937,30
813,0.656914,30
814,0.656891,30
815,0.656868,30
816,0.656845,30
817,0.656821,30
818,0.656798,30
819,0.656775,30
820,0.656752,30
821,0.656729,30
822,0.656706,30
823,0.656683,30
824,0.65666,30
825,0.656637,30
826,0.656614,30
827,0.656591,30
828,0.656568,30
829,0.656545,30
830,0.656522,30
831,0.656499,30
832,0.656476,30
833,0.656453,30
834,0.65643,30
835,0.656407,30
836,0.656384,30
837,0.656361,30
838,0.656338,30
839,0.656315,30
840,0.656292,30
841,0.656269,30
842,0.656247,30
843,0.656224,30
844,0.656201,30
845,0.656178,30
846,0.656155,30
847,0.656133,30
848,0.65611,30
849,0.656087,30
850,0.656064,30
851,0.656041,30
852,0.656019,30
853,0.655996,30
854,0.655973,30
855,0.655951,30
856,0.655928,30
857,0.655905,30
858,0.655883,30
859,0.65586,30
860,0.655837,30
861,0.655815,30
862,0.655792,30
863,0.655769,30
864,0.655747,30
865,0.655724,30
866,0.655702,30
867,0.655679,30
868,0.655657,30
869,0.655634,30
870,0.655612,30
871,0.655589,30
872,0.655566,30
873,0.655544,30
874,0.655522,30
875,0.655499,30
876,0.655477,30
877,0.655454,30
878,0.655432,30
879,0.655409,30
880,0.655387,30
881,0.655365,30
882,0.655342,30
883,0.65532,30
884,0.655297,30
885,0.655275,30
886,0.655253,30
887,0.65523,30
888,0.655208,30
889,0.655186,30
890,0.655163,30
891,0.655141,30
892,0.655119,30
893,0.655097,30
894,0.655074,30
895,0.655052,30
896,0.65503,30
897,0.655008,30
898,0.654986,30
899,0.654963,30
900,0.654941,30
901,0.654919,30
902,0.654897,30
903,0.654875,30
904,0.654853,30
905,0.65483,30
906,0.654808,30
907,0.654786,30
908,0.654764,30
909,0.654742,30
910,0.65472,30
911,0.654698,30
912,0.654676,30
913,0.654654,30
914,0.654632,30
915,0.65461,30
916,0.654588,30
917,0.654566,30
918,0.654544,30
919,0.654522,30
920,0.6545,30
921,0.654478,30
922,0.654456,30
923,0.654434,30
924,0.654412,30
925,0.654391,30
926,0.654369,30
927,0.654347,30
928,0.654325,30
929,0.654303,30
930,0.654281,30
931,0.654259,30
932,0.654238,30
933,0.654216,30
934,0.654194,30
935,0.654172,30
936,0.65415,30
937,0.654129,30
938,0.654107,30
939,0.654085,30
940,0.654064,30
941,0.654042,30
942,0.65402,30
943,0.653998,30
944,0.653977,30
945,0.653955,30
946,0.653933,30
947,0.653912,30
948,0.65389,30
949,0.653869,30
950,0.653847,30
951,0.653825,30
952,0.653804,30
953,0.653782,30
954,0.653761,30
955,0.653739,30
956,0.653717,30
957,0.653696,30
958,0.653674,30
959,0.653653,30
960,0.653631,30
961,0.65361,30
962,0.653588,30
963,0.653567,30
964,0.653546,30
965,0.653524,30
966,0.653503,30
967,0.653481,30
968,0.65346,30
969,0.653438,30
970,0.653417,30
971,0.653396,30
972,0.653374,30
973,0.653353,30
974,0.653332,30
975,0.65331,30
976,0.653289,30
977,0.653268,30
978,0.653246,30
979,0.653225,30
980,0.653204,30
981,0.653183,30
982,0.653161,30
983,0.65314,30
984,0.653119,30
985,0.653098,30
986,0.653076,30
987,0.653055,30
988,0.653034,30
989,0.653013,30
990,0.652992,30
991,0.652971,30
992,0.652949,30
993,0.652928,30
994,0.652907,30
995,0.652886,30
996,0.652865,30
997,0.652844,30
998,0.652823,30
999,0.652802,30
1000,0.652781,30
1001,0.65276,30
1002,0.652739,30
1003,0.652717,30
1004,0.652696,30
1005,0.652675,30
1006,0.652654,30
1007,0.652634,30
1008,0.652613,30
1009,0.652592,30
1010,0.652571,30
1011,0.65255,30
1012,0.652529,30
1013,0.652508,30
1014,0.652487,30
1015,0.652466,30
1016,0.652445,30
1017,0.652424,30
1018,0.652403,30
1019,0.652383,30
1020,0.652362,30
1021,0.652341,30
1022,0.65232,30
1023,0.652299,30
1024,0.652278,30
1025,0.652258,30
1026,0.652237,30
1027,0.652216,30
1028,0.652195,30
1029,0.652175,30
1030,0.652154,30
1031,0.652133,30
1032,0.652113,30
1033,0.652092,30
1034,0.652071,30
1035,0.65205,30
1036,0.65203,30
1037,0.652009,30
1038,0.651988,30
1039,0.651968,30
1040,0.651947,30
1041,0.651927,30
1042,0.651906,30
1043,0.651885,30
1044,0.651865,30
1045,0.651844,30
1046,0.651824,30
1047,0.651803,30
1048,0.651783,30
1049,0.651762,30
1050,0.651742,30
1051,0.651721,30
1052,0.651701,30
1053,0.65168,30
1054,0.65166,30
1055,0.651639,30
1056,0.651619,30
1057,0.651598,30
1058,0.651578,30
1059,0.651557,30
1060,0.651537,30
1061,0.651517,30
1062,0.651496,30
1063,0.651476,30
1064,0.651455,30
1065,0.651435,30
1066,0.651415,30
1067,0.651394,30
1068,0.651374,30
1069,0.651354,30
1070,0.651333,30
1071,0.651313,30
1072,0.651293,30
1073,0.651273,30
1074,0.651252,30
1075,0.651232,30
1076,0.651212,30
1077,0.651192,30
1078,0.651171,30
1079,0.651151,30
1080,0.651131,30
1081,0.651111,30
1082,0.651091,30
1083,0.65107,30
1084,0.65105,30
1085,0.65103,30
1086,0.65101,30
1087,0.65099,30
1088,0.65097,30
1089,0.65095,30
1090,0.650929,30
1091,0.650909,30
1092,0.650889,30
1093,0.650869,30
1094,0.650849,30
1095,0.650829,30
1096,0.650809,30
1097,0.650789,30
1098,0.650769,30
1099,0.650749,30
1100,0.650729,30
1101,0.650709,30
1102,0.650689,30
1103,0.650669,30
1104,0.650649,30
1105,0.650629,30
1106,0.650609,30
1107,0.650589,30
1108,0.650569,30
1109,0.65055,30
1110,0.65053,30
1111,0.65051,30
1112,0.65049,30
1113,0.65047,30
1114,0.65045,30
1115,0.65043,30
1116,0.650411,30
1117,0.650391,30
1118,0.650371,30
1119,0.650351,30
1120,0.650331,30
1121,0.650312,30
1122,0.650292,30
1123,0.650272,30
1124,0.650252,30
1125,0.650233,30
1126,0.650213,30
1127,0.650193,30
1128,0.650173,30
1129,0.650154,30
1130,0.650134,30
1131,0.650114,30
1132,0.650095,30
1133,0.650075,30
1134,0.650055,30
1135,0.650036,30
1136,0.650016,30
1137,0.649996,30
1138,0.649977,30
1139,0.649957,30
1140,0.649938,30
1141,0.649918,30
1142,0.649899,30
1143,0.649879,30
1144,0.649859,30
1145,0.64984,30
1146,0.64982,30
1147,0.649801,30
1148,0.649781,30
1149,0.649762,30
1150,0.649742,30
1151,0.649723,30
1152,0.649703,30
1153,0.649684,30
1154,0.649665,30
1155,0.649645,30
1156,0.649626,30
1157,0.649606,30
1158,0.649587,30
1159,0.649567,30
1160,0.649548,30
1161,0.649529,30
1162,0.649509,30
1163,0.64949,30
1164,0.649471,30
1165,0.649451,30
1166,0.649432,30
1167,0.649413,30
1168,0.649393,30
1169,0.649374,30
1170,0.649355,30
1171,0.649336,30
1172,0.649316,30
1173,0.649297,30
1174,0.649278,30
1175,0.649259,30
1176,0.649239,30
1177,0.64922,30
1178,0.649201,30
1179,0.649182,30
1180,0.649163,30
1181,0.649143,30
1182,0.649124,30
1183,0.649105,30
1184,0.649086,30
1185,0.649067,30
1186,0.649048,30
1187,0.649029,30
1188,0.649009,30
1189,0.64899,30
1190,0.648971,30
1191,0.648952,30
1192,0.648933,30
1193,0.648914,30
1194,0.648895,30
1195,0.648876,30
1196,0.648857,30
1197,0.648838,30
1198,0.648819,30
1199,0.6488,30
1200,0.648781,30
1201,0.648762,30
1202,0.648743,30
1203,0.648724,30
1204,0.648705,30
1205,0.648686,30
1206,0.648667,30
1207,0.648648,30
1208,0.648629,30
1209,0.648611,30
1210,0.648592,30
1211,0.648573,30
1212,0.648554,30
1213,0.648535,30
1214,0.648516,30
1215,0.648497,30
1216,0.648478,30
1217,0.64846,30
1218,0.648441,30
1219,0.648422,30
1220,0.648403,30
1221,0.648384,30
1222,0.648366,30
1223,0.648347,30
1224,0.648328,30
1225,0.648309,30
1226,0.648291,30
1227,0.648272,30
1228,0.648253,30
1229,0.648235,30
1230,0.648216,30
1231,0.648197,30
1232,0.648179,30
1233,0.64816,30
1234,0.648141,30
1235,0.648123,30
1236,0.648104,30
1237,0.648085,30
1238,0.648067,30
1239,0.648048,30
1240,0.648029,30
1241,0.648011,30
1242,0.647992,30
1243,0.647974,30
1244,0.647955,30
1245,0.647937,30
1246,0.647918,30
1247,0.6479,30
1248,0.647881,30
1249,0.647863,30
1250,0.647844,30
1251,0.647826,30
1252,0.647807,30
1253,0.647789,30
1254,0.64777,30
1255,0.647752,30
1256,0.647733,30
1257,0.647715,30
1258,0.647696,30
1259,0.647678,30
1260,0.64766,30
1261,0.647641,30
1262,0.647623,30
1263,0.647604,30
1264,0.647586,30
1265,0.647568,30
1266,0.647549,30
1267,0.647531,30
1268,0.647513,30
1269,0.647494,30
1270,0.647476,30
1271,0.647458,30
1272,0.647439,30
1273,0.647421,30
1274,0.647403,30
1275,0.647385,30
1276,0.647366,30
1277,0.647348,30
1278,0.64733,30
1279,0.647312,30
1280,0.647293,30
1281,0.647275,30
1282,0.647257,30
1283,0.647239,30
1284,0.647221,30
1285,0.647203,30
1286,0.647184,30
1287,0.647166,30
1288,0.647148,30
1289,0.64713,30
1290,0.647112,30
1291,0.647094,30
1292,0.647076,30
1293,0.647057,30
1294,0.647039,30
1295,0.647021,30
1296,0.647003,30
1297,0.646985,30
1298,0.646967,30
1299,0.646949,30
1300,0.646931,30
1301,0.646913,30
1302,0.646895,30
1303,0.646877,30
1304,0.646859,30
1305,0.646841,30
1306,0.646823,30
1307,0.646805,30
1308,0.646787,30
1309,0.646769,30
1310,0.646751,30
1311,0.646733,30
1312,0.646715,30
1313,0.646698,30
1314,0.64668,30
1315,0.646662,30
1316,0.646644,30
1317,0.646626,30
1318,0.646608,30
1319,0.64659,30
1320,0.646572,30
1321,0.646555,30
1322,0.646537,30
1323,0.646519,30
1324,0.646501,30
1325,0.646483,30
1326,0.646466,30
1327,0.646448,30
1328,0.64643,30
1329,0.646412,30
1330,0.646395,30
1331,0.646377,30
1332,0.646359,30
1333,0.646341,30
1334,0.646324,30
1335,0.646306,30
1336,0.646288,30
1337,0.646271,30
1338,0.646253,30
1339,0.646235,30
1340,0.646218,30
1341,0.6462,30
1342,0.646182,30
1343,0.646165,30
1344,0.646147,30
1345,0.646129,30
1346,0.646112,30
1347,0.646094,30
1348,0.646077,30
1349,0.646059,30
1350,0.646041,30
1351,0.646024,30
1352,0.646006,30
1353,0.645989,30
1354,0.645971,30
1355,0.645954,30
1356,0.645936,30
1357,0.645919,30
1358,0.645901,30
1359,0.645884,30
1360,0.645866,30
1361,0.645849,30
1362,0.645831,30
1363,0.645814,30
1364,0.645796,30
1365,0.645779,30
1366,0.645762,30
1367,0.645744,30
1368,0.645727,30
1369,0.645709,30
1370,0.645692,30
1371,0.645675,30
1372,0.645657,30
1373,0.64564,30
1374,0.645623,30
1375,0.645605,30
1376,0.645588,30
1377,0.645571,30
1378,0.645553,30
1379,0.645536,30
1380,0.645519,30
1381,0.645501,30
1382,0.645484,30
1383,0.645467,30
1384,0.64545,30
1385,0.645432,30
1386,0.645415,30
1387,0.645398,30
1388,0.645381,30
1389,0.645363,30
1390,0.645346,30
1391,0.645329,30
1392,0.645312,30
1393,0.645295,30
1394,0.645277,30
1395,0.64526,30
1396,0.645243,30
1397,0.645226,30
1398,0.645209,30
1399,0.645192,30
1400,0.645175,30
1401,0.645157,30
1402,0.64514,30
1403,0.645123,30
1404,0.645106,30
1405,0.645089,30
1406,0.645072,30
1407,0.645055,30
1408,0.645038,30
1409,0.645021,30
1410,0.645004,30
1411,0.644987,30
1412,0.64497,30
1413,0.644953,30
1414,0.644936,30
1415,0.644919,30
1416,0.644902,30
1417,0.644885,30
1418,0.644868,30
1419,0.644851,30
1420,0.644834,30
1421,0.644817,30
1422,0.6448,30
1423,0.644783,30
1424,0.644766,30
1425,0.644749,30
1426,0.644732,30
1427,0.644716,30
1428,0.644699,30
1429,0.644682,30
1430,0.644665,30
1431,0.644648,30
1432,0.644631,30
1433,0.644614,30
1434,0.644598,30
1435,0.644581,30
1436,0.644564,30
1437,0.644547,30
1438,0.64453,30
1439,0.644514,30
1440,0.644497,30
1441,0.64448,30
1442,0.644463,30
1443,0.644447,30
1444,0.64443,30
1445,0.644413,30
1446,0.644396,30
1447,0.64438,30
1448,0.644363,30
1449,0.644346,30
1450,0.64433,30
1451,0.644313,30
1452,0.644296,30
1453,0.64428,30
1454,0.644263,30
1455,0.644246,30
1456,0.64423,30
1457,0.644213,30
1458,0.644197,30
1459,0.64418,30
1460,0.644163,30
1461,0.644147,30
1462,0.64413,30
1463,0.644114,30
1464,0.644097,30
1465,0.64408,30
1466,0.644064,30
1467,0.644047,30
1468,0.644031,30
1469,0.644014,30
1470,0.643998,30
1471,0.643981,30
1472,0.643965,30
1473,0.643948,30
1474,0.643932,30
1475,0.643915,30
1476,0.643899,30
1477,0.643883,30
1478,0.643866,30
1479,0.64385,30
1480,0.643833,30
1481,0.643817,30
1482,0.6438,30
1483,0.643784,30
1484,0.643768,30
1485,0.643751,30
1486,0.643735,30
1487,0.643718,30
1488,0.643702,30
1489,0.643686,30
1490,0.643669,30
1491,0.643653,30
1492,0.643637,30
1493,0.64362,30
1494,0.643604,30
1495,0.643588,30
1496,0.643572,30
1497,0.643555,30
1498,0.643539,30
1499,0.643523,30
1500,0.643506,30
1501,0.64349,30
1502,0.643474,30
1503,0.643458,30
1504,0.643442,30
1505,0.643425,30
1506,0.643409,30
1507,0.643393,30
1508,0.643377,30
1509,0.643361,30
1510,0.643344,30
1511,0.643328,30
1512,0.643312,30
1513,0.643296,30
1514,0.64328,30
1515,0.643264,30
1516,0.643247,30
1517,0.643231,30
1518,0.643215,30
1519,0.643199,30
1520,0.643183,30
1521,0.643167,30
1522,0.643151,30
1523,0.643135,30
1524,0.643119,30
1525,0.643103,30
1526,0.643087,30
1527,0.643071,30
1528,0.643055,30
1529,0.643039,30
1530,0.643023,30
1531,0.643007,30
1532,0.642991,30
1533,0.642975,30
1534,0.642959,30
1535,0.642943,30
1536,0.642927,30
1537,0.642911,30
1538,0.642895,30
1539,0.642879,30
1540,0.642863,30
1541,0.642847,30
1542,0.642831,30
1543,0.642815,30
1544,0.642799,30
1545,0.642784,30
1546,0.642768,30
1547,0.642752,30
1548,0.642736,30
1549,0.64272,30
1550,0.642704,30
1551,0.642688,30
1552,0.642673,30
1553,0.642657,30
1554,0.642641,30
1555,0.642625,30
1556,0.642609,30
1557,0.642594,30
1558,0.642578,30
1559,0.642562,30
1560,0.642546,30
1561,0.64253,30
1562,0.642515,30
1563,0.642499,30
1564,0.642483,30
1565,0.642468,30
1566,0.642452,30
1567,0.642436,30
1568,0.64242,30
1569,0.642405,30
1570,0.642389,30
1571,0.642373,30
1572,0.642358,30
1573,0.642342,30
1574,0.642326,30
1575,0.642311,30
1576,0.642295,30
1577,0.64228,30
1578,0.642264,30
1579,0.642248,30
1580,0.642233,30
1581,0.642217,30
1582,0.642202,30
1583,0.642186,30
1584,0.64217,30
1585,0.642155,30
1586,0.642139,30
1587,0.642124,30
1588,0.642108,30
1589,0.642093,30
1590,0.642077,30
1591,0.642062,30
1592,0.642046,30
1593,0.642031,30
1594,0.642015,30
1595,0.642,30
1596,0.641984,30
1597,0.641969,30
1598,0.641953,30
1599,0.641938,30
1600,0.641922,30
1601,0.641907,30
1602,0.641892,30
1603,0.641876,30
1604,0.641861,30
1605,0.641845,30
1606,0.64183,30
1607,0.641815,30
1608,0.641799,30
1609,0.641784,30
1610,0.641769,30
1611,0.641753,30
1612,0.641738,30
1613,0.641722,30
1614,0.641707,30
1615,0.641692,30
1616,0.641677,30
1617,0.641661,30
1618,0.641646,30
1619,0.641631,30
1620,0.641615,30
1621,0.6416,30
1622,0.641585,30
1623,0.64157,30
1624,0.641554,30
1625,0.641539,30
1626,0.641524,30
1627,0.641509,30
1628,0.641493,30
1629,0.641478,30
1630,0.641463,30
1631,0.641448,30
1632,0.641433,30
1633,0.641417,30
1634,0.641402,30
1635,0.641387,30
1636,0.641372,30
1637,0.641357,30
1638,0.641342,30
1639,0.641327,30
1640,0.641311,30
1641,0.641296,30
1642,0.641281,30
1643,0.641266,30
1644,0.641251,30
1645,0.641236,30
1646,0.641221,30
1647,0.641206,30
1648,0.641191,30
1649,0.641176,30
1650,0.641161,30
1651,0.641146,30
1652,0.641131,30
1653,0.641116,30
1654,0.641101,30
1655,0.641086,30
1656,0.641071,30
1657,0.641056,30
1658,0.641041,30
1659,0.641026,30
1660,0.641011,30
1661,0.640996,30
1662,0.640981,30
1663,0.640966,30
1664,0.640951,30
1665,0.640936,30
1666,0.640921,30
1667,0.640906,30
1668,0.640891,30
1669,0.640876,30
1670,0.640861,30
1671,0.640846,30
1672,0.640832,30
1673,0.640817,30
1674,0.640802,30
1675,0.640787,30
1676,0.640772,30
1677,0.640757,30
1678,0.640743,30
1679,0.640728,30
1680,0.640713,30
1681,0.640698,30
1682,0.640683,30
1683,0.640668,30
1684,0.640654,30
1685,0.640639,30
1686,0.640624,30
1687,0.640609,30
1688,0.640595,30
1689,0.64058,30
1690,0.640565,30
1691,0.64055,30
1692,0.640536,30
1693,0.640521,30
1694,0.640506,30
1695,0.640492,30
1696,0.640477,30
1697,0.640462,30
1698,0.640448,30
1699,0.640433,30
1700,0.640418,30
1701,0.640404,30
1702,0.640389,30
1703,0.640374,30
1704,0.64036,30
1705,0.640345,30
1706,0.64033,30
1707,0.640316,30
1708,0.640301,30
1709,0.640287,30
1710,0.640272,30
1711,0.640257,30
1712,0.640243,30
1713,0.640228,30
1714,0.640214,30
1715,0.640199,30
1716,0.640185,30
1717,0.64017,30
1718,0.640156,30
1719,0.640141,30
1720,0.640127,30
1721,0.640112,30
1722,0.640098,30
1723,0.640083,30
1724,0.640069,30
1725,0.640054,30
1726,0.64004,30
1727,0.640025,30
1728,0.640011,30
1729,0.639996,30
1730,0.639982,30
1731,0.639967,30
1732,0.639953,30
1733,0.639939,30
1734,0.639924,30
1735,0.63991,30
1736,0.639895,30
1737,0.639881,30
1738,0.639867,30
1739,0.639852,30
1740,0.639838,30
1741,0.639824,30
1742,0.639809,30
1743,0.639795,30
1744,0.639781,30
1745,0.639766,30
1746,0.639752,30
1747,0.639738,30
1748,0.639723,30
1749,0.639709,30
1750,0.639695,30
1751,0.63968,30
1752,0.639666,30
1753,0.639652,30
1754,0.639638,30
1755,0.639623,30
1756,0.639609,30
1757,0.639595,30
1758,0.639581,30
1759,0.639566,30
1760,0.639552,30
1761,0.639538,30
1762,0.639524,30
1763,0.63951,30
1764,0.639496,30
1765,0.639481,30
1766,0.639467,30
1767,0.639453,30
1768,0.639439,30
1769,0.639425,30
1770,0.639411,30
1771,0.639396,30
1772,0.639382,30
1773,0.639368,30
1774,0.639354,30
1775,0.63934,30
1776,0.639326,30
1777,0.639312,30
1778,0.639298,30
1779,0.639284,30
1780,0.63927,30
1781,0.639255,30
1782,0.639241,30
1783,0.639227,30
1784,0.639213,30
1785,0.639199,30
1786,0.639185,30
1787,0.639171,30
1788,0.639157,30
1789,0.639143,30
1790,0.639129,30
1791,0.639115,30
1792,0.639101,30
1793,0.639087,30
1794,0.639073,30
1795,0.639059,30
1796,0.639045,30
1797,0.639032,30
1798,0.639018,30
1799,0.639004,30
1800,0.63899,30
1801,0.638976,30
1802,0.638962,30
1803,0.638948,30
1804,0.638934,30
1805,0.63892,30
1806,0.638906,30
1807,0.638892,30
1808,0.638879,30
1809,0.638865,30
1810,0.638851,30
1811,0.638837,30
1812,0.638823,30
1813,0.638809,30
1814,0.638796,30
1815,0.638782,30
1816,0.638768,30
1817,0.638754,30
1818,0.63874,30
1819,0.638727,30
1820,0.638713,30
1821,0.638699,30
1822,0.638685,30
1823,0.638671,30
1824,0.638658,30
1825,0.638644,30
1826,0.63863,30
1827,0.638617,30
1828,0.638603,30
1829,0.638589,30
1830,0.638575,30
1831,0.638562,30
1832,0.638548,30
1833,0.638534,30
1834,0.638521,30
1835,0.638507,30
1836,0.638493,30
1837,0.63848,30
1838,0.638466,30
1839,0.638452,30
1840,0.638439,30
1841,0.638425,30
1842,0.638411,30
1843,0.638398,30
1844,0.638384,30
1845,0.638371,30
1846,0.638357,30
1847,0.638343,30
1848,0.63833,30
1849,0.638316,30
1850,0.638303,30
1851,0.638289,30
1852,0.638276,30
1853,0.638262,30
1854,0.638248,30
1855,0.638235,30
1856,0.638221,30
1857,0.638208,30
1858,0.638194,30
1859,0.638181,30
1860,0.638167,30
1861,0.638154,30
1862,0.63814,30
1863,0.638127,30
1864,0.638113,30
1865,0.6381,30
1866,0.638087,30
1867,0.638073,30
1868,0.63806,30
1869,0.638046,30
1870,0.638033,30
1871,0.638019,30
1872,0.638006,30
1873,0.637993,30
1874,0.637979,30
1875,0.637966,30
1876,0.637952,30
1877,0.637939,30
1878,0.637926,30
1879,0.637912,30
1880,0.637899,30
1881,0.637886,30
1882,0.637872,30
1883,0.637859,30
1884,0.637846,30
1885,0.637832,30
1886,0.637819,30
1887,0.637806,30
1888,0.637792,30
1889,0.637779,30
1890,0.637766,30
1891,0.637752,30
1892,0.637739,30
1893,0.637726,30
1894,0.637713,30
1895,0.637699,30
1896,0.637686,30
1897,0.637673,30
1898,0.63766,30
1899,0.637646,30
1900,0.637633,30
1901,0.63762,30
1902,0.637607,30
1903,0.637593,30
1904,0.63758,30
1905,0.637567,30
1906,0.637554,30
1907,0.637541,30
1908,0.637528,30
1909,0.637514,30
1910,0.637501,30
1911,0.637488,30
1912,0.637475,30
1913,0.637462,30
1914,0.637449,30
1915,0.637436,30
1916,0.637422,30
1917,0.637409,30
1918,0.637396,30
1919,0.637383,30
1920,0.63737,30
1921,0.637357,30
1922,0.637344,30
1923,0.637331,30
1924,0.637318,30
1925,0.637305,30
1926,0.637292,30
1927,0.637279,30
1928,0.637266,30
1929,0.637253,30
1930,0.63724,30
1931,0.637227,30
1932,0.637214,30
1933,0.637201,30
1934,0.637188,30
1935,0.637175,30
1936,0.637162,30
1937,0.637149,30
1938,0.637136,30
1939,0.637123,30
1940,0.63711,30
1941,0.637097,30
1942,0.637084,30
1943,0.637071,30
1944,0.637058,30
1945,0.637045,30
1946,0.637032,30
1947,0.637019,30
1948,0.637006,30
1949,0.636994,30
1950,0.636981,30
1951,0.636968,30
1952,0.636955,30
1953,0.636942,30
1954,0.636929,30
1955,0.636916,30
1956,0.636903,30
1957,0.636891,30
1958,0.636878,30
1959,0.636865,30
1960,0.636852,30
1961,0.636839,30
1962,0.636827,30
1963,0.636814,30
1964,0.636801,30
1965,0.636788,30
1966,0.636775,30
1967,0.636763,30
1968,0.63675,30
1969,0.636737,30
1970,0.636724,30
1971,0.636712,30
1972,0.636699,30
1973,0.636686,30
1974,0.636673,30
1975,0.636661,30
1976,0.636648,30
1977,0.636635,30
1978,0.636623,30
1979,0.63661,30
1980,0.636597,30
1981,0.636584,30
1982,0.636572,30
1983,0.636559,30
1984,0.636546,30
1985,0.636534,30
1986,0.636521,30
1987,0.636509,30
1988,0.636496,30
1989,0.636483,30
1990,0.636471,30
1991,0.636458,30
1992,0.636445,30
1993,0.636433,30
1994,0.63642,30
1995,0.636408,30
1996,0.636395,30
1997,0.636382,30
1998,0.63637,30
1999,0.636357,30
2000,0.636345,30
2001,0.636332,30
2002,0.63632,30
2003,0.636307,30
2004,0.636295,30
2005,0.636282,30
2006,0.63627,30
2007,0.636257,30
2008,0.636245,30
2009,0.636232,30
2010,0.63622,30
2011,0.636207,30
2012,0.636195,30
2013,0.636182,30
2014,0.63617,30
2015,0.636157,30
2016,0.636145,30
2017,0.636132,30
2018,0.63612,30
2019,0.636107,30
2020,0.636095,30
2021,0.636083,30
2022,0.63607,30
2023,0.636058,30
2024,0.636045,30
2025,0.636033,30
2026,0.636021,30
2027,0.636008,30
2028,0.635996,30
2029,0.635983,30
2030,0.635971,30
2031,0.635959,30
2032,0.635946,30
2033,0.635934,30
2034,0.635922,30
2035,0.635909,30
2036,0.635897,30
2037,0.635885,30
2038,0.635872,30
2039,0.63586,30
2040,0.635848,30
2041,0.635835,30
2042,0.635823,30
2043,0.635811,30
2044,0.635799,30
2045,0.635786,30
2046,0.635774,30
2047,0.635762,30
2048,0.63575,30
2049,0.635737,30
2050,0.635725,30
2051,0.635713,30
2052,0.635701,30
2053,0.635688,30
2054,0.635676,30
2055,0.635664,30
2056,0.635652,30
2057,0.63564,30
2058,0.635627,30
2059,0.635615,30
2060,0.635603,30
2061,0.635591,30
2062,0.635579,30
2063,0.635567,30
2064,0.635554,30
2065,0.635542,30
2066,0.63553,30
2067,0.635518,30
2068,0.635506,30
2069,0.635494,30
2070,0.635482,30
2071,0.63547,30
2072,0.635457,30
2073,0.635445,30
2074,0.635433,30
2075,0.635421,30
2076,0.635409,30
2077,0.635397,30
2078,0.635385,30
2079,0.635373,30
2080,0.635361,30
2081,0.635349,30
2082,0.635337,30
2083,0.635325,30
2084,0.635313,30
2085,0.635301,30
2086,0.635289,30
2087,0.635277,30
2088,0.635265,30
2089,0.635253,30
2090,0.635241,30
2091,0.635229,30
2092,0.635217,30
2093,0.635205,30
2094,0.635193,30
2095,0.635181,30
2096,0.635169,30
2097,0.635157,30
2098,0.635145,30
2099,0.635133,30
2100,0.635121,30
2101,0.635109,30
2102,0.635097,30
2103,0.635085,30
2104,0.635074,30
2105,0.635062,30
2106,0.63505,30
2107,0.635038,30
2108,0.635026,30
2109,0.635014,30
2110,0.635002,30
2111,0.63499,30
2112,0.634979,30
2113,0.634967,30
2114,0.634955,30
2115,0.634943,30
2116,0.634931,30
2117,0.634919,30
2118,0.634908,30
2119,0.634896,30
2120,0.634884,30
2121,0.634872,30
2122,0.63486,30
2123,0.634849,30
2124,0.634837,30
2125,0.634825,30
2126,0.634813,30
2127,0.634802,30
2128,0.63479,30
2129,0.634778,30
2130,0.634766,30
2131,0.634755,30
2132,0.634743,30
2133,0.634731,30
2134,0.634719,30
2135,0.634708,30
2136,0.634696,30
2137,0.634684,30
2138,0.634673,30
2139,0.634661,30
2140,0.634649,30
2141,0.634638,30
2142,0.634626,30
2143,0.634614,30
2144,0.634603,30
2145,0.634591,30
2146,0.634579,30
2147,0.634568,30
2148,0.634556,30
2149,0.634544,30
2150,0.634533,30
2151,0.634521,30
2152,0.634509,30
2153,0.634498,30
2154,0.634486,30
2155,0.634475,30
2156,0.634463,30
2157,0.634452,30
2158,0.63444,30
2159,0.634428,30
2160,0.634417,30
2161,0.634405,30
2162,0.634394,30
2163,0.634382,30
2164,0.634371,30
2165,0.634359,30
2166,0.634348,30
2167,0.634336,30
2168,0.634325,30
2169,0.634313,30
2170,0.634302,30
2171,0.63429,30
2172,0.634279,30
2173,0.634267,30
2174,0.634256,30
2175,0.634244,30
2176,0.634233,30
2177,0.634221,30
2178,0.63421,30
2179,0.634198,30
2180,0.634187,30
2181,0.634175,30
2182,0.634164,30
2183,0.634153,30
2184,0.634141,30
2185,0.63413,30
2186,0.634118,30
2187,0.634107,30
2188,0.634095,30
2189,0.634084,30
2190,0.634073,30
2191,0.634061,30
2192,0.63405,30
2193,0.634039,30
2194,0.634027,30
2195,0.634016,30
2196,0.634005,30
2197,0.633993,30
2198,0.633982,30
2199,0.633971,30
2200,0.633959,30
2201,0.633948,30
2202,0.633937,30
2203,0.633925,30
2204,0.633914,30
2205,0.633903,30
2206,0.633891,30
2207,0.63388,30
2208,0.633869,30
2209,0.633858,30
2210,0.633846,30
2211,0.633835,30
2212,0.633824,30
2213,0.633812,30
2214,0.633801,30
2215,0.63379,30
2216,0.633779,30
2217,0.633768,30
2218,0.633756,30
2219,0.633745,30
2220,0.633734,30
2221,0.633723,30
2222,0.633711,30
2223,0.6337,30
2224,0.633689,30
2225,0.633678,30
2226,0.633667,30
2227,0.633656,30
2228,0.633644,30
2229,0.633633,30
2230,0.633622,30
2231,0.633611,30
2232,0.6336,30
2233,0.633589,30
2234,0.633578,30
2235,0.633566,30
2236,0.633555,30
2237,0.633544,30
2238,0.633533,30
2239,0.633522,30
2240,0.633511,30
2241,0.6335,30
2242,0.633489,30
2243,0.633478,30
2244,0.633467,30
2245,0.633455,30
2246,0.633444,30
2247,0.633433,30
2248,0.633422,30
2249,0.633411,30
2250,0.6334,30
2251,0.633389,30
2252,0.633378,30
2253,0.633367,30
2254,0.633356,30
2255,0.633345,30
2256,0.633334,30
2257,0.633323,30
2258,0.633312,30
2259,0.633301,30
2260,0.63329,30
2261,0.633279,30
2262,0.633268,30
2263,0.633257,30
2264,0.633246,30
2265,0.633235,30
2266,0.633224,30
2267,0.633213,30
2268,0.633203,30
2269,0.633192,30
2270,0.633181,30
2271,0.63317,30
2272,0.633159,30
2273,0.633148,30
2274,0.633137,30
2275,0.633126,30
2276,0.633115,30
2277,0.633104,30
2278,0.633093,30
2279,0.633083,30
2280,0.633072,30
2281,0.633061,30
2282,0.63305,30
2283,0.633039,30
2284,0.633028,30
2285,0.633017,30
2286,0.633007,30
2287,0.632996,30
2288,0.632985,30
2289,0.632974,30
2290,0.632963,30
2291,0.632953,30
2292,0.632942,30
2293,0.632931,30
2294,0.63292,30
2295,0.632909,30
2296,0.632899,30
2297,0.632888,30
2298,0.632877,30
2299,0.632866,30
2300,0.632856,30
2301,0.632845,30
2302,0.632834,30
2303,0.632823,30
2304,0.632813,30
2305,0.632802,30
2306,0.632791,30
2307,0.63278,30
2308,0.63277,30
2309,0.632759,30
2310,0.632748,30
2311,0.632738,30
2312,0.632727,30
2313,0.632716,30
2314,0.632706,30
2315,0.632695,30
2316,0.632684,30
2317,0.632674,30
2318,0.632663,30
2319,0.632652,30
2320,0.632642,30
2321,0.632631,30
2322,0.63262,30
2323,0.63261,30
2324,0.632599,30
2325,0.632588,30
2326,0.632578,30
2327,0.632567,30
2328,0.632557,30
2329,0.632546,30
2330,0.632535,30
2331,0.632525,30
2332,0.632514,30
2333,0.632504,30
2334,0.632493,30
2335,0.632483,30
2336,0.632472,30
2337,0.632461,30
2338,0.632451,30
2339,0.63244,30
2340,0.63243,30
2341,0.632419,30
2342,0.632409,30
2343,0.632398,30
2344,0.632388,30
2345,0.632377,30
2346,0.632367,30
2347,0.632356,30
2348,0.632346,30
2349,0.632335,30
2350,0.632325,30
2351,0.632314,30
2352,0.632304,30
2353,0.632293,30
2354,0.632283,30
2355,0.632272,30
2356,0.632262,30
2357,0.632251,30
2358,0.632241,30
2359,0.632231,30
2360,0.63222,30
2361,0.63221,30
2362,0.632199,30
2363,0.632189,30
2364,0.632178,30
2365,0.632168,30
2366,0.632158,30
2367,0.632147,30
2368,0.632137,30
2369,0.632127,30
2370,0.632116,30
2371,0.632106,30
2372,0.632095,30
2373,0.632085,30
2374,0.632075,30
2375,0.632064,30
2376,0.632054,30
2377,0.632044,30
2378,0.632033,30
2379,0.632023,30
2380,0.632013,30
2381,0.632002,30
2382,0.631992,30
2383,0.631982,30
2384,0.631971,30
2385,0.631961,30
2386,0.631951,30
2387,0.631941,30
2388,0.63193,30
2389,0.63192,30
2390,0.63191,30
2391,0.631899,30
2392,0.631889,30
2393,0.631879,30
2394,0.631869,30
2395,0.631858,30
2396,0.631848,30
2397,0.631838,30
2398,0.631828,30
2399,0.631818,30
2400,0.631807,30
2401,0.631797,30
2402,0.631787,30
2403,0.631777,30
2404,0.631767,30
2405,0.631756,30
2406,0.631746,30
2407,0.631736,30
2408,0.631726,30
2409,0.631716,30
2410,0.631705,30
2411,0.631695,30
2412,0.631685,30
2413,0.631675,30
2414,0.631665,30
2415,0.631655,30
2416,0.631645,30
2417,0.631634,30
2418,0.631624,30
2419,0.631614,30
2420,0.631604,30
2421,0.631594,30
2422,0.631584,30
2423,0.631574,30
2424,0.631564,30
2425,0.631554,30
2426,0.631544,30
2427,0.631533,30
2428,0.631523,30
2429,0.631513,30
2430,0.631503,30
2431,0.631493,30
2432,0.631483,30
2433,0.631473,30
2434,0.631463,30
2435,0.631453,30
2436,0.631443,30
2437,0.631433,30
2438,0.631423,30
2439,0.631413,30
2440,0.631403,30
2441,0.631393,30
2442,0.631383,30
2443,0.631373,30
2444,0.631363,30
2445,0.631353,30
2446,0.631343,30
2447,0.631333,30
2448,0.631323,30
2449,0.631313,30
2450,0.631303,30
2451,0.631293,30
2452,0.631283,30
2453,0.631273,30
2454,0.631263,30
2455,0.631253,30
2456,0.631244,30
2457,0.631234,30
2458,0.631224,30
2459,0.631214,30
2460,0.631204,30
2461,0.631194,30
2462,0.631184,30
2463,0.631174,30
2464,0.631164,30
2465,0.631154,30
2466,0.631145,30
2467,0.631135,30
2468,0.631125,30
2469,0.631115,30
2470,0.631105,30
2471,0.631095,30
2472,0.631085,30
2473,0.631076,30
2474,0.631066,30
2475,0.631056,30
2476,0.631046,30
2477,0.631036,30
2478,0.631026,30
2479,0.631017,30
2480,0.631007,30
2481,0.630997,30
2482,0.630987,30
2483,0.630977,30
2484,0.630968,30
2485,0.630958,30
2486,0.630948,30
2487,0.630938,30
2488,0.630929,30
2489,0.630919,30
2490,0.630909,30
2491,0.630899,30
2492,0.63089,30
2493,0.63088,30
2494,0.63087,30
2495,0.63086,30
2496,0.630851,30
2497,0.630841,30
2498,0.630831,30
2499,0.630821,30
2500,0.630812,30
2501,0.630802,30
2502,0.630792,30
2503,0.630783,30
2504,0.630773,30
2505,0.630763,30
2506,0.630754,30
2507,0.630744,30
2508,0.630734,30
2509,0.630725,30
2510,0.630715,30
2511,0.630705,30
2512,0.630696,30
2513,0.630686,30
2514,0.630676,30
2515,0.630667,30
2516,0.630657,30
2517,0.630648,30
2518,0.630638,30
2519,0.630628,30
2520,0.630619,30
2521,0.630609,30
2522,0.6306,30
2523,0.63059,30
2524,0.63058,30
2525,0.630571,30
2526,0.630561,30
2527,0.630552,30
2528,0.630542,30
2529,0.630533,30
2530,0.630523,30
2531,0.630513,30
2532,0.630504,30
2533,0.630494,30
2534,0.630485,30
2535,0.630475,30
2536,0.630466,30
2537,0.630456,30
2538,0.630447,30
2539,0.630437,30
2540,0.630428,30
2541,0.630418,30
2542,0.630409,30
2543,0.630399,30
2544,0.63039,30
2545,0.63038,30
2546,0.630371,30
2547,0.630361,30
2548,0.630352,30
2549,0.630342,30
2550,0.630333,30
2551,0.630323,30
2552,0.630314,30
2553,0.630305,30
2554,0.630295,30
2555,0.630286,30
2556,0.630276,30
2557,0.630267,30
2558,0.630257,30
2559,0.630248,30
2560,0.630239,30
2561,0.630229,30
2562,0.63022,30
2563,0.63021,30
2564,0.630201,30
2565,0.630192,30
2566,0.630182,30
2567,0.630173,30
2568,0.630163,30
2569,0.630154,30
2570,0.630145,30
2571,0.630135,30
2572,0.630126,30
2573,0.630117,30
2574,0.630107,30
2575,0.630098,30
2576,0.630089,30
2577,0.630079,30
2578,0.63007,30
2579,0.630061,30
2580,0.630051,30
2581,0.630042,30
2582,0.630033,30
2583,0.630023,30
2584,0.630014,30
2585,0.630005,30
2586,0.629996,30
2587,0.629986,30
2588,0.629977,30
2589,0.629968,30
2590,0.629959,30
2591,0.629949,30
2592,0.62994,30
2593,0.629931,30
2594,0.629922,30
2595,0.629912,30
2596,0.629903,30
2597,0.629894,30
2598,0.629885,30
2599,0.629875,30
2600,0.629866,30
2601,0.629857,30
2602,0.629848,30
2603,0.629839,30
2604,0.629829,30
2605,0.62982,30
2606,0.629811,30
2607,0.629802,30
2608,0.629793,30
2609,0.629783,30
2610,0.629774,30
2611,0.629765,30
2612,0.629756,30
2613,0.629747,30
2614,0.629738,30
2615,0.629728,30
2616,0.629719,30
2617,0.62971,30
2618,0.629701,30
2619,0.629692,30
2620,0.629683,30
2621,0.629674,30
2622,0.629665,30
2623,0.629655,30
2624,0.629646,30
2625,0.629637,30
2626,0.629628,30
2627,0.629619,30
2628,0.62961,30
2629,0.629601,30
2630,0.629592,30
2631,0.629583,30
2632,0.629574,30
2633,0.629565,30
2634,0.629556,30
2635,0.629547,30
2636,0.629537,30
2637,0.629528,30
2638,0.629519,30
2639,0.62951,30
2640,0.629501,30
2641,0.629492,30
2642,0.629483,30
2643,0.629474,30
2644,0.629465,30
2645,0.629456,30
2646,0.629447,30
2647,0.629438,30
2648,0.629429,30
2649,0.62942,30
2650,0.629411,30
2651,0.629402,30
2652,0.629393,30
2653,0.629384,30
2654,0.629375,30
2655,0.629366,30
2656,0.629358,30
2657,0.629349,30
2658,0.62934,30
2659,0.629331,30
2660,0.629322,30
2661,0.629313,30
2662,0.629304,30
2663,0.629295,30
2664,0.629286,30
2665,0.629277,30
2666,0.629268,30
2667,0.629259,30
2668,0.62925,30
2669,0.629242,30
2670,0.629233,30
2671,0.629224,30
2672,0.629215,30
2673,0.629206,30
2674,0.629197,30
2675,0.629188,30
2676,0.629179,30
2677,0.629171,30
2678,0.629162,30
2679,0.629153,30
2680,0.629144,30
2681,0.629135,30
2682,0.629126,30
2683,0.629117,30
2684,0.629109,30
2685,0.6291,30
2686,0.629091,30
2687,0.629082,30
2688,0.629073,30
2689,0.629065,30
2690,0.629056,30
2691,0.629047,30
2692,0.629038,30
2693,0.629029,30
2694,0.629021,30
2695,0.629012,30
2696,0.629003,30
2697,0.628994,30
2698,0.628986,30
2699,0.628977,30
2700,0.628968,30
2701,0.628959,30
2702,0.628951,30
2703,0.628942,30
2704,0.628933,30
2705,0.628924,30
2706,0.628916,30
2707,0.628907,30
2708,0.628898,30
2709,0.628889,30
2710,0.628881,30
2711,0.628872,30
2712,0.628863,30
2713,0.628855,30
2714,0.628846,30
2715,0.628837,30
2716,0.628829,30
2717,0.62882,30
2718,0.628811,30
2719,0.628803,30
2720,0.628794,30
2721,0.628785,30
2722,0.628777,30
2723,0.628768,30
2724,0.628759,30
2725,0.628751,30
2726,0.628742,30
2727,0.628733,30
2728,0.628725,30
2729,0.628716,30
2730,0.628707,30
2731,0.628699,30
2732,0.62869,30
2733,0.628682,30
2734,0.628673,30
2735,0.628664,30
2736,0.628656,30
2737,0.628647,30
2738,0.628639,30
2739,0.62863,30
2740,0.628621,30
2741,0.628613,30
2742,0.628604,30
2743,0.628596,30
2744,0.628587,30
2745,0.628579,30
2746,0.62857,30
2747,0.628562,30
2748,0.628553,30
2749,0.628544,30
2750,0.628536,30
2751,0.628527,30
2752,0.628519,30
2753,0.62851,30
2754,0.628502,30
2755,0.628493,30
2756,0.628485,30
2757,0.628476,30
2758,0.628468,30
2759,0.628459,30
2760,0.628451,30
2761,0.628442,30
2762,0.628434,30
2763,0.628425,30
2764,0.628417,30
2765,0.628408,30
2766,0.6284,30
2767,0.628392,30
2768,0.628383,30
2769,0.628375,30
2770,0.628366,30
2771,0.628358,30
2772,0.628349,30
2773,0.628341,30
2774,0.628332,30
2775,0.628324,30
2776,0.628316,30
2777,0.628307,30
2778,0.628299,30
2779,0.62829,30
2780,0.628282,30
2781,0.628274,30
2782,0.628265,30
2783,0.628257,30
2784,0.628248,30
2785,0.62824,30
2786,0.628232,30
2787,0.628223,30
2788,0.628215,30
2789,0.628207,30
2790,0.628198,30
2791,0.62819,30
2792,0.628182,30
2793,0.628173,30
2794,0.628165,30
2795,0.628157,30
2796,0.628148,30
2797,0.62814,30
2798,0.628132,30
2799,0.628123,30
2800,0.628115,30
2801,0.628107,30
2802,0.628098,30
2803,0.62809,30
2804,0.628082,30
2805,0.628073,30
2806,0.628065,30
2807,0.628057,30
2808,0.628049,30
2809,0.62804,30
2810,0.628032,30
2811,0.628024,30
2812,0.628015,30
2813,0.628007,30
2814,0.627999,30
2815,0.627991,30
2816,0.627982,30
2817,0.627974,30
2818,0.627966,30
2819,0.627958,30
2820,0.627949,30
2821,0.627941,30
2822,0.627933,30
2823,0.627925,30
2824,0.627917,30
2825,0.627908,30
2826,0.6279,30
2827,0.627892,30
2828,0.627884,30
2829,0.627876,30
2830,0.627867,30
2831,0.627859,30
2832,0.627851,30
2833,0.627843,30
2834,0.627835,30
2835,0.627827,30
2836,0.627818,30
2837,0.62781,30
2838,0.627802,30
2839,0.627794,30
2840,0.627786,30
2841,0.627778,30
2842,0.627769,30
2843,0.627761,30
2844,0.627753,30
2845,0.627745,30
2846,0.627737,30
2847,0.627729,30
2848,0.627721,30
2849,0.627713,30
2850,0.627704,30
2851,0.627696,30
2852,0.627688,30
2853,0.62768,30
2854,0.627672,30
2855,0.627664,30
2856,0.627656,30
2857,0.627648,30
2858,0.62764,30
2859,0.627632,30
2860,0.627624,30
2861,0.627616,30
2862,0.627608,30
2863,0.6276,30
2864,0.627591,30
2865,0.627583,30
2866,0.627575,30
2867,0.627567,30
2868,0.627559,30
2869,0.627551,30
2870,0.627543,30
2871,0.627535,30
2872,0.627527,30
2873,0.627519,30
2874,0.627511,30
2875,0.627503,30
2876,0.627495,30
2877,0.627487,30
2878,0.627479,30
2879,0.627471,30
2880,0.627463,30
2881,0.627455,30
2882,0.627447,30
2883,0.627439,30
2884,0.627431,30
2885,0.627423,30
2886,0.627415,30
2887,0.627408,30
2888,0.6274,30
2889,0.627392,30
2890,0.627384,30
2891,0.627376,30
2892,0.627368,30
2893,0.62736,30
2894,0.627352,30
2895,0.627344,30
2896,0.627336,30
2897,0.627328,30
2898,0.62732,30
2899,0.627312,30
2900,0.627305,30
2901,0.627297,30
2902,0.627289,30
2903,0.627281,30
2904,0.627273,30
2905,0.627265,30
2906,0.627257,30
2907,0.627249,30
2908,0.627241,30
2909,0.627234,30
2910,0.627226,30
2911,0.627218,30
2912,0.62721,30
2913,0.627202,30
2914,0.627194,30
2915,0.627187,30
2916,0.627179,30
2917,0.627171,30
2918,0.627163,30
2919,0.627155,30
2920,0.627147,30
2921,0.62714,30
2922,0.627132,30
2923,0.627124,30
2924,0.627116,30
2925,0.627108,30
2926,0.627101,30
2927,0.627093,30
2928,0.627085,30
2929,0.627077,30
2930,0.627069,30
2931,0.627062,30
2932,0.627054,30
2933,0.627046,30
2934,0.627038,30
2935,0.627031,30
2936,0.627023,30
2937,0.627015,30
2938,0.627007,30
2939,0.627,30
2940,0.626992,30
2941,0.626984,30
2942,0.626976,30
2943,0.626969,30
2944,0.626961,30
2945,0.626953,30
2946,0.626946,30
2947,0.626938,30
2948,0.62693,30
2949,0.626922,30
2950,0.626915,30
2951,0.626907,30
2952,0.626899,30
2953,0.626892,30
2954,0.626884,30
2955,0.626876,30
2956,0.626869,30
2957,0.626861,30
2958,0.626853,30
2959,0.626846,30
2960,0.626838,30
2961,0.62683,30
2962,0.626823,30
2963,0.626815,30
2964,0.626807,30
2965,0.6268,30
2966,0.626792,30
2967,0.626784,30
2968,0.626777,30
2969,0.626769,30
2970,0.626762,30
2971,0.626754,30
2972,0.626746,30
2973,0.626739,30
2974,0.626731,30
2975,0.626724,30
2976,0.626716,30
2977,0.626708,30
2978,0.626701,30
2979,0.626693,30
2980,0.626686,30
2981,0.626678,30
2982,0.62667,30
2983,0.626663,30
2984,0.626655,30
2985,0.626648,30
2986,0.62664,30
2987,0.626633,30
2988,0.626625,30
2989,0.626618,30
2990,0.62661,30
2991,0.626602,30
2992,0.626595,30
2993,0.626587,30
2994,0.62658,30
2995,0.626572,30
2996,0.626565,30
2997,0.626557,30
2998,0.62655,30
2999,0.626542,30
3000,0.626535,30
3001,0.626527,30
3002,0.62652,30
3003,0.626512,30
3004,0.626505,30
3005,0.626497,30
3006,0.62649,30
3007,0.626482,30
3008,0.626475,30
3009,0.626467,30
3010,0.62646,30
3011,0.626452,30
3012,0.626445,30
3013,0.626438,30
3014,0.62643,30
3015,0.626423,30
3016,0.626415,30
3017,0.626408,30
3018,0.6264,30
3019,0.626393,30
3020,0.626386,30
3021,0.626378,30
3022,0.626371,30
3023,0.626363,30
3024,0.626356,30
3025,0.626348,30
3026,0.626341,30
3027,0.626334,30
3028,0.626326,30
3029,0.626319,30
3030,0.626311,30
3031,0.626304,30
3032,0.626297,30
3033,0.626289,30
3034,0.626282,30
3035,0.626275,30
3036,0.626267,30
3037,0.62626,30
3038,0.626252,30
3039,0.626245,30
3040,0.626238,30
3041,0.62623,30
3042,0.626223,30
3043,0.626216,30
3044,0.626208,30
3045,0.626201,30
3046,0.626194,30
3047,0.626186,30
3048,0.626179,30
3049,0.626172,30
3050,0.626164,30
3051,0.626157,30
3052,0.62615,30
3053,0.626143,30
3054,0.626135,30
3055,0.626128,30
3056,0.626121,30
3057,0.626113,30
3058,0.626106,30
3059,0.626099,30
3060,0.626092,30
3061,0.626084,30
3062,0.626077,30
3063,0.62607,30
3064,0.626062,30
3065,0.626055,30
3066,0.626048,30
3067,0.626041,30
3068,0.626033,30
3069,0.626026,30
3070,0.626019,30
3071,0.626012,30
3072,0.626005,30
3073,0.625997,30
3074,0.62599,30
3075,0.625983,30
3076,0.625976,30
3077,0.625968,30
3078,0.625961,30
3079,0.625954,30
3080,0.625947,30
3081,0.62594,30
3082,0.625932,30
3083,0.625925,30
3084,0.625918,30
3085,0.625911,30
3086,0.625904,30
3087,0.625897,30
3088,0.625889,30
3089,0.625882,30
3090,0.625875,30
3091,0.625868,30
3092,0.625861,30
3093,0.625854,30
3094,0.625846,30
3095,0.625839,30
3096,0.625832,30
3097,0.625825,30
3098,0.625818,30
3099,0.625811,30
3100,0.625804,30
3101,0.625796,30
3102,0.625789,30
3103,0.625782,30
3104,0.625775,30
3105,0.625768,30
3106,0.625761,30
3107,0.625754,30
3108,0.625747,30
3109,0.62574,30
3110,0.625732,30
3111,0.625725,30
3112,0.625718,30
3113,0.625711,30
3114,0.625704,30
3115,0.625697,30
3116,0.62569,30
3117,0.625683,30
3118,0.625676,30
3119,0.625669,30
3120,0.625662,30
3121,0.625655,30
3122,0.625648,30
3123,0.625641,30
3124,0.625634,30
3125,0.625627,30
3126,0.62562,30
3127,0.625612,30
3128,0.625605,30
3129,0.625598,30
3130,0.625591,30
3131,0.625584,30
3132,0.625577,30
3133,0.62557,30
3134,0.625563,30
3135,0.625556,30
3136,0.625549,30
3137,0.625542,30
3138,0.625535,30
3139,0.625528,30
3140,0.625521,30
3141,0.625514,30
3142,0.625507,30
3143,0.625501,30
3144,0.625494,30
3145,0.625487,30
3146,0.62548,30
3147,0.625473,30
3148,0.625466,30
3149,0.625459,30
3150,0.625452,30
3151,0.625445,30
3152,0.625438,30
3153,0.625431,30
3154,0.625424,30
3155,0.625417,30
3156,0.62541,30
3157,0.625403,30
3158,0.625396,30
3159,0.625389,30
3160,0.625383,30
3161,0.625376,30
3162,0.625369,30
3163,0.625362,30
3164,0.625355,30
3165,0.625348,30
3166,0.625341,30
3167,0.625334,30
3168,0.625327,30
3169,0.62532,30
3170,0.625314,30
3171,0.625307,30
3172,0.6253,30
3173,0.625293,30
3174,0.625286,30
3175,0.625279,30
3176,0.625272,30
3177,0.625266,30
3178,0.625259,30
3179,0.625252,30
3180,0.625245,30
3181,0.625238,30
3182,0.625231,30
3183,0.625225,30
3184,0.625218,30
3185,0.625211,30
3186,0.625204,30
3187,0.625197,30
3188,0.62519,30
3189,0.625184,30
3190,0.625177,30
3191,0.62517,30
3192,0.625163,30
3193,0.625156,30
3194,0.62515,30
3195,0.625143,30
3196,0.625136,30
3197,0.625129,30
3198,0.625122,30
3199,0.625116,30
3200,0.625109,30
3201,0.625102,30
3202,0.625095,30
3203,0.625089,30
3204,0.625082,30
3205,0.625075,30
3206,0.625068,30
3207,0.625062,30
3208,0.625055,30
3209,0.625048,30
3210,0.625041,30
3211,0.625035,30
3212,0.625028,30
3213,0.625021,30
3214,0.625015,30
3215,0.625008,30
3216,0.625001,30
3217,0.624994,30
3218,0.624988,30
3219,0.624981,30
3220,0.624974,30
3221,0.624968,30
3222,0.624961,30
3223,0.624954,30
3224,0.624947,30
3225,0.624941,30
3226,0.624934,30
3227,0.624927,30
3228,0.624921,30
3229,0.624914,30
3230,0.624907,30
3231,0.624901,30
3232,0.624894,30
3233,0.624887,30
3234,0.624881,30
3235,0.624874,30
3236,0.624867,30
3237,0.624861,30
3238,0.624854,30
3239,0.624848,30
3240,0.624841,30
3241,0.624834,30
3242,0.624828,30
3243,0.624821,30
3244,0.624814,30
3245,0.624808,30
3246,0.624801,30
3247,0.624795,30
3248,0.624788,30
3249,0.624781,30
3250,0.624775,30
3251,0.624768,30
3252,0.624762,30
3253,0.624755,30
3254,0.624748,30
3255,0.624742,30
3256,0.624735,30
3257,0.624729,30
3258,0.624722,30
3259,0.624716,30
3260,0.624709,30
3261,0.624702,30
3262,0.624696,30
3263,0.624689,30
3264,0.624683,30
3265,0.624676,30
3266,0.62467,30
3267,0.624663,30
3268,0.624657,30
3269,0.62465,30
3270,0.624644,30
3271,0.624637,30
3272,0.62463,30
3273,0.624624,30
3274,0.624617,30
3275,0.624611,30
3276,0.624604,30
3277,0.624598,30
3278,0.624591,30
3279,0.624585,30
3280,0.624578,30
3281,0.624572,30
3282,0.624565,30
3283,0.624559,30
3284,0.624552,30
3285,0.624546,30
3286,0.624539,30
3287,0.624533,30
3288,0.624527,30
3289,0.62452,30
3290,0.624514,30
3291,0.624507,30
3292,0.624501,30
3293,0.624494,30
3294,0.624488,30
3295,0.624481,30
3296,0.624475,30
3297,0.624468,30
3298,0.624462,30
3299,0.624456,30
3300,0.624449,30
3301,0.624443,30
3302,0.624436,30
3303,0.62443,30
3304,0.624423,30
3305,0.624417,30
3306,0.624411,30
3307,0.624404,30
3308,0.624398,30
3309,0.624391,30
3310,0.624385,30
3311,0.624379,30
3312,0.624372,30
3313,0.624366,30
3314,0.624359,30
3315,0.624353,30
3316,0.624347,30
3317,0.62434,30
3318,0.624334,30
3319,0.624328,30
3320,0.624321,30
3321,0.624315,30
3322,0.624308,30
3323,0.624302,30
3324,0.624296,30
3325,0.624289,30
3326,0.624283,30
3327,0.624277,30
3328,0.62427,30
3329,0.624264,30
3330,0.624258,30
3331,0.624251,30
3332,0.624245,30
3333,0.624239,30
3334,0.624232,30
3335,0.624226,30
3336,0.62422,30
3337,0.624213,30
3338,0.624207,30
3339,0.624201,30
3340,0.624194,30
3341,0.624188,30
3342,0.624182,30
3343,0.624176,30
3344,0.624169,30
3345,0.624163,30
3346,0.624157,30
3347,0.62415,30
3348,0.624144,30
3349,0.624138,30
3350,0.624132,30
3351,0.624125,30
3352,0.624119,30
3353,0.624113,30
3354,0.624107,30
3355,0.6241,30
3356,0.624094,30
3357,0.624088,30
3358,0.624082,30
3359,0.624075,30
3360,0.624069,30
3361,0.624063,30
3362,0.624057,30
3363,0.62405,30
3364,0.624044,30
3365,0.624038,30
3366,0.624032,30
3367,0.624026,30
3368,0.624019,30
3369,0.624013,30
3370,0.624007,30
3371,0.624001,30
3372,0.623995,30
3373,0.623988,30
3374,0.623982,30
3375,0.623976,30
3376,0.62397,30
3377,0.623964,30
3378,0.623957,30
3379,0.623951,30
3380,0.623945,30
3381,0.623939,30
3382,0.623933,30
3383,0.623927,30
3384,0.62392,30
3385,0.623914,30
3386,0.623908,30
3387,0.623902,30
3388,0.623896,30
3389,0.62389,30
3390,0.623883,30
3391,0.623877,30
3392,0.623871,30
3393,0.623865,30
3394,0.623859,30
3395,0.623853,30
3396,0.623847,30
3397,0.623841,30
3398,0.623834,30
3399,0.623828,30
3400,0.623822,30
3401,0.623816,30
3402,0.62381,30
3403,0.623804,30
3404,0.623798,30
3405,0.623792,30
3406,0.623786,30
3407,0.62378,30
3408,0.623773,30
3409,0.623767,30
3410,0.623761,30
3411,0.623755,30
3412,0.623749,30
3413,0.623743,30
3414,0.623737,30
3415,0.623731,30
3416,0.623725,30
3417,0.623719,30
3418,0.623713,30
3419,0.623707,30
3420,0.623701,30
3421,0.623695,30
3422,0.623689,30
3423,0.623683,30
3424,0.623677,30
3425,0.62367,30
3426,0.623664,30
3427,0.623658,30
3428,0.623652,30
3429,0.623646,30
3430,0.62364,30
3431,0.623634,30
3432,0.623628,30
3433,0.623622,30
3434,0.623616,30
3435,0.62361,30
3436,0.623604,30
3437,0.623598,30
3438,0.623592,30
3439,0.623586,30
3440,0.62358,30
3441,0.623574,30
3442,0.623568,30
3443,0.623562,30
3444,0.623556,30
3445,0.62355,30
3446,0.623544,30
3447,0.623539,30
3448,0.623533,30
3449,0.623527,30
3450,0.623521,30
3451,0.623515,30
3452,0.623509,30
3453,0.623503,30
3454,0.623497,30
3455,0.623491,30
3456,0.623485,30
3457,0.623479,30
3458,0.623473,30
3459,0.623467,30
3460,0.623461,30
3461,0.623455,30
3462,0.623449,30
3463,0.623443,30
3464,0.623438,30
3465,0.623432,30
3466,0.623426,30
3467,0.62342,30
3468,0.623414,30
3469,0.623408,30
3470,0.623402,30
3471,0.623396,30
3472,0.62339,30
3473,0.623384,30
3474,0.623379,30
3475,0.623373,30
3476,0.623367,30
3477,0.623361,30
3478,0.623355,30
3479,0.623349,30
3480,0.623343,30
3481,0.623338,30
3482,0.623332,30
3483,0.623326,30
3484,0.62332,30
3485,0.623314,30
3486,0.623308,30
3487,0.623302,30
3488,0.623297,30
3489,0.623291,30
3490,0.623285,30
3491,0.623279,30
3492,0.623273,30
3493,0.623267,30
3494,0.623262,30
3495,0.623256,30
3496,0.62325,30
3497,0.623244,30
3498,0.623238,30
3499,0.623232,30
3500,0.623227,30
3501,0.623221,30
3502,0.623215,30
3503,0.623209,30
3504,0.623203,30
3505,0.623198,30
3506,0.623192,30
3507,0.623186,30
3508,0.62318,30
3509,0.623175,30
3510,0.623169,30
3511,0.623163,30
3512,0.623157,30
3513,0.623151,30
3514,0.623146,30
3515,0.62314,30
3516,0.623134,30
3517,0.623128,30
3518,0.623123,30
3519,0.623117,30
3520,0.623111,30
3521,0.623105,30
3522,0.6231,30
3523,0.623094,30
3524,0.623088,30
3525,0.623083,30
3526,0.623077,30
3527,0.623071,30
3528,0.623065,30
3529,0.62306,30
3530,0.623054,30
3531,0.623048,30
3532,0.623042,30
3533,0.623037,30
3534,0.623031,30
3535,0.623025,30
3536,0.62302,30
3537,0.623014,30
3538,0.623008,30
3539,0.623003,30
3540,0.622997,30
3541,0.622991,30
3542,0.622986,30
3543,0.62298,30
3544,0.622974,30
3545,0.622968,30
3546,0.622963,30
3547,0.622957,30
3548,0.622951,30
3549,0.622946,30
3550,0.62294,30
3551,0.622935,30
3552,0.622929,30
3553,0.622923,30
3554,0.622918,30
3555,0.622912,30
3556,0.622906,30
3557,0.622901,30
3558,0.622895,30
3559,0.622889,30
3560,0.622884,30
3561,0.622878,30
3562,0.622872,30
3563,0.622867,30
3564,0.622861,30
3565,0.622856,30
3566,0.62285,30
3567,0.622844,30
3568,0.622839,30
3569,0.622833,30
3570,0.622828,30
3571,0.622822,30
3572,0.622816,30
3573,0.622811,30
3574,0.622805,30
3575,0.6228,30
3576,0.622794,30
3577,0.622788,30
3578,0.622783,30
3579,0.622777,30
3580,0.622772,30
3581,0.622766,30
3582,0.622761,30
3583,0.622755,30
3584,0.622749,30
3585,0.622744,30
3586,0.622738,30
3587,0.622733,30
3588,0.622727,30
3589,0.622722,30
3590,0.622716,30
3591,0.622711,30
3592,0.622705,30
3593,0.6227,30
3594,0.622694,30
3595,0.622689,30
3596,0.622683,30
3597,0.622677,30
3598,0.622672,30
3599,0.622666,30
3600,0.622661,30
3601,0.622655,30
3602,0.62265,30
3603,0.622644,30
3604,0.622639,30
3605,0.622633,30
3606,0.622628,30
3607,0.622622,30
3608,0.622617,30
3609,0.622611,30
3610,0.622606,30
3611,0.6226,30
3612,0.622595,30
3613,0.622589,30
3614,0.622584,30
3615,0.622579,30
3616,0.622573,30
3617,0.622568,30
3618,0.622562,30
3619,0.622557,30
3620,0.622551,30
3621,0.622546,30
3622,0.62254,30
3623,0.622535,30
3624,0.622529,30
3625,0.622524,30
3626,0.622518,30
3627,0.622513,30
3628,0.622508,30
3629,0.622502,30
3630,0.622497,30
3631,0.622491,30
3632,0.622486,30
3633,0.62248,30
3634,0.622475,30
3635,0.62247,30
3636,0.622464,30
3637,0.622459,30
3638,0.622453,30
3639,0.622448,30
3640,0.622443,30
3641,0.622437,30
3642,0.622432,30
3643,0.622426,30
3644,0.622421,30
3645,0.622416,30
3646,0.62241,30
3647,0.622405,30
3648,0.622399,30
3649,0.622394,30
3650,0.622389,30
3651,0.622383,30
3652,0.622378,30
3653,0.622373,30
3654,0.622367,30
3655,0.622362,30
3656,0.622356,30
3657,0.622351,30
3658,0.622346,30
3659,0.62234,30
3660,0.622335,30
3661,0.62233,30
3662,0.622324,30
3663,0.622319,30
3664,0.622314,30
3665,0.622308,30
3666,0.622303,30
3667,0.622298,30
3668,0.622292,30
3669,0.622287,30
3670,0.622282,30
3671,0.622276,30
3672,0.622271,30
3673,0.622266,30
3674,0.62226,30
3675,0.622255,30
3676,0.62225,30
3677,0.622245,30
3678,0.622239,30
3679,0.622234,30
3680,0.622229,30
3681,0.622223,30
3682,0.622218,30
3683,0.622213,30
3684,0.622208,30
3685,0.622202,30
3686,0.622197,30
3687,0.622192,30
3688,0.622186,30
3689,0.622181,30
3690,0.622176,30
3691,0.622171,30
3692,0.622165,30
3693,0.62216,30
3694,0.622155,30
3695,0.62215,30
3696,0.622144,30
3697,0.622139,30
3698,0.622134,30
3699,0.622129,30
3700,0.622123,30
3701,0.622118,30
3702,0.622113,30
3703,0.622108,30
3704,0.622102,30
3705,0.622097,30
3706,0.622092,30
3707,0.622087,30
3708,0.622082,30
3709,0.622076,30
3710,0.622071,30
3711,0.622066,30
3712,0.622061,30
3713,0.622055,30
3714,0.62205,30
3715,0.622045,30
3716,0.62204,30
3717,0.622035,30
3718,0.622029,30
3719,0.622024,30
3720,0.622019,30
3721,0.622014,30
3722,0.622009,30
3723,0.622004,30
3724,0.621998,30
3725,0.621993,30
3726,0.621988,30
3727,0.621983,30
3728,0.621978,30
3729,0.621973,30
3730,0.621967,30
3731,0.621962,30
3732,0.621957,30
3733,0.621952,30
3734,0.621947,30
3735,0.621942,30
3736,0.621936,30
3737,0.621931,30
3738,0.621926,30
3739,0.621921,30
3740,0.621916,30
3741,0.621911,30
3742,0.621906,30
3743,0.621901,30
3744,0.621895,30
3745,0.62189,30
3746,0.621885,30
3747,0.62188,30
3748,0.621875,30
3749,0.62187,30
3750,0.621865,30
3751,0.62186,30
3752,0.621855,30
3753,0.621849,30
3754,0.621844,30
3755,0.621839,30
3756,0.621834,30
3757,0.621829,30
3758,0.621824,30
3759,0.621819,30
3760,0.621814,30
3761,0.621809,30
3762,0.621804,30
3763,0.621799,30
3764,0.621793,30
3765,0.621788,30
3766,0.621783,30
3767,0.621778,30
3768,0.621773,30
3769,0.621768,30
3770,0.621763,30
3771,0.621758,30
3772,0.621753,30
3773,0.621748,30
3774,0.621743,30
3775,0.621738,30
3776,0.621733,30
3777,0.621728,30
3778,0.621723,30
3779,0.621718,30
3780,0.621713,30
3781,0.621708,30
3782,0.621703,30
3783,0.621698,30
3784,0.621693,30
3785,0.621688,30
3786,0.621683,30
3787,0.621678,30
3788,0.621673,30
3789,0.621668,30
3790,0.621663,30
3791,0.621658,30
3792,0.621653,30
3793,0.621648,30
3794,0.621643,30
3795,0.621638,30
3796,0.621633,30
3797,0.621628,30
3798,0.621623,30
3799,0.621618,30
3800,0.621613,30
3801,0.621608,30
3802,0.621603,30
3803,0.621598,30
3804,0.621593,30
3805,0.621588,30
3806,0.621583,30
3807,0.621578,30
3808,0.621573,30
3809,0.621568,30
3810,0.621563,30
3811,0.621558,30
3812,0.621553,30
3813,0.621548,30
3814,0.621543,30
3815,0.621538,30
3816,0.621533,30
3817,0.621528,30
3818,0.621523,30
3819,0.621519,30
3820,0.621514,30
3821,0.621509,30
3822,0.621504,30
3823,0.621499,30
3824,0.621494,30
3825,0.621489,30
3826,0.621484,30
3827,0.621479,30
3828,0.621474,30
3829,0.621469,30
3830,0.621464,30
3831,0.62146,30
3832,0.621455,30
3833,0.62145,30
3834,0.621445,30
3835,0.62144,30
3836,0.621435,30
3837,0.62143,30
3838,0.621425,30
3839,0.62142,30
3840,0.621416,30
3841,0.621411,30
3842,0.621406,30
3843,0.621401,30
3844,0.621396,30
3845,0.621391,30
3846,0.621386,30
3847,0.621381,30
3848,0.621377,30
3849,0.621372,30
3850,0.621367,30
3851,0.621362,30
3852,0.621357,30
3853,0.621352,30
3854,0.621348,30
3855,0.621343,30
3856,0.621338,30
3857,0.621333,30
3858,0.621328,30
3859,0.621323,30
3860,0.621319,30
3861,0.621314,30
3862,0.621309,30
3863,0.621304,30
3864,0.621299,30
3865,0.621294,30
3866,0.62129,30
3867,0.621285,30
3868,0.62128,30
3869,0.621275,30
3870,0.62127,30
3871,0.621266,30
3872,0.621261,30
3873,0.621256,30
3874,0.621251,30
3875,0.621246,30
3876,0.621242,30
3877,0.621237,30
3878,0.621232,30
3879,0.621227,30
3880,0.621222,30
3881,0.621218,30
3882,0.621213,30
3883,0.621208,30
3884,0.621203,30
3885,0.621199,30
3886,0.621194,30
3887,0.621189,30
3888,0.621184,30
3889,0.62118,30
3890,0.621175,30
3891,0.62117,30
3892,0.621165,30
3893,0.621161,30
3894,0.621156,30
3895,0.621151,30
3896,0.621146,30
3897,0.621142,30
3898,0.621137,30
3899,0.621132,30
3900,0.621127,30
3901,0.621123,30
3902,0.621118,30
3903,0.621113,30
3904,0.621108,30
3905,0.621104,30
3906,0.621099,30
3907,0.621094,30
3908,0.62109,30
3909,0.621085,30
3910,0.62108,30
3911,0.621075,30
3912,0.621071,30
3913,0.621066,30
3914,0.621061,30
3915,0.621057,30
3916,0.621052,30
3917,0.621047,30
3918,0.621043,30
3919,0.621038,30
3920,0.621033,30
3921,0.621029,30
3922,0.621024,30
3923,0.621019,30
3924,0.621015,30
3925,0.62101,30
3926,0.621005,30
3927,0.621001,30
3928,0.620996,30
3929,0.620991,30
3930,0.620987,30
3931,0.620982,30
3932,0.620977,30
3933,0.620973,30
3934,0.620968,30
3935,0.620963,30
3936,0.620959,30
3937,0.620954,30
3938,0.620949,30
3939,0.620945,30
3940,0.62094,30
3941,0.620935,30
3942,0.620931,30
3943,0.620926,30
3944,0.620922,30
3945,0.620917,30
3946,0.620912,30
3947,0.620908,30
3948,0.620903,30
3949,0.620898,30
3950,0.620894,30
3951,0.620889,30
3952,0.620885,30
3953,0.62088,30
3954,0.620875,30
3955,0.620871,30
3956,0.620866,30
3957,0.620862,30
3958,0.620857,30
3959,0.620852,30
3960,0.620848,30
3961,0.620843,30
3962,0.620839,30
3963,0.620834,30
3964,0.62083,30
3965,0.620825,30
3966,0.62082,30
3967,0.620816,30
3968,0.620811,30
3969,0.620807,30
3970,0.620802,30
3971,0.620798,30
3972,0.620793,30
3973,0.620788,30
3974,0.620784,30
3975,0.620779,30
3976,0.620775,30
3977,0.62077,30
3978,0.620766,30
3979,0.620761,30
3980,0.620757,30
3981,0.620752,30
3982,0.620748,30
3983,0.620743,30
3984,0.620738,30
3985,0.620734,30
3986,0.620729,30
3987,0.620725,30
3988,0.62072,30
3989,0.620716,30
3990,0.620711,30
3991,0.620707,30
3992,0.620702,30
3993,0.620698,30
3994,0.620693,30
3995,0.620689,30
3996,0.620684,30
3997,0.62068,30
3998,0.620675,30
3999,0.620671,30
4000,0.620666,30
4001,0.620662,30
4002,0.620657,30
4003,0.620653,30
4004,0.620648,30
4005,0.620644,30
4006,0.620639,30
4007,0.620635,30
4008,0.62063,30
4009,0.620626,30
4010,0.620621,30
4011,0.620617,30
4012,0.620613,30
4013,0.620608,30
4014,0.620604,30
4015,0.620599,30
4016,0.620595,30
4017,0.62059,30
4018,0.620586,30
4019,0.620581,30
4020,0.620577,30
4021,0.620572,30
4022,0.620568,30
4023,0.620564,30
4024,0.620559,30
4025,0.620555,30
4026,0.62055,30
4027,0.620546,30
4028,0.620541,30
4029,0.620537,30
4030,0.620533,30
4031,0.620528,30
4032,0.620524,30
4033,0.620519,30
4034,0.620515,30
4035,0.62051,30
4036,0.620506,30
4037,0.620502,30
4038,0.620497,30
4039,0.620493,30
4040,0.620488,30
4041,0.620484,30
4042,0.62048,30
4043,0.620475,30
4044,0.620471,30
4045,0.620466,30
4046,0.620462,30
4047,0.620458,30
4048,0.620453,30
4049,0.620449,30
4050,0.620444,30
4051,0.62044,30
4052,0.620436,30
4053,0.620431,30
4054,0.620427,30
4055,0.620423,30
4056,0.620418,30
4057,0.620414,30
4058,0.620409,30
4059,0.620405,30
4060,0.620401,30
4061,0.620396,30
4062,0.620392,30
4063,0.620388,30
4064,0.620383,30
4065,0.620379,30
4066,0.620375,30
4067,0.62037,30
4068,0.620366,30
4069,0.620362,30
4070,0.620357,30
4071,0.620353,30
4072,0.620349,30
4073,0.620344,30
4074,0.62034,30
4075,0.620336,30
4076,0.620331,30
4077,0.620327,30
4078,0.620323,30
4079,0.620318,30
4080,0.620314,30
4081,0.62031,30
4082,0.620305,30
4083,0.620301,30
4084,0.620297,30
4085,0.620292,30
4086,0.620288,30
4087,0.620284,30
4088,0.62028,30
4089,0.620275,30
4090,0.620271,30
4091,0.620267,30
4092,0.620262,30
4093,0.620258,30
4094,0.620254,30
4095,0.62025,30
4096,0.620245,30
4097,0.620241,30
4098,0.620237,30
4099,0.620232,30
4100,0.620228,30
4101,0.620224,30
4102,0.62022,30
4103,0.620215,30
4104,0.620211,30
4105,0.620207,30
4106,0.620203,30
4107,0.620198,30
4108,0.620194,30
4109,0.62019,30
4110,0.620186,30
4111,0.620181,30
4112,0.620177,30
4113,0.620173,30
4114,0.620169,30
4115,0.620164,30
4116,0.62016,30
4117,0.620156,30
4118,0.620152,30
4119,0.620147,30
4120,0.620143,30
4121,0.620139,30
4122,0.620135,30
4123,0.620131,30
4124,0.620126,30
4125,0.620122,30
4126,0.620118,30
4127,0.620114,30
4128,0.620109,30
4129,0.620105,30
4130,0.620101,30
4131,0.620097,30
4132,0.620093,30
4133,0.620088,30
4134,0.620084,30
4135,0.62008,30
4136,0.620076,30
4137,0.620072,30
4138,0.620067,30
4139,0.620063,30
4140,0.620059,30
4141,0.620055,30
4142,0.620051,30
4143,0.620047,30
4144,0.620042,30
4145,0.620038,30
4146,0.620034,30
4147,0.62003,30
4148,0.620026,30
4149,0.620022,30
4150,0.620017,30
4151,0.620013,30
4152,0.620009,30
4153,0.620005,30
4154,0.620001,30
4155,0.619997,30
4156,0.619992,30
4157,0.619988,30
4158,0.619984,30
4159,0.61998,30
4160,0.619976,30
4161,0.619972,30
4162,0.619968,30
4163,0.619963,30
4164,0.619959,30
4165,0.619955,30
4166,0.619951,30
4167,0.619947,30
4168,0.619943,30
4169,0.619939,30
4170,0.619935,30
4171,0.61993,30
4172,0.619926,30
4173,0.619922,30
4174,0.619918,30
4175,0.619914,30
4176,0.61991,30
4177,0.619906,30
4178,0.619902,30
4179,0.619898,30
4180,0.619893,30
4181,0.619889,30
4182,0.619885,30
4183,0.619881,30
4184,0.619877,30
4185,0.619873,30
4186,0.619869,30
4187,0.619865,30
4188,0.619861,30
4189,0.619857,30
4190,0.619853,30
4191,0.619848,30
4192,0.619844,30
4193,0.61984,30
4194,0.619836,30
4195,0.619832,30
4196,0.619828,30
4197,0.619824,30
4198,0.61982,30
4199,0.619816,30
4200,0.619812,30
4201,0.619808,30
4202,0.619804,30
4203,0.6198,30
4204,0.619796,30
4205,0.619792,30
4206,0.619788,30
4207,0.619784,30
4208,0.619779,30
4209,0.619775,30
4210,0.619771,30
4211,0.619767,30
4212,0.619763,30
4213,0.619759,30
4214,0.619755,30
4215,0.619751,30
4216,0.619747,30
4217,0.619743,30
4218,0.619739,30
4219,0.619735,30
4220,0.619731,30
4221,0.619727,30
4222,0.619723,30
4223,0.619719,30
4224,0.619715,30
4225,0.619711,30
4226,0.619707,30
4227,0.619703,30
4228,0.619699,30
4229,0.619695,30
4230,0.619691,30
4231,0.619687,30
4232,0.619683,30
4233,0.619679,30
4234,0.619675,30
4235,0.619671,30
4236,0.619667,30
4237,0.619663,30
4238,0.619659,30
4239,0.619655,30
4240,0.619651,30
4241,0.619647,30
4242,0.619643,30
4243,0.619639,30
4244,0.619635,30
4245,0.619631,30
4246,0.619627,30
4247,0.619623,30
4248,0.619619,30
4249,0.619616,30
4250,0.619612,30
4251,0.619608,30
4252,0.619604,30
4253,0.6196,30
4254,0.619596,30
4255,0.619592,30
4256,0.619588,30
4257,0.619584,30
4258,0.61958,30
4259,0.619576,30
4260,0.619572,30
4261,0.619568,30
4262,0.619564,30
4263,0.61956,30
4264,0.619556,30
4265,0.619552,30
4266,0.619549,30
4267,0.619545,30
4268,0.619541,30
4269,0.619537,30
4270,0.619533,30
4271,0.619529,30
4272,0.619525,30
4273,0.619521,30
4274,0.619517,30
4275,0.619513,30
4276,0.619509,30
4277,0.619505,30
4278,0.619502,30
4279,0.619498,30
4280,0.619494,30
4281,0.61949,30
4282,0.619486,30
4283,0.619482,30
4284,0.619478,30
4285,0.619474,30
4286,0.61947,30
4287,0.619467,30
4288,0.619463,30
4289,0.619459,30
4290,0.619455,30
4291,0.619451,30
4292,0.619447,30
4293,0.619443,30
4294,0.619439,30
4295,0.619436,30
4296,0.619432,30
4297,0.619428,30
4298,0.619424,30
4299,0.61942,30
4300,0.619416,30
4301,0.619412,30
4302,0.619409,30
4303,0.619405,30
4304,0.619401,30
4305,0.619397,30
4306,0.619393,30
4307,0.619389,30
4308,0.619385,30
4309,0.619382,30
4310,0.619378,30
4311,0.619374,30
4312,0.61937,30
4313,0.619366,30
4314,0.619362,30
4315,0.619359,30
4316,0.619355,30
4317,0.619351,30
4318,0.619347,30
4319,0.619343,30
4320,0.61934,30
4321,0.619336,30
4322,0.619332,30
4323,0.619328,30
4324,0.619324,30
4325,0.61932,30
4326,0.619317,30
4327,0.619313,30
4328,0.619309,30
4329,0.619305,30
4330,0.619301,30
4331,0.619298,30
4332,0.619294,30
4333,0.61929,30
4334,0.619286,30
4335,0.619283,30
4336,0.619279,30
4337,0.619275,30
4338,0.619271,30
4339,0.619267,30
4340,0.619264,30
4341,0.61926,30
4342,0.619256,30
4343,0.619252,30
4344,0.619248,30
4345,0.619245,30
4346,0.619241,30
4347,0.619237,30
4348,0.619233,30
4349,0.61923,30
4350,0.619226,30
4351,0.619222,30
4352,0.619218,30
4353,0.619215,30
4354,0.619211,30
4355,0.619207,30
4356,0.619203,30
4357,0.6192,30
4358,0.619196,30
4359,0.619192,30
4360,0.619188,30
4361,0.619185,30
4362,0.619181,30
4363,0.619177,30
4364,0.619173,30
4365,0.61917,30
4366,0.619166,30
4367,0.619162,30
4368,0.619159,30
4369,0.619155,30
4370,0.619151,30
4371,0.619147,30
4372,0.619144,30
4373,0.61914,30
4374,0.619136,30
4375,0.619133,30
4376,0.619129,30
4377,0.619125,30
4378,0.619121,30
4379,0.619118,30
4380,0.619114,30
4381,0.61911,30
4382,0.619107,30
4383,0.619103,30
4384,0.619099,30
4385,0.619096,30
4386,0.619092,30
4387,0.619088,30
4388,0.619084,30
4389,0.619081,30
4390,0.619077,30
4391,0.619073,30
4392,0.61907,30
4393,0.619066,30
4394,0.619062,30
4395,0.619059,30
4396,0.619055,30
4397,0.619051,30
4398,0.619048,30
4399,0.619044,30
4400,0.61904,30
4401,0.619037,30
4402,0.619033,30
4403,0.619029,30
4404,0.619026,30
4405,0.619022,30
4406,0.619018,30
4407,0.619015,30
4408,0.619011,30
4409,0.619007,30
4410,0.619004,30
4411,0.619,30
4412,0.618996,30
4413,0.618993,30
4414,0.618989,30
4415,0.618986,30
4416,0.618982,30
4417,0.618978,30
4418,0.618975,30
4419,0.618971,30
4420,0.618967,30
4421,0.618964,30
4422,0.61896,30
4423,0.618957,30
4424,0.618953,30
4425,0.618949,30
4426,0.618946,30
4427,0.618942,30
4428,0.618938,30
4429,0.618935,30
4430,0.618931,30
4431,0.618928,30
4432,0.618924,30
4433,0.61892,30
4434,0.618917,30
4435,0.618913,30
4436,0.61891,30
4437,0.618906,30
4438,0.618902,30
4439,0.618899,30
4440,0.618895,30
4441,0.618892,30
4442,0.618888,30
4443,0.618884,30
4444,0.618881,30
4445,0.618877,30
4446,0.618874,30
4447,0.61887,30
4448,0.618867,30
4449,0.618863,30
4450,0.618859,30
4451,0.618856,30
4452,0.618852,30
4453,0.618849,30
4454,0.618845,30
4455,0.618842,30
4456,0.618838,30
4457,0.618834,30
4458,0.618831,30
4459,0.618827,30
4460,0.618824,30
4461,0.61882,30
4462,0.618817,30
4463,0.618813,30
4464,0.61881,30
4465,0.618806,30
4466,0.618803,30
4467,0.618799,30
4468,0.618795,30
4469,0.618792,30
4470,0.618788,30
4471,0.618785,30
4472,0.618781,30
4473,0.618778,30
4474,0.618774,30
4475,0.618771,30
4476,0.618767,30
4477,0.618764,30
4478,0.61876,30
4479,0.618757,30
4480,0.618753,30
4481,0.61875,30
4482,0.618746,30
4483,0.618743,30
4484,0.618739,30
4485,0.618736,30
4486,0.618732,30
4487,0.618728,30
4488,0.618725,30
4489,0.618721,30
4490,0.618718,30
4491,0.618714,30
4492,0.618711,30
4493,0.618707,30
4494,0.618704,30
4495,0.618701,30
4496,0.618697,30
4497,0.618694,30
4498,0.61869,30
4499,0.618687,30
4500,0.618683,30
4501,0.61868,30
4502,0.618676,30
4503,0.618673,30
4504,0.618669,30
4505,0.618666,30
4506,0.618662,30
4507,0.618659,30
4508,0.618655,30
4509,0.618652,30
4510,0.618648,30
4511,0.618645,30
4512,0.618641,30
4513,0.618638,30
4514,0.618634,30
4515,0.618631,30
4516,0.618628,30
4517,0.618624,30
4518,0.618621,30
4519,0.618617,30
4520,0.618614,30
4521,0.61861,30
4522,0.618607,30
4523,0.618603,30
4524,0.6186,30
4525,0.618597,30
4526,0.618593,30
4527,0.61859,30
4528,0.618586,30
4529,0.618583,30
4530,0.618579,30
4531,0.618576,30
4532,0.618573,30
4533,0.618569,30
4534,0.618566,30
4535,0.618562,30
4536,0.618559,30
4537,0.618555,30
4538,0.618552,30
4539,0.618549,30
4540,0.618545,30
4541,0.618542,30
4542,0.618538,30
4543,0.618535,30
4544,0.618532,30
4545,0.618528,30
4546,0.618525,30
4547,0.618521,30
4548,0.618518,30
4549,0.618515,30
4550,0.618511,30
4551,0.618508,30
4552,0.618504,30
4553,0.618501,30
4554,0.618498,30
4555,0.618494,30
4556,0.618491,30
4557,0.618487,30
4558,0.618484,30
4559,0.618481,30
4560,0.618477,30
4561,0.618474,30
4562,0.618471,30
4563,0.618467,30
4564,0.618464,30
4565,0.61846,30
4566,0.618457,30
4567,0.618454,30
4568,0.61845,30
4569,0.618447,30
4570,0.618444,30
4571,0.61844,30
4572,0.618437,30
4573,0.618434,30
4574,0.61843,30
4575,0.618427,30
4576,0.618423,30
4577,0.61842,30
4578,0.618417,30
4579,0.618413,30
4580,0.61841,30
4581,0.618407,30
4582,0.618403,30
4583,0.6184,30
4584,0.618397,30
4585,0.618393,30
4586,0.61839,30
4587,0.618387,30
4588,0.618383,30
4589,0.61838,30
4590,0.618377,30
4591,0.618373,30
4592,0.61837,30
4593,0.618367,30
4594,0.618363,30
4595,0.61836,30
4596,0.618357,30
4597,0.618353,30
4598,0.61835,30
4599,0.618347,30
4600,0.618344,30
4601,0.61834,30
4602,0.618337,30
4603,0.618334,30
4604,0.61833,30
4605,0.618327,30
4606,0.618324,30
4607,0.61832,30
4608,0.618317,30
4609,0.618314,30
4610,0.618311,30
4611,0.618307,30
4612,0.618304,30
4613,0.618301,30
4614,0.618297,30
4615,0.618294,30
4616,0.618291,30
4617,0.618288,30
4618,0.618284,30
4619,0.618281,30
4620,0.618278,30
4621,0.618274,30
4622,0.618271,30
4623,0.618268,30
4624,0.618265,30
4625,0.618261,30
4626,0.618258,30
4627,0.618255,30
4628,0.618252,30
4629,0.618248,30
4630,0.618245,30
4631,0.618242,30
4632,0.618238,30
4633,0.618235,30
4634,0.618232,30
4635,0.618229,30
4636,0.618225,30
4637,0.618222,30
4638,0.618219,30
4639,0.618216,30
4640,0.618213,30
4641,0.618209,30
4642,0.618206,30
4643,0.618203,30
4644,0.6182,30
4645,0.618196,30
4646,0.618193,30
4647,0.61819,30
4648,0.618187,30
4649,0.618183,30
4650,0.61818,30
4651,0.618177,30
4652,0.618174,30
4653,0.61817,30
4654,0.618167,30
4655,0.618164,30
4656,0.618161,30
4657,0.618158,30
4658,0.618154,30
4659,0.618151,30
4660,0.618148,30
4661,0.618145,30
4662,0.618142,30
4663,0.618138,30
4664,0.618135,30
4665,0.618132,30
4666,0.618129,30
4667,0.618126,30
4668,0.618122,30
4669,0.618119,30
4670,0.618116,30
4671,0.618113,30
4672,0.61811,30
4673,0.618106,30
4674,0.618103,30
4675,0.6181,30
4676,0.618097,30
4677,0.618094,30
4678,0.61809,30
4679,0.618087,30
4680,0.618084,30
4681,0.618081,30
4682,0.618078,30
4683,0.618075,30
4684,0.618071,30
4685,0.618068,30
4686,0.618065,30
4687,0.618062,30
4688,0.618059,30
4689,0.618056,30
4690,0.618052,30
4691,0.618049,30
4692,0.618046,30
4693,0.618043,30
4694,0.61804,30
4695,0.618037,30
4696,0.618033,30
4697,0.61803,30
4698,0.618027,30
4699,0.618024,30
4700,0.618021,30
4701,0.618018,30
4702,0.618015,30
4703,0.618011,30
4704,0.618008,30
4705,0.618005,30
4706,0.618002,30
4707,0.617999,30
4708,0.617996,30
4709,0.617993,30
4710,0.617989,30
4711,0.617986,30
4712,0.617983,30
4713,0.61798,30
4714,0.617977,30
4715,0.617974,30
4716,0.617971,30
4717,0.617968,30
4718,0.617965,30
4719,0.617961,30
4720,0.617958,30
4721,0.617955,30
4722,0.617952,30
4723,0.617949,30
4724,0.617946,30
4725,0.617943,30
4726,0.61794,30
4727,0.617937,30
4728,0.617933,30
4729,0.61793,30
4730,0.617927,30
4731,0.617924,30
4732,0.617921,30
4733,0.617918,30
4734,0.617915,30
4735,0.617912,30
4736,0.617909,30
4737,0.617906,30
4738,0.617902,30
4739,0.617899,30
4740,0.617896,30
4741,0.617893,30
4742,0.61789,30
4743,0.617887,30
4744,0.617884,30
4745,0.617881,30
4746,0.617878,30
4747,0.617875,30
4748,0.617872,30
4749,0.617869,30
4750,0.617866,30
4751,0.617863,30
4752,0.617859,30
4753,0.617856,30
4754,0.617853,30
4755,0.61785,30
4756,0.617847,30
4757,0.617844,30
4758,0.617841,30
4759,0.617838,30
4760,0.617835,30
4761,0.617832,30
4762,0.617829,30
4763,0.617826,30
4764,0.617823,30
4765,0.61782,30
4766,0.617817,30
4767,0.617814,30
4768,0.617811,30
4769,0.617808,30
4770,0.617805,30
4771,0.617802,30
4772,0.617798,30
4773,0.617795,30
4774,0.617792,30
4775,0.617789,30
4776,0.617786,30
4777,0.617783,30
4778,0.61778,30
4779,0.617777,30
4780,0.617774,30
4781,0.617771,30
4782,0.617768,30
4783,0.617765,30
4784,0.617762,30
4785,0.617759,30
4786,0.617756,30
4787,0.617753,30
4788,0.61775,30
4789,0.617747,30
4790,0.617744,30
4791,0.617741,30
4792,0.617738,30
4793,0.617735,30
4794,0.617732,30
4795,0.617729,30
4796,0.617726,30
4797,0.617723,30
4798,0.61772,30
4799,0.617717,30
4800,0.617714,30
4801,0.617711,30
4802,0.617708,30
4803,0.617705,30
4804,0.617702,30
4805,0.617699,30
4806,0.617696,30
4807,0.617693,30
4808,0.61769,30
4809,0.617687,30
4810,0.617684,30
4811,0.617681,30
4812,0.617678,30
4813,0.617675,30
4814,0.617672,30
4815,0.617669,30
4816,0.617667,30
4817,0.617664,30
4818,0.617661,30
4819,0.617658,30
4820,0.617655,30
4821,0.617652,30
4822,0.617649,30
4823,0.617646,30
4824,0.617643,30
4825,0.61764,30
4826,0.617637,30
4827,0.617634,30
4828,0.617631,30
4829,0.617628,30
4830,0.617625,30
4831,0.617622,30
4832,0.617619,30
4833,0.617616,30
4834,0.617613,30
4835,0.61761,30
4836,0.617608,30
4837,0.617605,30
4838,0.617602,30
4839,0.617599,30
4840,0.617596,30
4841,0.617593,30
4842,0.61759,30
4843,0.617587,30
4844,0.617584,30
4845,0.617581,30
4846,0.617578,30
4847,0.617575,30
4848,0.617572,30
4849,0.617569,30
4850,0.617567,30
4851,0.617564,30
4852,0.617561,30
4853,0.617558,30
4854,0.617555,30
4855,0.617552,30
4856,0.617549,30
4857,0.617546,30
4858,0.617543,30
4859,0.61754,30
4860,0.617538,30
4861,0.617535,30
4862,0.617532,30
4863,0.617529,30
4864,0.617526,30
4865,0.617523,30
4866,0.61752,30
4867,0.617517,30
4868,0.617514,30
4869,0.617511,30
4870,0.617509,30
4871,0.617506,30
4872,0.617503,30
4873,0.6175,30
4874,0.617497,30
4875,0.617494,30
4876,0.617491,30
4877,0.617488,30
4878,0.617486,30
4879,0.617483,30
4880,0.61748,30
4881,0.617477,30
4882,0.617474,30
4883,0.617471,30
4884,0.617468,30
4885,0.617465,30
4886,0.617463,30
4887,0.61746,30
4888,0.617457,30
4889,0.617454,30
4890,0.617451,30
4891,0.617448,30
4892,0.617445,30
4893,0.617443,30
4894,0.61744,30
4895,0.617437,30
4896,0.617434,30
4897,0.617431,30
4898,0.617428,30
4899,0.617426,30
4900,0.617423,30
4901,0.61742,30
4902,0.617417,30
4903,0.617414,30
4904,0.617411,30
4905,0.617408,30
4906,0.617406,30
4907,0.617403,30
4908,0.6174,30
4909,0.617397,30
4910,0.617394,30
4911,0.617392,30
4912,0.617389,30
4913,0.617386,30
4914,0.617383,30
4915,0.61738,30
4916,0.617377,30
4917,0.617375,30
4918,0.617372,30
4919,0.617369,30
4920,0.617366,30
4921,0.617363,30
4922,0.617361,30
4923,0.617358,30
4924,0.617355,30
4925,0.617352,30
4926,0.617349,30
4927,0.617346,30
4928,0.617344,30
4929,0.617341,30
4930,0.617338,30
4931,0.617335,30
4932,0.617332,30
4933,0.61733,30
4934,0.617327,30
4935,0.617324,30
4936,0.617321,30
4937,0.617319,30
4938,0.617316,30
4939,0.617313,30
4940,0.61731,30
4941,0.617307,30
4942,0.617305,30
4943,0.617302,30
4944,0.617299,30
4945,0.617296,30
4946,0.617293,30
4947,0.617291,30
4948,0.617288,30
4949,0.617285,30
4950,0.617282,30
4951,0.61728,30
4952,0.617277,30
4953,0.617274,30
4954,0.617271,30
4955,0.617269,30
4956,0.617266,30
4957,0.617263,30
4958,0.61726,30
4959,0.617258,30
4960,0.617255,30
4961,0.617252,30
4962,0.617249,30
4963,0.617246,30
4964,0.617244,30
4965,0.617241,30
4966,0.617238,30
4967,0.617235,30
4968,0.617233,30
4969,0.61723,30
4970,0.617227,30
4971,0.617225,30
4972,0.617222,30
4973,0.617219,30
4974,0.617216,30
4975,0.617214,30
4976,0.617211,30
4977,0.617208,30
4978,0.617205,30
4979,0.617203,30
4980,0.6172,30
4981,0.617197,30
4982,0.617194,30
4983,0.617192,30
4984,0.617189,30
4985,0.617186,30
4986,0.617184,30
4987,0.617181,30
4988,0.617178,30
4989,0.617175,30
4990,0.617173,30
4991,0.61717,30
4992,0.617167,30
4993,0.617165,30
4994,0.617162,30
4995,0.617159,30
4996,0.617156,30
4997,0.617154,30
4998,0.617151,30
4999,0.617148,30
5000,0.617146,30
5001,0.617143,30
5002,0.61714,30
5003,0.617138,30
5004,0.617135,30
5005,0.617132,30
5006,0.617129,30
5007,0.617127,30
5008,0.617124,30
5009,0.617121,30
5010,0.617119,30
5011,0.617116,30
5012,0.617113,30
5013,0.617111,30
5014,0.617108,30
5015,0.617105,30
5016,0.617103,30
5017,0.6171,30
5018,0.617097,30
5019,0.617095,30
5020,0.617092,30
5021,0.617089,30
5022,0.617087,30
5023,0.617084,30
5024,0.617081,30
5025,0.617079,30
5026,0.617076,30
5027,0.617073,30
5028,0.617071,30
5029,0.617068,30
5030,0.617065,30
5031,0.617063,30
5032,0.61706,30
5033,0.617057,30
5034,0.617055,30
5035,0.617052,30
5036,0.617049,30
5037,0.617047,30
5038,0.617044,30
5039,0.617041,30
5040,0.617039,30
5041,0.617036,30
5042,0.617033,30
5043,0.617031,30
5044,0.617028,30
5045,0.617025,30
5046,0.617023,30
5047,0.61702,30
5048,0.617018,30
5049,0.617015,30
5050,0.617012,30
5051,0.61701,30
5052,0.617007,30
5053,0.617004,30
5054,0.617002,30
5055,0.616999,30
5056,0.616996,30
5057,0.616994,30
5058,0.616991,30
5059,0.616989,30
5060,0.616986,30
5061,0.616983,30
5062,0.616981,30
5063,0.616978,30
5064,0.616976,30
5065,0.616973,30
5066,0.61697,30
5067,0.616968,30
5068,0.616965,30
5069,0.616962,30
5070,0.61696,30
5071,0.616957,30
5072,0.616955,30
5073,0.616952,30
5074,0.616949,30
5075,0.616947,30
5076,0.616944,30
5077,0.616942,30
5078,0.616939,30
5079,0.616936,30
5080,0.616934,30
5081,0.616931,30
5082,0.616929,30
5083,0.616926,30
5084,0.616923,30
5085,0.616921,30
5086,0.616918,30
5087,0.616916,30
5088,0.616913,30
5089,0.616911,30
5090,0.616908,30
5091,0.616905,30
5092,0.616903,30
5093,0.6169,30
5094,0.616898,30
5095,0.616895,30
5096,0.616893,30
5097,0.61689,30
5098,0.616887,30
5099,0.616885,30
5100,0.616882,30
5101,0.61688,30
5102,0.616877,30
5103,0.616875,30
5104,0.616872,30
5105,0.616869,30
5106,0.616867,30
5107,0.616864,30
5108,0.616862,30
5109,0.616859,30
5110,0.616857,30
5111,0.616854,30
5112,0.616852,30
5113,0.616849,30
5114,0.616846,30
5115,0.616844,30
5116,0.616841,30
5117,0.616839,30
5118,0.616836,30
5119,0.616834,30
5120,0.616831,30
5121,0.616829,30
5122,0.616826,30
5123,0.616824,30
5124,0.616821,30
5125,0.616818,30
5126,0.616816,30
5127,0.616813,30
5128,0.616811,30
5129,0.616808,30
5130,0.616806,30
5131,0.616803,30
5132,0.616801,30
5133,0.616798,30
5134,0.616796,30
5135,0.616793,30
5136,0.616791,30
5137,0.616788,30
5138,0.616786,30
5139,0.616783,30
5140,0.616781,30
5141,0.616778,30
5142,0.616776,30
5143,0.616773,30
5144,0.616771,30
5145,0.616768,30
5146,0.616765,30
5147,0.616763,30
5148,0.61676,30
5149,0.616758,30
5150,0.616755,30
5151,0.616753,30
5152,0.61675,30
5153,0.616748,30
5154,0.616745,30
5155,0.616743,30
5156,0.61674,30
5157,0.616738,30
5158,0.616735,30
5159,0.616733,30
5160,0.616731,30
5161,0.616728,30
5162,0.616726,30
5163,0.616723,30
5164,0.616721,30
5165,0.616718,30
5166,0.616716,30
5167,0.616713,30
5168,0.616711,30
5169,0.616708,30
5170,0.616706,30
5171,0.616703,30
5172,0.616701,30
5173,0.616698,30
5174,0.616696,30
5175,0.616693,30
5176,0.616691,30
5177,0.616688,30
5178,0.616686,30
5179,0.616683,30
5180,0.616681,30
5181,0.616678,30
5182,0.616676,30
5183,0.616674,30
5184,0.616671,30
5185,0.616669,30
5186,0.616666,30
5187,0.616664,30
5188,0.616661,30
5189,0.616659,30
5190,0.616656,30
5191,0.616654,30
5192,0.616651,30
5193,0.616649,30
5194,0.616647,30
5195,0.616644,30
5196,0.616642,30
5197,0.616639,30
5198,0.616637,30
5199,0.616634,30
5200,0.616632,30
5201,0.616629,30
5202,0.616627,30
5203,0.616625,30
5204,0.616622,30
5205,0.61662,30
5206,0.616617,30
5207,0.616615,30
5208,0.616612,30
5209,0.61661,30
5210,0.616608,30
5211,0.616605,30
5212,0.616603,30
5213,0.6166,30
5214,0.616598,30
5215,0.616595,30
5216,0.616593,30
5217,0.616591,30
5218,0.616588,30
5219,0.616586,30
5220,0.616583,30
5221,0.616581,30
5222,0.616578,30
5223,0.616576,30
5224,0.616574,30
5225,0.616571,30
5226,0.616569,30
5227,0.616566,30
5228,0.616564,30
5229,0.616562,30
5230,0.616559,30
5231,0.616557,30
5232,0.616554,30
5233,0.616552,30
5234,0.61655,30
5235,0.616547,30
5236,0.616545,30
5237,0.616542,30
5238,0.61654,30
5239,0.616538,30
5240,0.616535,30
5241,0.616533,30
5242,0.61653,30
5243,0.616528,30
5244,0.616526,30
5245,0.616523,30
5246,0.616521,30
5247,0.616519,30
5248,0.616516,30
5249,0.616514,30
5250,0.616511,30
5251,0.616509,30
5252,0.616507,30
5253,0.616504,30
5254,0.616502,30
5255,0.616499,30
5256,0.616497,30
5257,0.616495,30
5258,0.616492,30
5259,0.61649,30
5260,0.616488,30
5261,0.616485,30
5262,0.616483,30
5263,0.616481,30
5264,0.616478,30
5265,0.616476,30
5266,0.616473,30
5267,0.616471,30
5268,0.616469,30
5269,0.616466,30
5270,0.616464,30
5271,0.616462,30
5272,0.616459,30
5273,0.616457,30
5274,0.616455,30
5275,0.616452,30
5276,0.61645,30
5277,0.616448,30
5278,0.616445,30
5279,0.616443,30
5280,0.616441,30
5281,0.616438,30
5282,0.616436,30
5283,0.616434,30
5284,0.616431,30
5285,0.616429,30
5286,0.616426,30
5287,0.616424,30
5288,0.616422,30
5289,0.616419,30
5290,0.616417,30
5291,0.616415,30
5292,0.616412,30
5293,0.61641,30
5294,0.616408,30
5295,0.616406,30
5296,0.616403,30
5297,0.616401,30
5298,0.616399,30
5299,0.616396,30
5300,0.616394,30
5301,0.616392,30
5302,0.616389,30
5303,0.616387,30
5304,0.616385,30
5305,0.616382,30
5306,0.61638,30
5307,0.616378,30
5308,0.616375,30
5309,0.616373,30
5310,0.616371,30
5311,0.616368,30
5312,0.616366,30
5313,0.616364,30
5314,0.616362,30
5315,0.616359,30
5316,0.616357,30
5317,0.616355,30
5318,0.616352,30
5319,0.61635,30
5320,0.616348,30
5321,0.616345,30
5322,0.616343,30
5323,0.616341,30
5324,0.616339,30
5325,0.616336,30
5326,0.616334,30
5327,0.616332,30
5328,0.616329,30
5329,0.616327,30
5330,0.616325,30
5331,0.616323,30
5332,0.61632,30
5333,0.616318,30
5334,0.616316,30
5335,0.616313,30
5336,0.616311,30
5337,0.616309,30
5338,0.616307,30
5339,0.616304,30
5340,0.616302,30
5341,0.6163,30
5342,0.616297,30
5343,0.616295,30
5344,0.616293,30
5345,0.616291,30
5346,0.616288,30
5347,0.616286,30
5348,0.616284,30
5349,0.616282,30
5350,0.616279,30
5351,0.616277,30
5352,0.616275,30
5353,0.616273,30
5354,0.61627,30
5355,0.616268,30
5356,0.616266,30
5357,0.616264,30
5358,0.616261,30
5359,0.616259,30
5360,0.616257,30
5361,0.616255,30
5362,0.616252,30
5363,0.61625,30
5364,0.616248,30
5365,0.616246,30
5366,0.616243,30
5367,0.616241,30
5368,0.616239,30
5369,0.616237,30
5370,0.616234,30
5371,0.616232,30
5372,0.61623,30
5373,0.616228,30
5374,0.616225,30
5375,0.616223,30
5376,0.616221,30
5377,0.616219,30
5378,0.616216,30
5379,0.616214,30
5380,0.616212,30
5381,0.61621,30
5382,0.616208,30
5383,0.616205,30
5384,0.616203,30
5385,0.616201,30
5386,0.616199,30
5387,0.616196,30
5388,0.616194,30
5389,0.616192,30
5390,0.61619,30
5391,0.616188,30
5392,0.616185,30
5393,0.616183,30
5394,0.616181,30
5395,0.616179,30
5396,0.616176,30
5397,0.616174,30
5398,0.616172,30
5399,0.61617,30
5400,0.616168,30
5401,0.616165,30
5402,0.616163,30
5403,0.616161,30
5404,0.616159,30
5405,0.616157,30
5406,0.616154,30
5407,0.616152,30
5408,0.61615,30
5409,0.616148,30
5410,0.616146,30
5411,0.616143,30
5412,0.616141,30
5413,0.616139,30
5414,0.616137,30
5415,0.616135,30
5416,0.616132,30
5417,0.61613,30
5418,0.616128,30
5419,0.616126,30
5420,0.616124,30
5421,0.616122,30
5422,0.616119,30
5423,0.616117,30
5424,0.616115,30
5425,0.616113,30
5426,0.616111,30
5427,0.616108,30
5428,0.616106,30
5429,0.616104,30
5430,0.616102,30
5431,0.6161,30
5432,0.616098,30
5433,0.616095,30
5434,0.616093,30
5435,0.616091,30
5436,0.616089,30
5437,0.616087,30
5438,0.616085,30
5439,0.616082,30
5440,0.61608,30
5441,0.616078,30
5442,0.616076,30
5443,0.616074,30
5444,0.616072,30
5445,0.61607,30
5446,0.616067,30
5447,0.616065,30
5448,0.616063,30
5449,0.616061,30
5450,0.616059,30
5451,0.616057,30
5452,0.616054,30
5453,0.616052,30
5454,0.61605,30
5455,0.616048,30
5456,0.616046,30
5457,0.616044,30
5458,0.616042,30
5459,0.616039,30
5460,0.616037,30
5461,0.616035,30
5462,0.616033,30
5463,0.616031,30
5464,0.616029,30
5465,0.616027,30
5466,0.616024,30
5467,0.616022,30
5468,0.61602,30
5469,0.616018,30
5470,0.616016,30
5471,0.616014,30
5472,0.616012,30
5473,0.61601,30
5474,0.616007,30
5475,0.616005,30
5476,0.616003,30
5477,0.616001,30
5478,0.615999,30
5479,0.615997,30
5480,0.615995,30
5481,0.615993,30
5482,0.61599,30
5483,0.615988,30
5484,0.615986,30
5485,0.615984,30
5486,0.615982,30
5487,0.61598,30
5488,0.615978,30
5489,0.615976,30
5490,0.615974,30
5491,0.615971,30
5492,0.615969,30
5493,0.615967,30
5494,0.615965,30
5495,0.615963,30
5496,0.615961,30
5497,0.615959,30
5498,0.615957,30
5499,0.615955,30
5500,0.615953,30
5501,0.61595,30
5502,0.615948,30
5503,0.615946,30
5504,0.615944,30
5505,0.615942,30
5506,0.61594,30
5507,0.615938,30
5508,0.615936,30
5509,0.615934,30
5510,0.615932,30
5511,0.61593,30
5512,0.615927,30
5513,0.615925,30
5514,0.615923,30
5515,0.615921,30
5516,0.615919,30
5517,0.615917,30
5518,0.615915,30
5519,0.615913,30
5520,0.615911,30
5521,0.615909,30
5522,0.615907,30
5523,0.615905,30
5524,0.615903,30
5525,0.6159,30
5526,0.615898,30
5527,0.615896,30
5528,0.615894,30
5529,0.615892,30
5530,0.61589,30
5531,0.615888,30
5532,0.615886,30
5533,0.615884,30
5534,0.615882,30
5535,0.61588,30
5536,0.615878,30
5537,0.615876,30
5538,0.615874,30
5539,0.615872,30
5540,0.61587,30
5541,0.615867,30
5542,0.615865,30
5543,0.615863,30
5544,0.615861,30
5545,0.615859,30
5546,0.615857,30
5547,0.615855,30
5548,0.615853,30
5549,0.615851,30
5550,0.615849,30
5551,0.615847,30
5552,0.615845,30
5553,0.615843,30
5554,0.615841,30
5555,0.615839,30
5556,0.615837,30
5557,0.615835,30
5558,0.615833,30
5559,0.615831,30
5560,0.615829,30
5561,0.615827,30
5562,0.615825,30
5563,0.615823,30
5564,0.61582,30
5565,0.615818,30
5566,0.615816,30
5567,0.615814,30
5568,0.615812,30
5569,0.61581,30
5570,0.615808,30
5571,0.615806,30
5572,0.615804,30
5573,0.615802,30
5574,0.6158,30
5575,0.615798,30
5576,0.615796,30
5577,0.615794,30
5578,0.615792,30
5579,0.61579,30
5580,0.615788,30
5581,0.615786,30
5582,0.615784,30
5583,0.615782,30
5584,0.61578,30
5585,0.615778,30
5586,0.615776,30
5587,0.615774,30
5588,0.615772,30
5589,0.61577,30
5590,0.615768,30
5591,0.615766,30
5592,0.615764,30
5593,0.615762,30
5594,0.61576,30
5595,0.615758,30
5596,0.615756,30
5597,0.615754,30
5598,0.615752,30
5599,0.61575,30
5600,0.615748,30
5601,0.615746,30
5602,0.615744,30
5603,0.615742,30
5604,0.61574,30
5605,0.615738,30
5606,0.615736,30
5607,0.615734,30
5608,0.615732,30
5609,0.61573,30
5610,0.615728,30
5611,0.615726,30
5612,0.615724,30
5613,0.615722,30
5614,0.61572,30
5615,0.615718,30
5616,0.615716,30
5617,0.615714,30
5618,0.615712,30
5619,0.61571,30
5620,0.615708,30
5621,0.615706,30
5622,0.615704,30
5623,0.615702,30
5624,0.6157,30
5625,0.615699,30
5626,0.615697,30
5627,0.615695,30
5628,0.615693,30
5629,0.615691,30
5630,0.615689,30
5631,0.615687,30
5632,0.615685,30
5633,0.615683,30
5634,0.615681,30
5635,0.615679,30
5636,0.615677,30
5637,0.615675,30
5638,0.615673,30
5639,0.615671,30
5640,0.615669,30
5641,0.615667,30
5642,0.615665,30
5643,0.615663,30
5644,0.615661,30
5645,0.615659,30
5646,0.615657,30
5647,0.615655,30
5648,0.615653,30
5649,0.615652,30
5650,0.61565,30
5651,0.615648,30
5652,0.615646,30
5653,0.615644,30
5654,0.615642,30
5655,0.61564,30
5656,0.615638,30
5657,0.615636,30
5658,0.615634,30
5659,0.615632,30
5660,0.61563,30
5661,0.615628,30
5662,0.615626,30
5663,0.615624,30
5664,0.615622,30
5665,0.615621,30
5666,0.615619,30
5667,0.615617,30
5668,0.615615,30
5669,0.615613,30
5670,0.615611,30
5671,0.615609,30
5672,0.615607,30
5673,0.615605,30
5674,0.615603,30
5675,0.615601,30
5676,0.615599,30
5677,0.615597,30
5678,0.615596,30
5679,0.615594,30
5680,0.615592,30
5681,0.61559,30
5682,0.615588,30
5683,0.615586,30
5684,0.615584,30
5685,0.615582,30
5686,0.61558,30
5687,0.615578,30
5688,0.615576,30
5689,0.615575,30
5690,0.615573,30
5691,0.615571,30
5692,0.615569,30
5693,0.615567,30
5694,0.615565,30
5695,0.615563,30
5696,0.615561,30
5697,0.615559,30
5698,0.615557,30
5699,0.615555,30
5700,0.615554,30
5701,0.615552,30
5702,0.61555,30
5703,0.615548,30
5704,0.615546,30
5705,0.615544,30
5706,0.615542,30
5707,0.61554,30
5708,0.615538,30
5709,0.615537,30
5710,0.615535,30
5711,0.615533,30
5712,0.615531,30
5713,0.615529,30
5714,0.615527,30
5715,0.615525,30
5716,0.615523,30
5717,0.615522,30
5718,0.61552,30
5719,0.615518,30
5720,0.615516,30
5721,0.615514,30
5722,0.615512,30
5723,0.61551,30
5724,0.615508,30
5725,0.615507,30
5726,0.615505,30
5727,0.615503,30
5728,0.615501,30
5729,0.615499,30
5730,0.615497,30
5731,0.615495,30
5732,0.615493,30
5733,0.615492,30
5734,0.61549,30
5735,0.615488,30
5736,0.615486,30
5737,0.615484,30
5738,0.615482,30
5739,0.61548,30
5740,0.615479,30
5741,0.615477,30
5742,0.615475,30
5743,0.615473,30
5744,0.615471,30
5745,0.615469,30
5746,0.615467,30
5747,0.615466,30
5748,0.615464,30
5749,0.615462,30
5750,0.61546,30
5751,0.615458,30
5752,0.615456,30
5753,0.615454,30
5754,0.615453,30
5755,0.615451,30
5756,0.615449,30
5757,0.615447,30
5758,0.615445,30
5759,0.615443,30
5760,0.615442,30
5761,0.61544,30
5762,0.615438,30
5763,0.615436,30
5764,0.615434,30
5765,0.615432,30
5766,0.615431,30
5767,0.615429,30
5768,0.615427,30
5769,0.615425,30
5770,0.615423,30
5771,0.615421,30
5772,0.61542,30
5773,0.615418,30
5774,0.615416,30
5775,0.615414,30
5776,0.615412,30
5777,0.61541,30
5778,0.615409,30
5779,0.615407,30
5780,0.615405,30
5781,0.615403,30
5782,0.615401,30
5783,0.615399,30
5784,0.615398,30
5785,0.615396,30
5786,0.615394,30
5787,0.615392,30
5788,0.61539,30
5789,0.615389,30
5790,0.615387,30
5791,0.615385,30
5792,0.615383,30
5793,0.615381,30
5794,0.61538,30
5795,0.615378,30
5796,0.615376,30
5797,0.615374,30
5798,0.615372,30
5799,0.615371,30
5800,0.615369,30
5801,0.615367,30
5802,0.615365,30
5803,0.615363,30
5804,0.615362,30
5805,0.61536,30
5806,0.615358,30
5807,0.615356,30
5808,0.615354,30
5809,0.615353,30
5810,0.615351,30
5811,0.615349,30
5812,0.615347,30
5813,0.615345,30
5814,0.615344,30
5815,0.615342,30
5816,0.61534,30
5817,0.615338,30
5818,0.615336,30
5819,0.615335,30
5820,0.615333,30
5821,0.615331,30
5822,0.615329,30
5823,0.615328,30
5824,0.615326,30
5825,0.615324,30
5826,0.615322,30
5827,0.61532,30
5828,0.615319,30
5829,0.615317,30
5830,0.615315,30
5831,0.615313,30
5832,0.615312,30
5833,0.61531,30
5834,0.615308,30
5835,0.615306,30
5836,0.615304,30
5837,0.615303,30
5838,0.615301,30
5839,0.615299,30
5840,0.615297,30
5841,0.615296,30
5842,0.615294,30
5843,0.615292,30
5844,0.61529,30
5845,0.615289,30
5846,0.615287,30
5847,0.615285,30
5848,0.615283,30
5849,0.615281,30
5850,0.61528,30
5851,0.615278,30
5852,0.615276,30
5853,0.615274,30
5854,0.615273,30
5855,0.615271,30
5856,0.615269,30
5857,0.615267,30
5858,0.615266,30
5859,0.615264,30
5860,0.615262,30
5861,0.61526,30
5862,0.615259,30
5863,0.615257,30
5864,0.615255,30
5865,0.615253,30
5866,0.615252,30
5867,0.61525,30
5868,0.615248,30
5869,0.615246,30
5870,0.615245,30
5871,0.615243,30
5872,0.615241,30
5873,0.61524,30
5874,0.615238,30
5875,0.615236,30
5876,0.615234,30
5877,0.615233,30
5878,0.615231,30
5879,0.615229,30
5880,0.615227,30
5881,0.615226,30
5882,0.615224,30
5883,0.615222,30
5884,0.61522,30
5885,0.615219,30
5886,0.615217,30
5887,0.615215,30
5888,0.615214,30
5889,0.615212,30
5890,0.61521,30
5891,0.615208,30
5892,0.615207,30
5893,0.615205,30
5894,0.615203,30
5895,0.615202,30
5896,0.6152,30
5897,0.615198,30
5898,0.615196,30
5899,0.615195,30
5900,0.615193,30
5901,0.615191,30
5902,0.615189,30
5903,0.615188,30
5904,0.615186,30
5905,0.615184,30
5906,0.615183,30
5907,0.615181,30
5908,0.615179,30
5909,0.615178,30
5910,0.615176,30
5911,0.615174,30
5912,0.615172,30
5913,0.615171,30
5914,0.615169,30
5915,0.615167,30
5916,0.615166,30
5917,0.615164,30
5918,0.615162,30
5919,0.615161,30
5920,0.615159,30
5921,0.615157,30
5922,0.615155,30
5923,0.615154,30
5924,0.615152,30
5925,0.61515,30
5926,0.615149,30
5927,0.615147,30
5928,0.615145,30
5929,0.615144,30
5930,0.615142,30
5931,0.61514,30
5932,0.615139,30
5933,0.615137,30
5934,0.615135,30
5935,0.615133,30
5936,0.615132,30
5937,0.61513,30
5938,0.615128,30
5939,0.615127,30
5940,0.615125,30
5941,0.615123,30
5942,0.615122,30
5943,0.61512,30
5944,0.615118,30
5945,0.615117,30
5946,0.615115,30
5947,0.615113,30
5948,0.615112,30
5949,0.61511,30
5950,0.615108,30
5951,0.615107,30
5952,0.615105,30
5953,0.615103,30
5954,0.615102,30
5955,0.6151,30
5956,0.615098,30
5957,0.615097,30
5958,0.615095,30
5959,0.615093,30
5960,0.615092,30
5961,0.61509,30
5962,0.615088,30
5963,0.615087,30
5964,0.615085,30
5965,0.615083,30
5966,0.615082,30
5967,0.61508,30
5968,0.615078,30
5969,0.615077,30
5970,0.615075,30
5971,0.615073,30
5972,0.615072,30
5973,0.61507,30
5974,0.615068,30
5975,0.615067,30
5976,0.615065,30
5977,0.615063,30
5978,0.615062,30
5979,0.61506,30
5980,0.615059,30
5981,0.615057,30
5982,0.615055,30
5983,0.615054,30
5984,0.615052,30
5985,0.61505,30
5986,0.615049,30
5987,0.615047,30
5988,0.615045,30
5989,0.615044,30
5990,0.615042,30
5991,0.61504,30
5992,0.615039,30
5993,0.615037,30
5994,0.615036,30
5995,0.615034,30
5996,0.615032,30
5997,0.615031,30
5998,0.615029,30
5999,0.615027,30
6000,0.615026,30
6001,0.615024,30
6002,0.615022,30
6003,0.615021,30
6004,0.615019,30
6005,0.615018,30
6006,0.615016,30
6007,0.615014,30
6008,0.615013,30
6009,0.615011,30
6010,0.615009,30
6011,0.615008,30
6012,0.615006,30
6013,0.615005,30
6014,0.615003,30
6015,0.615001,30
6016,0.615,30
6017,0.614998,30
6018,0.614997,30
6019,0.614995,30
6020,0.614993,30
6021,0.614992,30
6022,0.61499,30
6023,0.614988,30
6024,0.614987,30
6025,0.614985,30
6026,0.614984,30
6027,0.614982,30
6028,0.61498,30
6029,0.614979,30
6030,0.614977,30
6031,0.614976,30
6032,0.614974,30
6033,0.614972,30
6034,0.614971,30
6035,0.614969,30
6036,0.614968,30
6037,0.614966,30
6038,0.614964,30
6039,0.614963,30
6040,0.614961,30
6041,0.61496,30
6042,0.614958,30
6043,0.614956,30
6044,0.614955,30
6045,0.614953,30
6046,0.614952,30
6047,0.61495,30
6048,0.614948,30
6049,0.614947,30
6050,0.614945,30
6051,0.614944,30
6052,0.614942,30
6053,0.61494,30
6054,0.614939,30
6055,0.614937,30
6056,0.614936,30
6057,0.614934,30
6058,0.614933,30
6059,0.614931,30
6060,0.614929,30
6061,0.614928,30
6062,0.614926,30
6063,0.614925,30
6064,0.614923,30
6065,0.614922,30
6066,0.61492,30
6067,0.614918,30
6068,0.614917,30
6069,0.614915,30
6070,0.614914,30
6071,0.614912,30
6072,0.61491,30
6073,0.614909,30
6074,0.614907,30
6075,0.614906,30
6076,0.614904,30
6077,0.614903,30
6078,0.614901,30
6079,0.614899,30
6080,0.614898,30
6081,0.614896,30
6082,0.614895,30
6083,0.614893,30
6084,0.614892,30
6085,0.61489,30
6086,0.614889,30
6087,0.614887,30
6088,0.614885,30
6089,0.614884,30
6090,0.614882,30
6091,0.614881,30
6092,0.614879,30
6093,0.614878,30
6094,0.614876,30
6095,0.614875,30
6096,0.614873,30
6097,0.614871,30
6098,0.61487,30
6099,0.614868,30
6100,0.614867,30
6101,0.614865,30
6102,0.614864,30
6103,0.614862,30
6104,0.614861,30
6105,0.614859,30
6106,0.614857,30
6107,0.614856,30
6108,0.614854,30
6109,0.614853,30
6110,0.614851,30
6111,0.61485,30
6112,0.614848,30
6113,0.614847,30
6114,0.614845,30
6115,0.614844,30
6116,0.614842,30
6117,0.614841,30
6118,0.614839,30
6119,0.614837,30
6120,0.614836,30
6121,0.614834,30
6122,0.614833,30
6123,0.614831,30
6124,0.61483,30
6125,0.614828,30
6126,0.614827,30
6127,0.614825,30
6128,0.614824,30
6129,0.614822,30
6130,0.614821,30
6131,0.614819,30
6132,0.614818,30
6133,0.614816,30
6134,0.614815,30
6135,0.614813,30
6136,0.614811,30
6137,0.61481,30
6138,0.614808,30
6139,0.614807,30
6140,0.614805,30
6141,0.614804,30
6142,0.614802,30
6143,0.614801,30
6144,0.614799,30
6145,0.614798,30
6146,0.614796,30
6147,0.614795,30
6148,0.614793,30
6149,0.614792,30
6150,0.61479,30
6151,0.614789,30
6152,0.614787,30
6153,0.614786,30
6154,0.614784,30
6155,0.614783,30
6156,0.614781,30
6157,0.61478,30
6158,0.614778,30
6159,0.614777,30
6160,0.614775,30
6161,0.614774,30
6162,0.614772,30
6163,0.614771,30
6164,0.614769,30
6165,0.614768,30
6166,0.614766,30
6167,0.614765,30
6168,0.614763,30
6169,0.614762,30
6170,0.61476,30
6171,0.614759,30
6172,0.614757,30
6173,0.614756,30
6174,0.614754,30
6175,0.614753,30
6176,0.614751,30
6177,0.61475,30
6178,0.614748,30
6179,0.614747,30
6180,0.614745,30
6181,0.614744,30
6182,0.614742,30
6183,0.614741,30
6184,0.614739,30
6185,0.614738,30
6186,0.614736,30
6187,0.614735,30
6188,0.614733,30
6189,0.614732,30
6190,0.61473,30
6191,0.614729,30
6192,0.614727,30
6193,0.614726,30
6194,0.614724,30
6195,0.614723,30
6196,0.614721,30
6197,0.61472,30
6198,0.614719,30
6199,0.614717,30
6200,0.614716,30
6201,0.614714,30
6202,0.614713,30
6203,0.614711,30
6204,0.61471,30
6205,0.614708,30
6206,0.614707,30
6207,0.614705,30
6208,0.614704,30
6209,0.614702,30
6210,0.614701,30
6211,0.614699,30
6212,0.614698,30
6213,0.614696,30
6214,0.614695,30
6215,0.614694,30
6216,0.614692,30
6217,0.614691,30
6218,0.614689,30
6219,0.614688,30
6220,0.614686,30
6221,0.614685,30
6222,0.614683,30
6223,0.614682,30
6224,0.61468,30
6225,0.614679,30
6226,0.614677,30
6227,0.614676,30
6228,0.614675,30
6229,0.614673,30
6230,0.614672,30
6231,0.61467,30
6232,0.614669,30
6233,0.614667,30
6234,0.614666,30
6235,0.614664,30
6236,0.614663,30
6237,0.614662,30
6238,0.61466,30
6239,0.614659,30
6240,0.614657,30
6241,0.614656,30
6242,0.614654,30
6243,0.614653,30
6244,0.614651,30
6245,0.61465,30
6246,0.614649,30
6247,0.614647,30
6248,0.614646,30
6249,0.614644,30
6250,0.614643,30
6251,0.614641,30
6252,0.61464,30
6253,0.614638,30
6254,0.614637,30
6255,0.614636,30
6256,0.614634,30
6257,0.614633,30
6258,0.614631,30
6259,0.61463,30
6260,0.614628,30
6261,0.614627,30
6262,0.614626,30
6263,0.614624,30
6264,0.614623,30
6265,0.614621,30
6266,0.61462,30
6267,0.614618,30
6268,0.614617,30
6269,0.614616,30
6270,0.614614,30
6271,0.614613,30
6272,0.614611,30
6273,0.61461,30
6274,0.614608,30
6275,0.614607,30
6276,0.614606,30
6277,0.614604,30
6278,0.614603,30
6279,0.614601,30
6280,0.6146,30
6281,0.614599,30
6282,0.614597,30
6283,0.614596,30
6284,0.614594,30
6285,0.614593,30
6286,0.614591,30
6287,0.61459,30
6288,0.614589,30
6289,0.614587,30
6290,0.614586,30
6291,0.614584,30
6292,0.614583,30
6293,0.614582,30
6294,0.61458,30
6295,0.614579,30
6296,0.614577,30
6297,0.614576,30
6298,0.614575,30
6299,0.614573,30
6300,0.614572,30
6301,0.61457,30
6302,0.614569,30
6303,0.614568,30
6304,0.614566,30
6305,0.614565,30
6306,0.614563,30
6307,0.614562,30
6308,0.614561,30
6309,0.614559,30
6310,0.614558,30
6311,0.614556,30
6312,0.614555,30
6313,0.614554,30
6314,0.614552,30
6315,0.614551,30
6316,0.614549,30
6317,0.614548,30
6318,0.614547,30
6319,0.614545,30
6320,0.614544,30
6321,0.614542,30
6322,0.614541,30
6323,0.61454,30
6324,0.614538,30
6325,0.614537,30
6326,0.614536,30
6327,0.614534,30
6328,0.614533,30
6329,0.614531,30
6330,0.61453,30
6331,0.614529,30
6332,0.614527,30
6333,0.614526,30
6334,0.614525,30
6335,0.614523,30
6336,0.614522,30
6337,0.61452,30
6338,0.614519,30
6339,0.614518,30
6340,0.614516,30
6341,0.614515,30
6342,0.614513,30
6343,0.614512,30
6344,0.614511,30
6345,0.614509,30
6346,0.614508,30
6347,0.614507,30
6348,0.614505,30
6349,0.614504,30
6350,0.614503,30
6351,0.614501,30
6352,0.6145,30
6353,0.614498,30
6354,0.614497,30
6355,0.614496,30
6356,0.614494,30
6357,0.614493,30
6358,0.614492,30
6359,0.61449,30
6360,0.614489,30
6361,0.614488,30
6362,0.614486,30
6363,0.614485,30
6364,0.614483,30
6365,0.614482,30
6366,0.614481,30
6367,0.614479,30
6368,0.614478,30
6369,0.614477,30
6370,0.614475,30
6371,0.614474,30
6372,0.614473,30
6373,0.614471,30
6374,0.61447,30
6375,0.614469,30
6376,0.614467,30
6377,0.614466,30
6378,0.614465,30
6379,0.614463,30
6380,0.614462,30
6381,0.61446,30
6382,0.614459,30
6383,0.614458,30
6384,0.614456,30
6385,0.614455,30
6386,0.614454,30
6387,0.614452,30
6388,0.614451,30
6389,0.61445,30
6390,0.614448,30
6391,0.614447,30
6392,0.614446,30
6393,0.614444,30
6394,0.614443,30
6395,0.614442,30
6396,0.61444,30
6397,0.614439,30
6398,0.614438,30
6399,0.614436,30
6400,0.614435,30
6401,0.614434,30
6402,0.614432,30
6403,0.614431,30
6404,0.61443,30
6405,0.614428,30
6406,0.614427,30
6407,0.614426,30
6408,0.614424,30
6409,0.614423,30
6410,0.614422,30
6411,0.61442,30
6412,0.614419,30
6413,0.614418,30
6414,0.614416,30
6415,0.614415,30
6416,0.614414,30
6417,0.614412,30
6418,0.614411,30
6419,0.61441,30
6420,0.614408,30
6421,0.614407,30
6422,0.614406,30
6423,0.614405,30
6424,0.614403,30
6425,0.614402,30
6426,0.614401,30
6427,0.614399,30
6428,0.614398,30
6429,0.614397,30
6430,0.614395,30
6431,0.614394,30
6432,0.614393,30
6433,0.614391,30
6434,0.61439,30
6435,0.614389,30
6436,0.614387,30
6437,0.614386,30
6438,0.614385,30
6439,0.614383,30
6440,0.614382,30
6441,0.614381,30
6442,0.61438,30
6443,0.614378,30
6444,0.614377,30
6445,0.614376,30
6446,0.614374,30
6447,0.614373,30
6448,0.614372,30
6449,0.61437,30
6450,0.614369,30
6451,0.614368,30
6452,0.614367,30
6453,0.614365,30
6454,0.614364,30
6455,0.614363,30
6456,0.614361,30
6457,0.61436,30
6458,0.614359,30
6459,0.614357,30
6460,0.614356,30
6461,0.614355,30
6462,0.614354,30
6463,0.614352,30
6464,0.614351,30
6465,0.61435,30
6466,0.614348,30
6467,0.614347,30
6468,0.614346,30
6469,0.614345,30
6470,0.614343,30
6471,0.614342,30
6472,0.614341,30
6473,0.614339,30
6474,0.614338,30
6475,0.614337,30
6476,0.614336,30
6477,0.614334,30
6478,0.614333,30
6479,0.614332,30
6480,0.61433,30
6481,0.614329,30
6482,0.614328,30
6483,0.614327,30
6484,0.614325,30
6485,0.614324,30
6486,0.614323,30
6487,0.614321,30
6488,0.61432,30
6489,0.614319,30
6490,0.614318,30
6491,0.614316,30
6492,0.614315,30
6493,0.614314,30
6494,0.614313,30
6495,0.614311,30
6496,0.61431,30
6497,0.614309,30
6498,0.614307,30
6499,0.614306,30
6500,0.614305,30
6501,0.614304,30
6502,0.614302,30
6503,0.614301,30
6504,0.6143,30
6505,0.614299,30
6506,0.614297,30
6507,0.614296,30
6508,0.614295,30
6509,0.614294,30
6510,0.614292,30
6511,0.614291,30
6512,0.61429,30
6513,0.614288,30
6514,0.614287,30
6515,0.614286,30
6516,0.614285,30
6517,0.614283,30
6518,0.614282,30
6519,0.614281,30
6520,0.61428,30
6521,0.614278,30
6522,0.614277,30
6523,0.614276,30
6524,0.614275,30
6525,0.614273,30
6526,0.614272,30
6527,0.614271,30
6528,0.61427,30
6529,0.614268,30
6530,0.614267,30
6531,0.614266,30
6532,0.614265,30
6533,0.614263,30
6534,0.614262,30
6535,0.614261,30
6536,0.61426,30
6537,0.614258,30
6538,0.614257,30
6539,0.614256,30
6540,0.614255,30
6541,0.614253,30
6542,0.614252,30
6543,0.614251,30
6544,0.61425,30
6545,0.614248,30
6546,0.614247,30
6547,0.614246,30
6548,0.614245,30
6549,0.614244,30
6550,0.614242,30
6551,0.614241,30
6552,0.61424,30
6553,0.614239,30
6554,0.614237,30
6555,0.614236,30
6556,0.614235,30
6557,0.614234,30
6558,0.614232,30
6559,0.614231,30
6560,0.61423,30
6561,0.614229,30
6562,0.614227,30
6563,0.614226,30
6564,0.614225,30
6565,0.614224,30
6566,0.614223,30
6567,0.614221,30
6568,0.61422,30
6569,0.614219,30
6570,0.614218,30
6571,0.614216,30
6572,0.614215,30
6573,0.614214,30
6574,0.614213,30
6575,0.614212,30
6576,0.61421,30
6577,0.614209,30
6578,0.614208,30
6579,0.614207,30
6580,0.614205,30
6581,0.614204,30
6582,0.614203,30
6583,0.614202,30
6584,0.614201,30
6585,0.614199,30
6586,0.614198,30
6587,0.614197,30
6588,0.614196,30
6589,0.614194,30
6590,0.614193,30
6591,0.614192,30
6592,0.614191,30
6593,0.61419,30
6594,0.614188,30
6595,0.614187,30
6596,0.614186,30
6597,0.614185,30
6598,0.614184,30
6599,0.614182,30
6600,0.614181,30
6601,0.61418,30
6602,0.614179,30
6603,0.614178,30
6604,0.614176,30
6605,0.614175,30
6606,0.614174,30
6607,0.614173,30
6608,0.614172,30
6609,0.61417,30
6610,0.614169,30
6611,0.614168,30
6612,0.614167,30
6613,0.614166,30
6614,0.614164,30
6615,0.614163,30
6616,0.614162,30
6617,0.614161,30
6618,0.61416,30
6619,0.614158,30
6620,0.614157,30
6621,0.614156,30
6622,0.614155,30
6623,0.614154,30
6624,0.614152,30
6625,0.614151,30
6626,0.61415,30
6627,0.614149,30
6628,0.614148,30
6629,0.614146,30
6630,0.614145,30
6631,0.614144,30
6632,0.614143,30
6633,0.614142,30
6634,0.61414,30
6635,0.614139,30
6636,0.614138,30
6637,0.614137,30
6638,0.614136,30
6639,0.614135,30
6640,0.614133,30
6641,0.614132,30
6642,0.614131,30
6643,0.61413,30
6644,0.614129,30
6645,0.614127,30
6646,0.614126,30
6647,0.614125,30
6648,0.614124,30
6649,0.614123,30
6650,0.614122,30
6651,0.61412,30
6652,0.614119,30
6653,0.614118,30
6654,0.614117,30
6655,0.614116,30
6656,0.614115,30
6657,0.614113,30
6658,0.614112,30
6659,0.614111,30
6660,0.61411,30
6661,0.614109,30
6662,0.614107,30
6663,0.614106,30
6664,0.614105,30
6665,0.614104,30
6666,0.614103,30
6667,0.614102,30
6668,0.6141,30
6669,0.614099,30
6670,0.614098,30
6671,0.614097,30
6672,0.614096,30
6673,0.614095,30
6674,0.614093,30
6675,0.614092,30
6676,0.614091,30
6677,0.61409,30
6678,0.614089,30
6679,0.614088,30
6680,0.614087,30
6681,0.614085,30
6682,0.614084,30
6683,0.614083,30
6684,0.614082,30
6685,0.614081,30
6686,0.61408,30
6687,0.614078,30
6688,0.614077,30
6689,0.614076,30
6690,0.614075,30
6691,0.614074,30
6692,0.614073,30
6693,0.614071,30
6694,0.61407,30
6695,0.614069,30
6696,0.614068,30
6697,0.614067,30
6698,0.614066,30
6699,0.614065,30
6700,0.614063,30
6701,0.614062,30
6702,0.614061,30
6703,0.61406,30
6704,0.614059,30
6705,0.614058,30
6706,0.614057,30
6707,0.614055,30
6708,0.614054,30
6709,0.614053,30
6710,0.614052,30
6711,0.614051,30
6712,0.61405,30
6713,0.614049,30
6714,0.614047,30
6715,0.614046,30
6716,0.614045,30
6717,0.614044,30
6718,0.614043,30
6719,0.614042,30
6720,0.614041,30
6721,0.614039,30
6722,0.614038,30
6723,0.614037,30
6724,0.614036,30
6725,0.614035,30
6726,0.614034,30
6727,0.614033,30
6728,0.614032,30
6729,0.61403,30
6730,0.614029,30
6731,0.614028,30
6732,0.614027,30
6733,0.614026,30
6734,0.614025,30
6735,0.614024,30
6736,0.614022,30
6737,0.614021,30
6738,0.61402,30
6739,0.614019,30
6740,0.614018,30
6741,0.614017,30
6742,0.614016,30
6743,0.614015,30
6744,0.614013,30
6745,0.614012,30
6746,0.614011,30
6747,0.61401,30
6748,0.614009,30
6749,0.614008,30
6750,0.614007,30
6751,0.614006,30
6752,0.614005,30
6753,0.614003,30
6754,0.614002,30
6755,0.614001,30
6756,0.614,30
6757,0.613999,30
6758,0.613998,30
6759,0.613997,30
6760,0.613996,30
6761,0.613994,30
6762,0.613993,30
6763,0.613992,30
6764,0.613991,30
6765,0.61399,30
6766,0.613989,30
6767,0.613988,30
6768,0.613987,30
6769,0.613986,30
6770,0.613984,30
6771,0.613983,30
6772,0.613982,30
6773,0.613981,30
6774,0.61398,30
6775,0.613979,30
6776,0.613978,30
6777,0.613977,30
6778,0.613976,30
6779,0.613975,30
6780,0.613973,30
6781,0.613972,30
6782,0.613971,30
6783,0.61397,30
6784,0.613969,30
6785,0.613968,30
6786,0.613967,30
6787,0.613966,30
6788,0.613965,30
6789,0.613963,30
6790,0.613962,30
6791,0.613961,30
6792,0.61396,30
6793,0.613959,30
6794,0.613958,30
6795,0.613957,30
6796,0.613956,30
6797,0.613955,30
6798,0.613954,30
6799,0.613953,30
6800,0.613951,30
6801,0.61395,30
6802,0.613949,30
6803,0.613948,30
6804,0.613947,30
6805,0.613946,30
6806,0.613945,30
6807,0.613944,30
6808,0.613943,30
6809,0.613942,30
6810,0.613941,30
6811,0.613939,30
6812,0.613938,30
6813,0.613937,30
6814,0.613936,30
6815,0.613935,30
6816,0.613934,30
6817,0.613933,30
6818,0.613932,30
6819,0.613931,30
6820,0.61393,30
6821,0.613929,30
6822,0.613928,30
6823,0.613926,30
6824,0.613925,30
6825,0.613924,30
6826,0.613923,30
6827,0.613922,30
6828,0.613921,30
6829,0.61392,30
6830,0.613919,30
6831,0.613918,30
6832,0.613917,30
6833,0.613916,30
6834,0.613915,30
6835,0.613914,30
6836,0.613912,30
6837,0.613911,30
6838,0.61391,30
6839,0.613909,30
6840,0.613908,30
6841,0.613907,30
6842,0.613906,30
6843,0.613905,30
6844,0.613904,30
6845,0.613903,30
6846,0.613902,30
6847,0.613901,30
6848,0.6139,30
6849,0.613899,30
6850,0.613898,30
6851,0.613896,30
6852,0.613895,30
6853,0.613894,30
6854,0.613893,30
6855,0.613892,30
6856,0.613891,30
6857,0.61389,30
6858,0.613889,30
6859,0.613888,30
6860,0.613887,30
6861,0.613886,30
6862,0.613885,30
6863,0.613884,30
6864,0.613883,30
6865,0.613882,30
6866,0.613881,30
6867,0.613879,30
6868,0.613878,30
6869,0.613877,30
6870,0.613876,30
6871,0.613875,30
6872,0.613874,30
6873,0.613873,30
6874,0.613872,30
6875,0.613871,30
6876,0.61387,30
6877,0.613869,30
6878,0.613868,30
6879,0.613867,30
6880,0.613866,30
6881,0.613865,30
6882,0.613864,30
6883,0.613863,30
6884,0.613862,30
6885,0.613861,30
6886,0.613859,30
6887,0.613858,30
6888,0.613857,30
6889,0.613856,30
6890,0.613855,30
6891,0.613854,30
6892,0.613853,30
6893,0.613852,30
6894,0.613851,30
6895,0.61385,30
6896,0.613849,30
6897,0.613848,30
6898,0.613847,30
6899,0.613846,30
6900,0.613845,30
6901,0.613844,30
6902,0.613843,30
6903,0.613842,30
6904,0.613841,30
6905,0.61384,30
6906,0.613839,30
6907,0.613838,30
6908,0.613837,30
6909,0.613836,30
6910,0.613835,30
6911,0.613833,30
6912,0.613832,30
6913,0.613831,30
6914,0.61383,30
6915,0.613829,30
6916,0.613828,30
6917,0.613827,30
6918,0.613826,30
6919,0.613825,30
6920,0.613824,30
6921,0.613823,30
6922,0.613822,30
6923,0.613821,30
6924,0.61382,30
6925,0.613819,30
6926,0.613818,30
6927,0.613817,30
6928,0.613816,30
6929,0.613815,30
6930,0.613814,30
6931,0.613813,30
6932,0.613812,30
6933,0.613811,30
6934,0.61381,30
6935,0.613809,30
6936,0.613808,30
6937,0.613807,30
6938,0.613806,30
6939,0.613805,30
6940,0.613804,30
6941,0.613803,30
6942,0.613802,30
6943,0.613801,30
6944,0.6138,30
6945,0.613799,30
6946,0.613798,30
6947,0.613797,30
6948,0.613796,30
6949,0.613795,30
6950,0.613794,30
6951,0.613793,30
6952,0.613792,30
6953,0.613791,30
6954,0.61379,30
6955,0.613789,30
6956,0.613787,30
6957,0.613786,30
6958,0.613785,30
6959,0.613784,30
6960,0.613783,30
6961,0.613782,30
6962,0.613781,30
6963,0.61378,30
6964,0.613779,30
6965,0.613778,30
6966,0.613777,30
6967,0.613776,30
6968,0.613775,30
6969,0.613774,30
6970,0.613773,30
6971,0.613772,30
6972,0.613771,30
6973,0.61377,30
6974,0.613769,30
6975,0.613768,30
6976,0.613767,30
6977,0.613766,30
6978,0.613765,30
6979,0.613764,30
6980,0.613763,30
6981,0.613762,30
6982,0.613761,30
6983,0.61376,30
6984,0.613759,30
6985,0.613758,30
6986,0.613757,30
6987,0.613756,30
6988,0.613755,30
6989,0.613754,30
6990,0.613753,30
6991,0.613752,30
6992,0.613751,30
6993,0.61375,30
6994,0.613749,30
6995,0.613748,30
6996,0.613747,30
6997,0.613746,30
6998,0.613745,30
6999,0.613745,30
7000,0.613744,30
7001,0.613743,30
7002,0.613742,30
7003,0.613741,30
7004,0.61374,30
7005,0.613739,30
7006,0.613738,30
7007,0.613737,30
7008,0.613736,30
7009,0.613735,30
7010,0.613734,30
7011,0.613733,30
7012,0.613732,30
7013,0.613731,30
7014,0.61373,30
7015,0.613729,30
7016,0.613728,30
7017,0.613727,30
7018,0.613726,30
7019,0.613725,30
7020,0.613724,30
7021,0.613723,30
7022,0.613722,30
7023,0.613721,30
7024,0.61372,30
7025,0.613719,30
7026,0.613718,30
7027,0.613717,30
7028,0.613716,30
7029,0.613715,30
7030,0.613714,30
7031,0.613713,30
7032,0.613712,30
7033,0.613711,30
7034,0.61371,30
7035,0.613709,30
7036,0.613708,30
7037,0.613707,30
7038,0.613706,30
7039,0.613705,30
7040,0.613704,30
7041,0.613703,30
7042,0.613702,30
7043,0.613701,30
7044,0.6137,30
7045,0.6137,30
7046,0.613699,30
7047,0.613698,30
7048,0.613697,30
7049,0.613696,30
7050,0.613695,30
7051,0.613694,30
7052,0.613693,30
7053,0.613692,30
7054,0.613691,30
7055,0.61369,30
7056,0.613689,30
7057,0.613688,30
7058,0.613687,30
7059,0.613686,30
7060,0.613685,30
7061,0.613684,30
7062,0.613683,30
7063,0.613682,30
7064,0.613681,30
7065,0.61368,30
7066,0.613679,30
7067,0.613678,30
7068,0.613677,30
7069,0.613676,30
7070,0.613675,30
7071,0.613675,30
7072,0.613674,30
7073,0.613673,30
7074,0.613672,30
7075,0.613671,30
7076,0.61367,30
7077,0.613669,30
7078,0.613668,30
7079,0.613667,30
7080,0.613666,30
7081,0.613665,30
7082,0.613664,30
7083,0.613663,30
7084,0.613662,30
7085,0.613661,30
7086,0.61366,30
7087,0.613659,30
7088,0.613658,30
7089,0.613657,30
7090,0.613656,30
7091,0.613656,30
7092,0.613655,30
7093,0.613654,30
7094,0.613653,30
7095,0.613652,30
7096,0.613651,30
7097,0.61365,30
7098,0.613649,30
7099,0.613648,30
7100,0.613647,30
7101,0.613646,30
7102,0.613645,30
7103,0.613644,30
7104,0.613643,30
7105,0.613642,30
7106,0.613641,30
7107,0.61364,30
7108,0.61364,30
7109,0.613639,30
7110,0.613638,30
7111,0.613637,30
7112,0.613636,30
7113,0.613635,30
7114,0.613634,30
7115,0.613633,30
7116,0.613632,30
7117,0.613631,30
7118,0.61363,30
7119,0.613629,30
7120,0.613628,30
7121,0.613627,30
7122,0.613626,30
7123,0.613626,30
7124,0.613625,30
7125,0.613624,30
7126,0.613623,30
7127,0.613622,30
7128,0.613621,30
7129,0.61362,30
7130,0.613619,30
7131,0.613618,30
7132,0.613617,30
7133,0.613616,30
7134,0.613615,30
7135,0.613614,30
7136,0.613613,30
7137,0.613613,30
7138,0.613612,30
7139,0.613611,30
7140,0.61361,30
7141,0.613609,30
7142,0.613608,30
7143,0.613607,30
7144,0.613606,30
7145,0.613605,30
7146,0.613604,30
7147,0.613603,30
7148,0.613602,30
7149,0.613601,30
7150,0.613601,30
7151,0.6136,30
7152,0.613599,30
7153,0.613598,30
7154,0.613597,30
7155,0.613596,30
7156,0.613595,30
7157,0.613594,30
7158,0.613593,30
7159,0.613592,30
7160,0.613591,30
7161,0.613591,30
7162,0.61359,30
7163,0.613589,30
7164,0.613588,30
7165,0.613587,30
7166,0.613586,30
7167,0.613585,30
7168,0.613584,30
7169,0.613583,30
7170,0.613582,30
7171,0.613581,30
7172,0.61358,30
7173,0.61358,30
7174,0.613579,30
7175,0.613578,30
7176,0.613577,30
7177,0.613576,30
7178,0.613575,30
7179,0.613574,30
7180,0.613573,30
7181,0.613572,30
7182,0.613571,30
7183,0.613571,30
7184,0.61357,30
7185,0.613569,30
7186,0.613568,30
7187,0.613567,30
7188,0.613566,30
7189,0.613565,30
7190,0.613564,30
7191,0.613563,30
7192,0.613562,30
7193,0.613562,30
7194,0.613561,30
7195,0.61356,30
7196,0.613559,30
7197,0.613558,30
7198,0.613557,30
7199,0.613556,30
7200,0.613555,30
7201,0.613554,30
7202,0.613553,30
7203,0.613553,30
7204,0.613552,30
7205,0.613551,30
7206,0.61355,30
7207,0.613549,30
7208,0.613548,30
7209,0.613547,30
7210,0.613546,30
7211,0.613545,30
7212,0.613545,30
7213,0.613544,30
7214,0.613543,30
7215,0.613542,30
7216,0.613541,30
7217,0.61354,30
7218,0.613539,30
7219,0.613538,30
7220,0.613537,30
7221,0.613537,30
7222,0.613536,30
7223,0.613535,30
7224,0.613534,30
7225,0.613533,30
7226,0.613532,30
7227,0.613531,30
7228,0.61353,30
7229,0.613529,30
7230,0.613529,30
7231,0.613528,30
7232,0.613527,30
7233,0.613526,30
7234,0.613525,30
7235,0.613524,30
7236,0.613523,30
7237,0.613522,30
7238,0.613522,30
7239,0.613521,30
7240,0.61352,30
7241,0.613519,30
7242,0.613518,30
7243,0.613517,30
7244,0.613516,30
7245,0.613515,30
7246,0.613515,30
7247,0.613514,30
7248,0.613513,30
7249,0.613512,30
7250,0.613511,30
7251,0.61351,30
7252,0.613509,30
7253,0.613508,30
7254,0.613508,30
7255,0.613507,30
7256,0.613506,30
7257,0.613505,30
7258,0.613504,30
7259,0.613503,30
7260,0.613502,30
7261,0.613501,30
7262,0.613501,30
7263,0.6135,30
7264,0.613499,30
7265,0.613498,30
7266,0.613497,30
7267,0.613496,30
7268,0.613495,30
7269,0.613495,30
7270,0.613494,30
7271,0.613493,30
7272,0.613492,30
7273,0.613491,30
7274,0.61349,30
7275,0.613489,30
7276,0.613488,30
7277,0.613488,30
7278,0.613487,30
7279,0.613486,30
7280,0.613485,30
7281,0.613484,30
7282,0.613483,30
7283,0.613482,30
7284,0.613482,30
7285,0.613481,30
7286,0.61348,30
7287,0.613479,30
7288,0.613478,30
7289,0.613477,30
7290,0.613476,30
7291,0.613476,30
7292,0.613475,30
7293,0.613474,30
7294,0.613473,30
7295,0.613472,30
7296,0.613471,30
7297,0.61347,30
7298,0.61347,30
7299,0.613469,30
7300,0.613468,30
7301,0.613467,30
7302,0.613466,30
7303,0.613465,30
7304,0.613464,30
7305,0.613464,30
7306,0.613463,30
7307,0.613462,30
7308,0.613461,30
7309,0.61346,30
7310,0.613459,30
7311,0.613459,30
7312,0.613458,30
7313,0.613457,30
7314,0.613456,30
7315,0.613455,30
7316,0.613454,30
7317,0.613453,30
7318,0.613453,30
7319,0.613452,30
7320,0.613451,30
7321,0.61345,30
7322,0.613449,30
7323,0.613448,30
7324,0.613448,30
7325,0.613447,30
7326,0.613446,30
7327,0.613445,30
7328,0.613444,30
7329,0.613443,30
7330,0.613443,30
7331,0.613442,30
7332,0.613441,30
7333,0.61344,30
7334,0.613439,30
7335,0.613438,30
7336,0.613437,30
7337,0.613437,30
7338,0.613436,30
7339,0.613435,30
7340,0.613434,30
7341,0.613433,30
7342,0.613432,30
7343,0.613432,30
7344,0.613431,30
7345,0.61343,30
7346,0.613429,30
7347,0.613428,30
7348,0.613427,30
7349,0.613427,30
7350,0.613426,30
7351,0.613425,30
7352,0.613424,30
7353,0.613423,30
7354,0.613422,30
7355,0.613422,30
7356,0.613421,30
7357,0.61342,30
7358,0.613419,30
7359,0.613418,30
7360,0.613418,30
7361,0.613417,30
7362,0.613416,30
7363,0.613415,30
7364,0.613414,30
7365,0.613413,30
7366,0.613413,30
7367,0.613412,30
7368,0.613411,30
7369,0.61341,30
7370,0.613409,30
7371,0.613408,30
7372,0.613408,30
7373,0.613407,30
7374,0.613406,30
7375,0.613405,30
7376,0.613404,30
7377,0.613404,30
7378,0.613403,30
7379,0.613402,30
7380,0.613401,30
7381,0.6134,30
7382,0.613399,30
7383,0.613399,30
7384,0.613398,30
7385,0.613397,30
7386,0.613396,30
7387,0.613395,30
7388,0.613395,30
7389,0.613394,30
7390,0.613393,30
7391,0.613392,30
7392,0.613391,30
7393,0.61339,30
7394,0.61339,30
7395,0.613389,30
7396,0.613388,30
7397,0.613387,30
7398,0.613386,30
7399,0.613386,30
7400,0.613385,30
7401,0.613384,30
7402,0.613383,30
7403,0.613382,30
7404,0.613382,30
7405,0.613381,30
7406,0.61338,30
7407,0.613379,30
7408,0.613378,30
7409,0.613377,30
7410,0.613377,30
7411,0.613376,30
7412,0.613375,30
7413,0.613374,30
7414,0.613373,30
7415,0.613373,30
7416,0.613372,30
7417,0.613371,30
7418,0.61337,30
7419,0.613369,30
7420,0.613369,30
7421,0.613368,30
7422,0.613367,30
7423,0.613366,30
7424,0.613365,30
7425,0.613365,30
7426,0.613364,30
7427,0.613363,30
7428,0.613362,30
7429,0.613361,30
7430,0.613361,30
7431,0.61336,30
7432,0.613359,30
7433,0.613358,30
7434,0.613357,30
7435,0.613357,30
7436,0.613356,30
7437,0.613355,30
7438,0.613354,30
7439,0.613353,30
7440,0.613353,30
7441,0.613352,30
7442,0.613351,30
7443,0.61335,30
7444,0.613349,30
7445,0.613349,30
7446,0.613348,30
7447,0.613347,30
7448,0.613346,30
7449,0.613345,30
7450,0.613345,30
7451,0.613344,30
7452,0.613343,30
7453,0.613342,30
7454,0.613342,30
7455,0.613341,30
7456,0.61334,30
7457,0.613339,30
7458,0.613338,30
7459,0.613338,30
7460,0.613337,30
7461,0.613336,30
7462,0.613335,30
7463,0.613334,30
7464,0.613334,30
7465,0.613333,30
7466,0.613332,30
7467,0.613331,30
7468,0.613331,30
7469,0.61333,30
7470,0.613329,30
7471,0.613328,30
7472,0.613327,30
7473,0.613327,30
7474,0.613326,30
7475,0.613325,30
7476,0.613324,30
7477,0.613323,30
7478,0.613323,30
7479,0.613322,30
7480,0.613321,30
7481,0.61332,30
7482,0.61332,30
7483,0.613319,30
7484,0.613318,30
7485,0.613317,30
7486,0.613316,30
7487,0.613316,30
7488,0.613315,30
7489,0.613314,30
7490,0.613313,30
7491,0.613313,30
7492,0.613312,30
7493,0.613311,30
7494,0.61331,30
7495,0.613309,30
7496,0.613309,30
7497,0.613308,30
7498,0.613307,30
7499,0.613306,30
7500,0.613306,30
7501,0.613305,30
7502,0.613304,30
7503,0.613303,30
7504,0.613303,30
7505,0.613302,30
7506,0.613301,30
7507,0.6133,30
7508,0.613299,30
7509,0.613299,30
7510,0.613298,30
7511,0.613297,30
7512,0.613296,30
7513,0.613296,30
7514,0.613295,30
7515,0.613294,30
7516,0.613293,30
7517,0.613293,30
7518,0.613292,30
7519,0.613291,30
7520,0.61329,30
7521,0.61329,30
7522,0.613289,30
7523,0.613288,30
7524,0.613287,30
7525,0.613286,30
7526,0.613286,30
7527,0.613285,30
7528,0.613284,30
7529,0.613283,30
7530,0.613283,30
7531,0.613282,30
7532,0.613281,30
7533,0.61328,30
7534,0.61328,30
7535,0.613279,30
7536,0.613278,30
7537,0.613277,30
7538,0.613277,30
7539,0.613276,30
7540,0.613275,30
7541,0.613274,30
7542,0.613274,30
7543,0.613273,30
7544,0.613272,30
7545,0.613271,30
7546,0.613271,30
7547,0.61327,30
7548,0.613269,30
7549,0.613268,30
7550,0.613268,30
7551,0.613267,30
7552,0.613266,30
7553,0.613265,30
7554,0.613264,30
7555,0.613264,30
7556,0.613263,30
7557,0.613262,30
7558,0.613261,30
7559,0.613261,30
7560,0.61326,30
7561,0.613259,30
7562,0.613258,30
7563,0.613258,30
7564,0.613257,30
7565,0.613256,30
7566,0.613256,30
7567,0.613255,30
7568,0.613254,30
7569,0.613253,30
7570,0.613253,30
7571,0.613252,30
7572,0.613251,30
7573,0.61325,30
7574,0.61325,30
7575,0.613249,30
7576,0.613248,30
7577,0.613247,30
7578,0.613247,30
7579,0.613246,30
7580,0.613245,30
7581,0.613244,30
7582,0.613244,30
7583,0.613243,30
7584,0.613242,30
7585,0.613241,30
7586,0.613241,30
7587,0.61324,30
7588,0.613239,30
7589,0.613238,30
7590,0.613238,30
7591,0.613237,30
7592,0.613236,30
7593,0.613235,30
7594,0.613235,30
7595,0.613234,30
7596,0.613233,30
7597,0.613233,30
7598,0.613232,30
7599,0.613231,30
7600,0.61323,30
7601,0.61323,30
7602,0.613229,30
7603,0.613228,30
7604,0.613227,30
7605,0.613227,30
7606,0.613226,30
7607,0.613225,30
7608,0.613224,30
7609,0.613224,30
7610,0.613223,30
7611,0.613222,30
7612,0.613222,30
7613,0.613221,30
7614,0.61322,30
7615,0.613219,30
7616,0.613219,30
7617,0.613218,30
7618,0.613217,30
7619,0.613216,30
7620,0.613216,30
7621,0.613215,30
7622,0.613214,30
7623,0.613214,30
7624,0.613213,30
7625,0.613212,30
7626,0.613211,30
7627,0.613211,30
7628,0.61321,30
7629,0.613209,30
7630,0.613208,30
7631,0.613208,30
7632,0.613207,30
7633,0.613206,30
7634,0.613206,30
7635,0.613205,30
7636,0.613204,30
7637,0.613203,30
7638,0.613203,30
7639,0.613202,30
7640,0.613201,30
7641,0.6132,30
7642,0.6132,30
7643,0.613199,30
7644,0.613198,30
7645,0.613198,30
7646,0.613197,30
7647,0.613196,30
7648,0.613195,30
7649,0.613195,30
7650,0.613194,30
7651,0.613193,30
7652,0.613193,30
7653,0.613192,30
7654,0.613191,30
7655,0.61319,30
7656,0.61319,30
7657,0.613189,30
7658,0.613188,30
7659,0.613188,30
7660,0.613187,30
7661,0.613186,30
7662,0.613185,30
7663,0.613185,30
7664,0.613184,30
7665,0.613183,30
7666,0.613183,30
7667,0.613182,30
7668,0.613181,30
7669,0.61318,30
7670,0.61318,30
7671,0.613179,30
7672,0.613178,30
7673,0.613178,30
7674,0.613177,30
7675,0.613176,30
7676,0.613176,30
7677,0.613175,30
7678,0.613174,30
7679,0.613173,30
7680,0.613173,30
7681,0.613172,30
7682,0.613171,30
7683,0.613171,30
7684,0.61317,30
7685,0.613169,30
7686,0.613168,30
7687,0.613168,30
7688,0.613167,30
7689,0.613166,30
7690,0.613166,30
7691,0.613165,30
7692,0.613164,30
7693,0.613164,30
7694,0.613163,30
7695,0.613162,30
7696,0.613161,30
7697,0.613161,30
7698,0.61316,30
7699,0.613159,30
7700,0.613159,30
7701,0.613158,30
7702,0.613157,30
7703,0.613157,30
7704,0.613156,30
7705,0.613155,30
7706,0.613154,30
7707,0.613154,30
7708,0.613153,30
7709,0.613152,30
7710,0.613152,30
7711,0.613151,30
7712,0.61315,30
7713,0.61315,30
7714,0.613149,30
7715,0.613148,30
7716,0.613147,30
7717,0.613147,30
7718,0.613146,30
7719,0.613145,30
7720,0.613145,30
7721,0.613144,30
7722,0.613143,30
7723,0.613143,30
7724,0.613142,30
7725,0.613141,30
7726,0.613141,30
7727,0.61314,30
7728,0.613139,30
7729,0.613138,30
7730,0.613138,30
7731,0.613137,30
7732,0.613136,30
7733,0.613136,30
7734,0.613135,30
7735,0.613134,30
7736,0.613134,30
7737,0.613133,30
7738,0.613132,30
7739,0.613132,30
7740,0.613131,30
7741,0.61313,30
7742,0.61313,30
7743,0.613129,30
7744,0.613128,30
7745,0.613127,30
7746,0.613127,30
7747,0.613126,30
7748,0.613125,30
7749,0.613125,30
7750,0.613124,30
7751,0.613123,30
7752,0.613123,30
7753,0.613122,30
7754,0.613121,30
7755,0.613121,30
7756,0.61312,30
7757,0.613119,30
7758,0.613119,30
7759,0.613118,30
7760,0.613117,30
7761,0.613117,30
7762,0.613116,30
7763,0.613115,30
7764,0.613115,30
7765,0.613114,30
7766,0.613113,30
7767,0.613113,30
7768,0.613112,30
7769,0.613111,30
7770,0.61311,30
7771,0.61311,30
7772,0.613109,30
7773,0.613108,30
7774,0.613108,30
7775,0.613107,30
7776,0.613106,30
7777,0.613106,30
7778,0.613105,30
7779,0.613104,30
7780,0.613104,30
7781,0.613103,30
7782,0.613102,30
7783,0.613102,30
7784,0.613101,30
7785,0.6131,30
7786,0.6131,30
7787,0.613099,30
7788,0.613098,30
7789,0.613098,30
7790,0.613097,30
7791,0.613096,30
7792,0.613096,30
7793,0.613095,30
7794,0.613094,30
7795,0.613094,30
7796,0.613093,30
7797,0.613092,30
7798,0.613092,30
7799,0.613091,30
7800,0.61309,30
7801,0.61309,30
7802,0.613089,30
7803,0.613088,30
7804,0.613088,30
7805,0.613087,30
7806,0.613086,30
7807,0.613086,30
7808,0.613085,30
7809,0.613084,30
7810,0.613084,30
7811,0.613083,30
7812,0.613082,30
7813,0.613082,30
7814,0.613081,30
7815,0.61308,30
7816,0.61308,30
7817,0.613079,30
7818,0.613078,30
7819,0.613078,30
7820,0.613077,30
7821,0.613076,30
7822,0.613076,30
7823,0.613075,30
7824,0.613074,30
7825,0.613074,30
7826,0.613073,30
7827,0.613073,30
7828,0.613072,30
7829,0.613071,30
7830,0.613071,30
7831,0.61307,30
7832,0.613069,30
7833,0.613069,30
7834,0.613068,30
7835,0.613067,30
7836,0.613067,30
7837,0.613066,30
7838,0.613065,30
7839,0.613065,30
7840,0.613064,30
7841,0.613063,30
7842,0.613063,30
7843,0.613062,30
7844,0.613061,30
7845,0.613061,30
7846,0.61306,30
7847,0.613059,30
7848,0.613059,30
7849,0.613058,30
7850,0.613057,30
7851,0.613057,30
7852,0.613056,30
7853,0.613056,30
7854,0.613055,30
7855,0.613054,30
7856,0.613054,30
7857,0.613053,30
7858,0.613052,30
7859,0.613052,30
7860,0.613051,30
7861,0.61305,30
7862,0.61305,30
7863,0.613049,30
7864,0.613048,30
7865,0.613048,30
7866,0.613047,30
7867,0.613046,30
7868,0.613046,30
7869,0.613045,30
7870,0.613045,30
7871,0.613044,30
7872,0.613043,30
7873,0.613043,30
7874,0.613042,30
7875,0.613041,30
7876,0.613041,30
7877,0.61304,30
7878,0.613039,30
7879,0.613039,30
7880,0.613038,30
7881,0.613037,30
7882,0.613037,30
7883,0.613036,30
7884,0.613036,30
7885,0.613035,30
7886,0.613034,30
7887,0.613034,30
7888,0.613033,30
7889,0.613032,30
7890,0.613032,30
7891,0.613031,30
7892,0.61303,30
7893,0.61303,30
7894,0.613029,30
7895,0.613029,30
7896,0.613028,30
7897,0.613027,30
7898,0.613027,30
7899,0.613026,30
7900,0.613025,30
7901,0.613025,30
7902,0.613024,30
7903,0.613023,30
7904,0.613023,30
7905,0.613022,30
7906,0.613022,30
7907,0.613021,30
7908,0.61302,30
7909,0.61302,30
7910,0.613019,30
7911,0.613018,30
7912,0.613018,30
7913,0.613017,30
7914,0.613017,30
7915,0.613016,30
7916,0.613015,30
7917,0.613015,30
7918,0.613014,30
7919,0.613013,30
7920,0.613013,30
7921,0.613012,30
7922,0.613012,30
7923,0.613011,30
7924,0.61301,30
7925,0.61301,30
7926,0.613009,30
7927,0.613008,30
7928,0.613008,30
7929,0.613007,30
7930,0.613007,30
7931,0.613006,30
7932,0.613005,30
7933,0.613005,30
7934,0.613004,30
7935,0.613003,30
7936,0.613003,30
7937,0.613002,30
7938,0.613002,30
7939,0.613001,30
7940,0.613,30
7941,0.613,30
7942,0.612999,30
7943,0.612998,30
7944,0.612998,30
7945,0.612997,30
7946,0.612997,30
7947,0.612996,30
7948,0.612995,30
7949,0.612995,30
7950,0.612994,30
7951,0.612993,30
7952,0.612993,30
7953,0.612992,30
7954,0.612992,30
7955,0.612991,30
7956,0.61299,30
7957,0.61299,30
7958,0.612989,30
7959,0.612989,30
7960,0.612988,30
7961,0.612987,30
7962,0.612987,30
7963,0.612986,30
7964,0.612985,30
7965,0.612985,30
7966,0.612984,30
7967,0.612984,30
7968,0.612983,30
7969,0.612982,30
7970,0.612982,30
7971,0.612981,30
7972,0.612981,30
7973,0.61298,30
7974,0.612979,30
7975,0.612979,30
7976,0.612978,30
7977,0.612977,30
7978,0.612977,30
7979,0.612976,30
7980,0.612976,30
7981,0.612975,30
7982,0.612974,30
7983,0.612974,30
7984,0.612973,30
7985,0.612973,30
7986,0.612972,30
7987,0.612971,30
7988,0.612971,30
7989,0.61297,30
7990,0.61297,30
7991,0.612969,30
7992,0.612968,30
7993,0.612968,30
7994,0.612967,30
7995,0.612967,30
7996,0.612966,30
7997,0.612965,30
7998,0.612965,30
7999,0.612964,30
8000,0.612964,30
8001,0.612963,30
8002,0.612962,30
8003,0.612962,30
8004,0.612961,30
8005,0.61296,30
8006,0.61296,30
8007,0.612959,30
8008,0.612959,30
8009,0.612958,30
8010,0.612957,30
8011,0.612957,30
8012,0.612956,30
8013,0.612956,30
8014,0.612955,30
8015,0.612954,30
8016,0.612954,30
8017,0.612953,30
8018,0.612953,30
8019,0.612952,30
8020,0.612951,30
8021,0.612951,30
8022,0.61295,30
8023,0.61295,30
8024,0.612949,30
8025,0.612949,30
8026,0.612948,30
8027,0.612947,30
8028,0.612947,30
8029,0.612946,30
8030,0.612946,30
8031,0.612945,30
8032,0.612944,30
8033,0.612944,30
8034,0.612943,30
8035,0.612943,30
8036,0.612942,30
8037,0.612941,30
8038,0.612941,30
8039,0.61294,30
8040,0.61294,30
8041,0.612939,30
8042,0.612938,30
8043,0.612938,30
8044,0.612937,30
8045,0.612937,30
8046,0.612936,30
8047,0.612935,30
8048,0.612935,30
8049,0.612934,30
8050,0.612934,30
8051,0.612933,30
8052,0.612933,30
8053,0.612932,30
8054,0.612931,30
8055,0.612931,30
8056,0.61293,30
8057,0.61293,30
8058,0.612929,30
8059,0.612928,30
8060,0.612928,30
8061,0.612927,30
8062,0.612927,30
8063,0.612926,30
8064,0.612925,30
8065,0.612925,30
8066,0.612924,30
8067,0.612924,30
8068,0.612923,30
8069,0.612923,30
8070,0.612922,30
8071,0.612921,30
8072,0.612921,30
8073,0.61292,30
8074,0.61292,30
8075,0.612919,30
8076,0.612918,30
8077,0.612918,30
8078,0.612917,30
8079,0.612917,30
8080,0.612916,30
8081,0.612916,30
8082,0.612915,30
8083,0.612914,30
8084,0.612914,30
8085,0.612913,30
8086,0.612913,30
8087,0.612912,30
8088,0.612912,30
8089,0.612911,30
8090,0.61291,30
8091,0.61291,30
8092,0.612909,30
8093,0.612909,30
8094,0.612908,30
8095,0.612907,30
8096,0.612907,30
8097,0.612906,30
8098,0.612906,30
8099,0.612905,30
8100,0.612905,30
8101,0.612904,30
8102,0.612903,30
8103,0.612903,30
8104,0.612902,30
8105,0.612902,30
8106,0.612901,30
8107,0.612901,30
8108,0.6129,30
8109,0.612899,30
8110,0.612899,30
8111,0.612898,30
8112,0.612898,30
8113,0.612897,30
8114,0.612897,30
8115,0.612896,30
8116,0.612895,30
8117,0.612895,30
8118,0.612894,30
8119,0.612894,30
8120,0.612893,30
8121,0.612893,30
8122,0.612892,30
8123,0.612891,30
8124,0.612891,30
8125,0.61289,30
8126,0.61289,30
8127,0.612889,30
8128,0.612889,30
8129,0.612888,30
8130,0.612887,30
8131,0.612887,30
8132,0.612886,30
8133,0.612886,30
8134,0.612885,30
8135,0.612885,30
8136,0.612884,30
8137,0.612884,30
8138,0.612883,30
8139,0.612882,30
8140,0.612882,30
8141,0.612881,30
8142,0.612881,30
8143,0.61288,30
8144,0.61288,30
8145,0.612879,30
8146,0.612878,30
8147,0.612878,30
8148,0.612877,30
8149,0.612877,30
8150,0.612876,30
8151,0.612876,30
8152,0.612875,30
8153,0.612875,30
8154,0.612874,30
8155,0.612873,30
8156,0.612873,30
8157,0.612872,30
8158,0.612872,30
8159,0.612871,30
8160,0.612871,30
8161,0.61287,30
8162,0.612869,30
8163,0.612869,30
8164,0.612868,30
8165,0.612868,30
8166,0.612867,30
8167,0.612867,30
8168,0.612866,30
8169,0.612866,30
8170,0.612865,30
8171,0.612864,30
8172,0.612864,30
8173,0.612863,30
8174,0.612863,30
8175,0.612862,30
8176,0.612862,30
8177,0.612861,30
8178,0.612861,30
8179,0.61286,30
8180,0.61286,30
8181,0.612859,30
8182,0.612858,30
8183,0.612858,30
8184,0.612857,30
8185,0.612857,30
8186,0.612856,30
8187,0.612856,30
8188,0.612855,30
8189,0.612855,30
8190,0.612854,30
8191,0.612853,30
8192,0.612853,30
8193,0.612852,30
8194,0.612852,30
8195,0.612851,30
8196,0.612851,30
8197,0.61285,30
8198,0.61285,30
8199,0.612849,30
8200,0.612849,30
8201,0.612848,30
8202,0.612847,30
8203,0.612847,30
8204,0.612846,30
8205,0.612846,30
8206,0.612845,30
8207,0.612845,30
8208,0.612844,30
8209,0.612844,30
8210,0.612843,30
8211,0.612842,30
8212,0.612842,30
8213,0.612841,30
8214,0.612841,30
8215,0.61284,30
8216,0.61284,30
8217,0.612839,30
8218,0.612839,30
8219,0.612838,30
8220,0.612838,30
8221,0.612837,30
8222,0.612837,30
8223,0.612836,30
8224,0.612835,30
8225,0.612835,30
8226,0.612834,30
8227,0.612834,30
8228,0.612833,30
8229,0.612833,30
8230,0.612832,30
8231,0.612832,30
8232,0.612831,30
8233,0.612831,30
8234,0.61283,30
8235,0.61283,30
8236,0.612829,30
8237,0.612828,30
8238,0.612828,30
8239,0.612827,30
8240,0.612827,30
8241,0.612826,30
8242,0.612826,30
8243,0.612825,30
8244,0.612825,30
8245,0.612824,30
8246,0.612824,30
8247,0.612823,30
8248,0.612823,30
8249,0.612822,30
8250,0.612821,30
8251,0.612821,30
8252,0.61282,30
8253,0.61282,30
8254,0.612819,30
8255,0.612819,30
8256,0.612818,30
8257,0.612818,30
8258,0.612817,30
8259,0.612817,30
8260,0.612816,30
8261,0.612816,30
8262,0.612815,30
8263,0.612815,30
8264,0.612814,30
8265,0.612813,30
8266,0.612813,30
8267,0.612812,30
8268,0.612812,30
8269,0.612811,30
8270,0.612811,30
8271,0.61281,30
8272,0.61281,30
8273,0.612809,30
8274,0.612809,30
8275,0.612808,30
8276,0.612808,30
8277,0.612807,30
8278,0.612807,30
8279,0.612806,30
8280,0.612806,30
8281,0.612805,30
8282,0.612805,30
8283,0.612804,30
8284,0.612803,30
8285,0.612803,30
8286,0.612802,30
8287,0.612802,30
8288,0.612801,30
8289,0.612801,30
8290,0.6128,30
8291,0.6128,30
8292,0.612799,30
8293,0.612799,30
8294,0.612798,30
8295,0.612798,30
8296,0.612797,30
8297,0.612797,30
8298,0.612796,30
8299,0.612796,30
8300,0.612795,30
8301,0.612795,30
8302,0.612794,30
8303,0.612794,30
8304,0.612793,30
8305,0.612792,30
8306,0.612792,30
8307,0.612791,30
8308,0.612791,30
8309,0.61279,30
8310,0.61279,30
8311,0.612789,30
8312,0.612789,30
8313,0.612788,30
8314,0.612788,30
8315,0.612787,30
8316,0.612787,30
8317,0.612786,30
8318,0.612786,30
8319,0.612785,30
8320,0.612785,30
8321,0.612784,30
8322,0.612784,30
8323,0.612783,30
8324,0.612783,30
8325,0.612782,30
8326,0.612782,30
8327,0.612781,30
8328,0.612781,30
8329,0.61278,30
8330,0.61278,30
8331,0.612779,30
8332,0.612779,30
8333,0.612778,30
8334,0.612777,30
8335,0.612777,30
8336,0.612776,30
8337,0.612776,30
8338,0.612775,30
8339,0.612775,30
8340,0.612774,30
8341,0.612774,30
8342,0.612773,30
8343,0.612773,30
8344,0.612772,30
8345,0.612772,30
8346,0.612771,30
8347,0.612771,30
8348,0.61277,30
8349,0.61277,30
8350,0.612769,30
8351,0.612769,30
8352,0.612768,30
8353,0.612768,30
8354,0.612767,30
8355,0.612767,30
8356,0.612766,30
8357,0.612766,30
8358,0.612765,30
8359,0.612765,30
8360,0.612764,30
8361,0.612764,30
8362,0.612763,30
8363,0.612763,30
8364,0.612762,30
8365,0.612762,30
8366,0.612761,30
8367,0.612761,30
8368,0.61276,30
8369,0.61276,30
8370,0.612759,30
8371,0.612759,30
8372,0.612758,30
8373,0.612758,30
8374,0.612757,30
8375,0.612757,30
8376,0.612756,30
8377,0.612756,30
8378,0.612755,30
8379,0.612755,30
8380,0.612754,30
8381,0.612754,30
8382,0.612753,30
8383,0.612753,30
8384,0.612752,30
8385,0.612752,30
8386,0.612751,30
8387,0.612751,30
8388,0.61275,30
8389,0.61275,30
8390,0.612749,30
8391,0.612749,30
8392,0.612748,30
8393,0.612748,30
8394,0.612747,30
8395,0.612747,30
8396,0.612746,30
8397,0.612746,30
8398,0.612745,30
8399,0.612745,30
8400,0.612744,30
8401,0.612744,30
8402,0.612743,30
8403,0.612743,30
8404,0.612742,30
8405,0.612742,30
8406,0.612741,30
8407,0.612741,30
8408,0.61274,30
8409,0.61274,30
8410,0.612739,30
8411,0.612739,30
8412,0.612738,30
8413,0.612738,30
8414,0.612737,30
8415,0.612737,30
8416,0.612736,30
8417,0.612736,30
8418,0.612735,30
8419,0.612735,30
8420,0.612734,30
8421,0.612734,30
8422,0.612733,30
8423,0.612733,30
8424,0.612732,30
8425,0.612732,30
8426,0.612731,30
8427,0.612731,30
8428,0.61273,30
8429,0.61273,30
8430,0.612729,30
8431,0.612729,30
8432,0.612728,30
8433,0.612728,30
8434,0.612727,30
8435,0.612727,30
8436,0.612726,30
8437,0.612726,30
8438,0.612725,30
8439,0.612725,30
8440,0.612725,30
8441,0.612724,30
8442,0.612724,30
8443,0.612723,30
8444,0.612723,30
8445,0.612722,30
8446,0.612722,30
8447,0.612721,30
8448,0.612721,30
8449,0.61272,30
8450,0.61272,30
8451,0.612719,30
8452,0.612719,30
8453,0.612718,30
8454,0.612718,30
8455,0.612717,30
8456,0.612717,30
8457,0.612716,30
8458,0.612716,30
8459,0.612715,30
8460,0.612715,30
8461,0.612714,30
8462,0.612714,30
8463,0.612713,30
8464,0.612713,30
8465,0.612712,30
8466,0.612712,30
8467,0.612711,30
8468,0.612711,30
8469,0.612711,30
8470,0.61271,30
8471,0.61271,30
8472,0.612709,30
8473,0.612709,30
8474,0.612708,30
8475,0.612708,30
8476,0.612707,30
8477,0.612707,30
8478,0.612706,30
8479,0.612706,30
8480,0.612705,30
8481,0.612705,30
8482,0.612704,30
8483,0.612704,30
8484,0.612703,30
8485,0.612703,30
8486,0.612702,30
8487,0.612702,30
8488,0.612701,30
8489,0.612701,30
8490,0.6127,30
8491,0.6127,30
8492,0.6127,30
8493,0.612699,30
8494,0.612699,30
8495,0.612698,30
8496,0.612698,30
8497,0.612697,30
8498,0.612697,30
8499,0.612696,30
8500,0.612696,30
8501,0.612695,30
8502,0.612695,30
8503,0.612694,30
8504,0.612694,30
8505,0.612693,30
8506,0.612693,30
8507,0.612692,30
8508,0.612692,30
8509,0.612691,30
8510,0.612691,30
8511,0.612691,30
8512,0.61269,30
8513,0.61269,30
8514,0.612689,30
8515,0.612689,30
8516,0.612688,30
8517,0.612688,30
8518,0.612687,30
8519,0.612687,30
8520,0.612686,30
8521,0.612686,30
8522,0.612685,30
8523,0.612685,30
8524,0.612684,30
8525,0.612684,30
8526,0.612684,30
8527,0.612683,30
8528,0.612683,30
8529,0.612682,30
8530,0.612682,30
8531,0.612681,30
8532,0.612681,30
8533,0.61268,30
8534,0.61268,30
8535,0.612679,30
8536,0.612679,30
8537,0.612678,30
8538,0.612678,30
8539,0.612677,30
8540,0.612677,30
8541,0.612677,30
8542,0.612676,30
8543,0.612676,30
8544,0.612675,30
8545,0.612675,30
8546,0.612674,30
8547,0.612674,30
8548,0.612673,30
8549,0.612673,30
8550,0.612672,30
8551,0.612672,30
8552,0.612671,30
8553,0.612671,30
8554,0.612671,30
8555,0.61267,30
8556,0.61267,30
8557,0.612669,30
8558,0.612669,30
8559,0.612668,30
8560,0.612668,30
8561,0.612667,30
8562,0.612667,30
8563,0.612666,30
8564,0.612666,30
8565,0.612665,30
8566,0.612665,30
8567,0.612665,30
8568,0.612664,30
8569,0.612664,30
8570,0.612663,30
8571,0.612663,30
8572,0.612662,30
8573,0.612662,30
8574,0.612661,30
8575,0.612661,30
8576,0.61266,30
8577,0.61266,30
8578,0.61266,30
8579,0.612659,30
8580,0.612659,30
8581,0.612658,30
8582,0.612658,30
8583,0.612657,30
8584,0.612657,30
8585,0.612656,30
8586,0.612656,30
8587,0.612655,30
8588,0.612655,30
8589,0.612655,30
8590,0.612654,30
8591,0.612654,30
8592,0.612653,30
8593,0.612653,30
8594,0.612652,30
8595,0.612652,30
8596,0.612651,30
8597,0.612651,30
8598,0.61265,30
8599,0.61265,30
8600,0.61265,30
8601,0.612649,30
8602,0.612649,30
8603,0.612648,30
8604,0.612648,30
8605,0.612647,30
8606,0.612647,30
8607,0.612646,30
8608,0.612646,30
8609,0.612646,30
8610,0.612645,30
8611,0.612645,30
8612,0.612644,30
8613,0.612644,30
8614,0.612643,30
8615,0.612643,30
8616,0.612642,30
8617,0.612642,30
8618,0.612641,30
8619,0.612641,30
8620,0.612641,30
8621,0.61264,30
8622,0.61264,30
8623,0.612639,30
8624,0.612639,30
8625,0.612638,30
8626,0.612638,30
8627,0.612637,30
8628,0.612637,30
8629,0.612637,30
8630,0.612636,30
8631,0.612636,30
8632,0.612635,30
8633,0.612635,30
8634,0.612634,30
8635,0.612634,30
8636,0.612633,30
8637,0.612633,30
8638,0.612633,30
8639,0.612632,30
8640,0.612632,30
8641,0.612631,30
8642,0.612631,30
8643,0.61263,30
8644,0.61263,30
8645,0.61263,30
8646,0.612629,30
8647,0.612629,30
8648,0.612628,30
8649,0.612628,30
8650,0.612627,30
8651,0.612627,30
8652,0.612626,30
8653,0.612626,30
8654,0.612626,30
8655,0.612625,30
8656,0.612625,30
8657,0.612624,30
8658,0.612624,30
8659,0.612623,30
8660,0.612623,30
8661,0.612622,30
8662,0.612622,30
8663,0.612622,30
8664,0.612621,30
8665,0.612621,30
8666,0.61262,30
8667,0.61262,30
8668,0.612619,30
8669,0.612619,30
8670,0.612619,30
8671,0.612618,30
8672,0.612618,30
8673,0.612617,30
8674,0.612617,30
8675,0.612616,30
8676,0.612616,30
8677,0.612616,30
8678,0.612615,30
8679,0.612615,30
8680,0.612614,30
8681,0.612614,30
8682,0.612613,30
8683,0.612613,30
8684,0.612612,30
8685,0.612612,30
8686,0.612612,30
8687,0.612611,30
8688,0.612611,30
8689,0.61261,30
8690,0.61261,30
8691,0.612609,30
8692,0.612609,30
8693,0.612609,30
8694,0.612608,30
8695,0.612608,30
8696,0.612607,30
8697,0.612607,30
8698,0.612606,30
8699,0.612606,30
8700,0.612606,30
8701,0.612605,30
8702,0.612605,30
8703,0.612604,30
8704,0.612604,30
8705,0.612603,30
8706,0.612603,30
8707,0.612603,30
8708,0.612602,30
8709,0.612602,30
8710,0.612601,30
8711,0.612601,30
8712,0.6126,30
8713,0.6126,30
8714,0.6126,30
8715,0.612599,30
8716,0.612599,30
8717,0.612598,30
8718,0.612598,30
8719,0.612597,30
8720,0.612597,30
8721,0.612597,30
8722,0.612596,30
8723,0.612596,30
8724,0.612595,30
8725,0.612595,30
8726,0.612594,30
8727,0.612594,30
8728,0.612594,30
8729,0.612593,30
8730,0.612593,30
8731,0.612592,30
8732,0.612592,30
8733,0.612592,30
8734,0.612591,30
8735,0.612591,30
8736,0.61259,30
8737,0.61259,30
8738,0.612589,30
8739,0.612589,30
8740,0.612589,30
8741,0.612588,30
8742,0.612588,30
8743,0.612587,30
8744,0.612587,30
8745,0.612586,30
8746,0.612586,30
8747,0.612586,30
8748,0.612585,30
8749,0.612585,30
8750,0.612584,30
8751,0.612584,30
8752,0.612584,30
8753,0.612583,30
8754,0.612583,30
8755,0.612582,30
8756,0.612582,30
8757,0.612581,30
8758,0.612581,30
8759,0.612581,30
8760,0.61258,30
8761,0.61258,30
8762,0.612579,30
8763,0.612579,30
8764,0.612579,30
8765,0.612578,30
8766,0.612578,30
8767,0.612577,30
8768,0.612577,30
8769,0.612576,30
8770,0.612576,30
8771,0.612576,30
8772,0.612575,30
8773,0.612575,30
8774,0.612574,30
8775,0.612574,30
8776,0.612574,30
8777,0.612573,30
8778,0.612573,30
8779,0.612572,30
8780,0.612572,30
8781,0.612571,30
8782,0.612571,30
8783,0.612571,30
8784,0.61257,30
8785,0.61257,30
8786,0.612569,30
8787,0.612569,30
8788,0.612569,30
8789,0.612568,30
8790,0.612568,30
8791,0.612567,30
8792,0.612567,30
8793,0.612567,30
8794,0.612566,30
8795,0.612566,30
8796,0.612565,30
8797,0.612565,30
8798,0.612564,30
8799,0.612564,30
8800,0.612564,30
8801,0.612563,30
8802,0.612563,30
8803,0.612562,30
8804,0.612562,30
8805,0.612562,30
8806,0.612561,30
8807,0.612561,30
8808,0.61256,30
8809,0.61256,30
8810,0.61256,30
8811,0.612559,30
8812,0.612559,30
8813,0.612558,30
8814,0.612558,30
8815,0.612558,30
8816,0.612557,30
8817,0.612557,30
8818,0.612556,30
8819,0.612556,30
8820,0.612556,30
8821,0.612555,30
8822,0.612555,30
8823,0.612554,30
8824,0.612554,30
8825,0.612554,30
8826,0.612553,30
8827,0.612553,30
8828,0.612552,30
8829,0.612552,30
8830,0.612551,30
8831,0.612551,30
8832,0.612551,30
8833,0.61255,30
8834,0.61255,30
8835,0.612549,30
8836,0.612549,30
8837,0.612549,30
8838,0.612548,30
8839,0.612548,30
8840,0.612547,30
8841,0.612547,30
8842,0.612547,30
8843,0.612546,30
8844,0.612546,30
8845,0.612545,30
8846,0.612545,30
8847,0.612545,30
8848,0.612544,30
8849,0.612544,30
8850,0.612543,30
8851,0.612543,30
8852,0.612543,30
8853,0.612542,30
8854,0.612542,30
8855,0.612541,30
8856,0.612541,30
8857,0.612541,30
8858,0.61254,30
8859,0.61254,30
8860,0.612539,30
8861,0.612539,30
8862,0.612539,30
8863,0.612538,30
8864,0.612538,30
8865,0.612538,30
8866,0.612537,30
8867,0.612537,30
8868,0.612536,30
8869,0.612536,30
8870,0.612536,30
8871,0.612535,30
8872,0.612535,30
8873,0.612534,30
8874,0.612534,30
8875,0.612534,30
8876,0.612533,30
8877,0.612533,30
8878,0.612532,30
8879,0.612532,30
8880,0.612532,30
8881,0.612531,30
8882,0.612531,30
8883,0.61253,30
8884,0.61253,30
8885,0.61253,30
8886,0.612529,30
8887,0.612529,30
8888,0.612528,30
8889,0.612528,30
8890,0.612528,30
8891,0.612527,30
8892,0.612527,30
8893,0.612526,30
8894,0.612526,30
8895,0.612526,30
8896,0.612525,30
8897,0.612525,30
8898,0.612525,30
8899,0.612524,30
8900,0.612524,30
8901,0.612523,30
8902,0.612523,30
8903,0.612523,30
8904,0.612522,30
8905,0.612522,30
8906,0.612521,30
8907,0.612521,30
8908,0.612521,30
8909,0.61252,30
8910,0.61252,30
8911,0.612519,30
8912,0.612519,30
8913,0.612519,30
8914,0.612518,30
8915,0.612518,30
8916,0.612518,30
8917,0.612517,30
8918,0.612517,30
8919,0.612516,30
8920,0.612516,30
8921,0.612516,30
8922,0.612515,30
8923,0.612515,30
8924,0.612514,30
8925,0.612514,30
8926,0.612514,30
8927,0.612513,30
8928,0.612513,30
8929,0.612513,30
8930,0.612512,30
8931,0.612512,30
8932,0.612511,30
8933,0.612511,30
8934,0.612511,30
8935,0.61251,30
8936,0.61251,30
8937,0.612509,30
8938,0.612509,30
8939,0.612509,30
8940,0.612508,30
8941,0.612508,30
8942,0.612508,30
8943,0.612507,30
8944,0.612507,30
8945,0.612506,30
8946,0.612506,30
8947,0.612506,30
8948,0.612505,30
8949,0.612505,30
8950,0.612504,30
8951,0.612504,30
8952,0.612504,30
8953,0.612503,30
8954,0.612503,30
8955,0.612503,30
8956,0.612502,30
8957,0.612502,30
8958,0.612501,30
8959,0.612501,30
8960,0.612501,30
8961,0.6125,30
8962,0.6125,30
8963,0.6125,30
8964,0.612499,30
8965,0.612499,30
8966,0.612498,30
8967,0.612498,30
8968,0.612498,30
8969,0.612497,30
8970,0.612497,30
8971,0.612497,30
8972,0.612496,30
8973,0.612496,30
8974,0.612495,30
8975,0.612495,30
8976,0.612495,30
8977,0.612494,30
8978,0.612494,30
8979,0.612494,30
8980,0.612493,30
8981,0.612493,30
8982,0.612492,30
8983,0.612492,30
8984,0.612492,30
8985,0.612491,30
8986,0.612491,30
8987,0.612491,30
8988,0.61249,30
8989,0.61249,30
8990,0.612489,30
8991,0.612489,30
8992,0.612489,30
8993,0.612488,30
8994,0.612488,30
8995,0.612488,30
8996,0.612487,30
8997,0.612487,30
8998,0.612486,30
8999,0.612486,30
9000,0.612486,30
9001,0.612485,30
9002,0.612485,30
9003,0.612485,30
9004,0.612484,30
9005,0.612484,30
9006,0.612483,30
9007,0.612483,30
9008,0.612483,30
9009,0.612482,30
9010,0.612482,30
9011,0.612482,30
9012,0.612481,30
9013,0.612481,30
9014,0.612481,30
9015,0.61248,30
9016,0.61248,30
9017,0.612479,30
9018,0.612479,30
9019,0.612479,30
9020,0.612478,30
9021,0.612478,30
9022,0.612478,30
9023,0.612477,30
9024,0.612477,30
9025,0.612476,30
9026,0.612476,30
9027,0.612476,30
9028,0.612475,30
9029,0.612475,30
9030,0.612475,30
9031,0.612474,30
9032,0.612474,30
9033,0.612474,30
9034,0.612473,30
9035,0.612473,30
9036,0.612472,30
9037,0.612472,30
9038,0.612472,30
9039,0.612471,30
9040,0.612471,30
9041,0.612471,30
9042,0.61247,30
9043,0.61247,30
9044,0.61247,30
9045,0.612469,30
9046,0.612469,30
9047,0.612468,30
9048,0.612468,30
9049,0.612468,30
9050,0.612467,30
9051,0.612467,30
9052,0.612467,30
9053,0.612466,30
9054,0.612466,30
9055,0.612466,30
9056,0.612465,30
9057,0.612465,30
9058,0.612464,30
9059,0.612464,30
9060,0.612464,30
9061,0.612463,30
9062,0.612463,30
9063,0.612463,30
9064,0.612462,30
9065,0.612462,30
9066,0.612462,30
9067,0.612461,30
9068,0.612461,30
9069,0.61246,30
9070,0.61246,30
9071,0.61246,30
9072,0.612459,30
9073,0.612459,30
9074,0.612459,30
9075,0.612458,30
9076,0.612458,30
9077,0.612458,30
9078,0.612457,30
9079,0.612457,30
9080,0.612457,30
9081,0.612456,30
9082,0.612456,30
9083,0.612455,30
9084,0.612455,30
9085,0.612455,30
9086,0.612454,30
9087,0.612454,30
9088,0.612454,30
9089,0.612453,30
9090,0.612453,30
9091,0.612453,30
9092,0.612452,30
9093,0.612452,30
9094,0.612452,30
9095,0.612451,30
9096,0.612451,30
9097,0.612451,30
9098,0.61245,30
9099,0.61245,30
9100,0.612449,30
9101,0.612449,30
9102,0.612449,30
9103,0.612448,30
9104,0.612448,30
9105,0.612448,30
9106,0.612447,30
9107,0.612447,30
9108,0.612447,30
9109,0.612446,30
9110,0.612446,30
9111,0.612446,30
9112,0.612445,30
9113,0.612445,30
9114,0.612445,30
9115,0.612444,30
9116,0.612444,30
9117,0.612443,30
9118,0.612443,30
9119,0.612443,30
9120,0.612442,30
9121,0.612442,30
9122,0.612442,30
9123,0.612441,30
9124,0.612441,30
9125,0.612441,30
9126,0.61244,30
9127,0.61244,30
9128,0.61244,30
9129,0.612439,30
9130,0.612439,30
9131,0.612439,30
9132,0.612438,30
9133,0.612438,30
9134,0.612438,30
9135,0.612437,30
9136,0.612437,30
9137,0.612436,30
9138,0.612436,30
9139,0.612436,30
9140,0.612435,30
9141,0.612435,30
9142,0.612435,30
9143,0.612434,30
9144,0.612434,30
9145,0.612434,30
9146,0.612433,30
9147,0.612433,30
9148,0.612433,30
9149,0.612432,30
9150,0.612432,30
9151,0.612432,30
9152,0.612431,30
9153,0.612431,30
9154,0.612431,30
9155,0.61243,30
9156,0.61243,30
9157,0.61243,30
9158,0.612429,30
9159,0.612429,30
9160,0.612429,30
9161,0.612428,30
9162,0.612428,30
9163,0.612427,30
9164,0.612427,30
9165,0.612427,30
9166,0.612426,30
9167,0.612426,30
9168,0.612426,30
9169,0.612425,30
9170,0.612425,30
9171,0.612425,30
9172,0.612424,30
9173,0.612424,30
9174,0.612424,30
9175,0.612423,30
9176,0.612423,30
9177,0.612423,30
9178,0.612422,30
9179,0.612422,30
9180,0.612422,30
9181,0.612421,30
9182,0.612421,30
9183,0.612421,30
9184,0.61242,30
9185,0.61242,30
9186,0.61242,30
9187,0.612419,30
9188,0.612419,30
9189,0.612419,30
9190,0.612418,30
9191,0.612418,30
9192,0.612418,30
9193,0.612417,30
9194,0.612417,30
9195,0.612417,30
9196,0.612416,30
9197,0.612416,30
9198,0.612416,30
9199,0.612415,30
9200,0.612415,30
9201,0.612415,30
9202,0.612414,30
9203,0.612414,30
9204,0.612414,30
9205,0.612413,30
9206,0.612413,30
9207,0.612413,30
9208,0.612412,30
9209,0.612412,30
9210,0.612412,30
9211,0.612411,30
9212,0.612411,30
9213,0.612411,30
9214,0.61241,30
9215,0.61241,30
9216,0.61241,30
9217,0.612409,30
9218,0.612409,30
9219,0.612409,30
9220,0.612408,30
9221,0.612408,30
9222,0.612407,30
9223,0.612407,30
9224,0.612407,30
9225,0.612406,30
9226,0.612406,30
9227,0.612406,30
9228,0.612405,30
9229,0.612405,30
9230,0.612405,30
9231,0.612405,30
9232,0.612404,30
9233,0.612404,30
9234,0.612404,30
9235,0.612403,30
9236,0.612403,30
9237,0.612403,30
9238,0.612402,30
9239,0.612402,30
9240,0.612402,30
9241,0.612401,30
9242,0.612401,30
9243,0.612401,30
9244,0.6124,30
9245,0.6124,30
9246,0.6124,30
9247,0.612399,30
9248,0.612399,30
9249,0.612399,30
9250,0.612398,30
9251,0.612398,30
9252,0.612398,30
9253,0.612397,30
9254,0.612397,30
9255,0.612397,30
9256,0.612396,30
9257,0.612396,30
9258,0.612396,30
9259,0.612395,30
9260,0.612395,30
9261,0.612395,30
9262,0.612394,30
9263,0.612394,30
9264,0.612394,30
9265,0.612393,30
9266,0.612393,30
9267,0.612393,30
9268,0.612392,30
9269,0.612392,30
9270,0.612392,30
9271,0.612391,30
9272,0.612391,30
9273,0.612391,30
9274,0.61239,30
9275,0.61239,30
9276,0.61239,30
9277,0.612389,30
9278,0.612389,30
9279,0.612389,30
9280,0.612388,30
9281,0.612388,30
9282,0.612388,30
9283,0.612387,30
9284,0.612387,30
9285,0.612387,30
9286,0.612386,30
9287,0.612386,30
9288,0.612386,30
9289,0.612385,30
9290,0.612385,30
9291,0.612385,30
9292,0.612385,30
9293,0.612384,30
9294,0.612384,30
9295,0.612384,30
9296,0.612383,30
9297,0.612383,30
9298,0.612383,30
9299,0.612382,30
9300,0.612382,30
9301,0.612382,30
9302,0.612381,30
9303,0.612381,30
9304,0.612381,30
9305,0.61238,30
9306,0.61238,30
9307,0.61238,30
9308,0.612379,30
9309,0.612379,30
9310,0.612379,30
9311,0.612378,30
9312,0.612378,30
9313,0.612378,30
9314,0.612377,30
9315,0.612377,30
9316,0.612377,30
9317,0.612376,30
9318,0.612376,30
9319,0.612376,30
9320,0.612376,30
9321,0.612375,30
9322,0.612375,30
9323,0.612375,30
9324,0.612374,30
9325,0.612374,30
9326,0.612374,30
9327,0.612373,30
9328,0.612373,30
9329,0.612373,30
9330,0.612372,30
9331,0.612372,30
9332,0.612372,30
9333,0.612371,30
9334,0.612371,30
9335,0.612371,30
9336,0.61237,30
9337,0.61237,30
9338,0.61237,30
9339,0.61237,30
9340,0.612369,30
9341,0.612369,30
9342,0.612369,30
9343,0.612368,30
9344,0.612368,30
9345,0.612368,30
9346,0.612367,30
9347,0.612367,30
9348,0.612367,30
9349,0.612366,30
9350,0.612366,30
9351,0.612366,30
9352,0.612365,30
9353,0.612365,30
9354,0.612365,30
9355,0.612364,30
9356,0.612364,30
9357,0.612364,30
9358,0.612364,30
9359,0.612363,30
9360,0.612363,30
9361,0.612363,30
9362,0.612362,30
9363,0.612362,30
9364,0.612362,30
9365,0.612361,30
9366,0.612361,30
9367,0.612361,30
9368,0.61236,30
9369,0.61236,30
9370,0.61236,30
9371,0.612359,30
9372,0.612359,30
9373,0.612359,30
9374,0.612359,30
9375,0.612358,30
9376,0.612358,30
9377,0.612358,30
9378,0.612357,30
9379,0.612357,30
9380,0.612357,30
9381,0.612356,30
9382,0.612356,30
9383,0.612356,30
9384,0.612355,30
9385,0.612355,30
9386,0.612355,30
9387,0.612355,30
9388,0.612354,30
9389,0.612354,30
9390,0.612354,30
9391,0.612353,30
9392,0.612353,30
9393,0.612353,30
9394,0.612352,30
9395,0.612352,30
9396,0.612352,30
9397,0.612351,30
9398,0.612351,30
9399,0.612351,30
9400,0.612351,30
9401,0.61235,30
9402,0.61235,30
9403,0.61235,30
9404,0.612349,30
9405,0.612349,30
9406,0.612349,30
9407,0.612348,30
9408,0.612348,30
9409,0.612348,30
9410,0.612347,30
9411,0.612347,30
9412,0.612347,30
9413,0.612347,30
9414,0.612346,30
9415,0.612346,30
9416,0.612346,30
9417,0.612345,30
9418,0.612345,30
9419,0.612345,30
9420,0.612344,30
9421,0.612344,30
9422,0.612344,30
9423,0.612344,30
9424,0.612343,30
9425,0.612343,30
9426,0.612343,30
9427,0.612342,30
9428,0.612342,30
9429,0.612342,30
9430,0.612341,30
9431,0.612341,30
9432,0.612341,30
9433,0.612341,30
9434,0.61234,30
9435,0.61234,30
9436,0.61234,30
9437,0.612339,30
9438,0.612339,30
9439,0.612339,30
9440,0.612338,30
9441,0.612338,30
9442,0.612338,30
9443,0.612337,30
9444,0.612337,30
9445,0.612337,30
9446,0.612337,30
9447,0.612336,30
9448,0.612336,30
9449,0.612336,30
9450,0.612335,30
9451,0.612335,30
9452,0.612335,30
9453,0.612334,30
9454,0.612334,30
9455,0.612334,30
9456,0.612334,30
9457,0.612333,30
9458,0.612333,30
9459,0.612333,30
9460,0.612332,30
9461,0.612332,30
9462,0.612332,30
9463,0.612332,30
9464,0.612331,30
9465,0.612331,30
9466,0.612331,30
9467,0.61233,30
9468,0.61233,30
9469,0.61233,30
9470,0.612329,30
9471,0.612329,30
9472,0.612329,30
9473,0.612329,30
9474,0.612328,30
9475,0.612328,30
9476,0.612328,30
9477,0.612327,30
9478,0.612327,30
9479,0.612327,30
9480,0.612326,30
9481,0.612326,30
9482,0.612326,30
9483,0.612326,30
9484,0.612325,30
9485,0.612325,30
9486,0.612325,30
9487,0.612324,30
9488,0.612324,30
9489,0.612324,30
9490,0.612324,30
9491,0.612323,30
9492,0.612323,30
9493,0.612323,30
9494,0.612322,30
9495,0.612322,30
9496,0.612322,30
9497,0.612321,30
9498,0.612321,30
9499,0.612321,30
9500,0.612321,30
9501,0.61232,30
9502,0.61232,30
9503,0.61232,30
9504,0.612319,30
9505,0.612319,30
9506,0.612319,30
9507,0.612319,30
9508,0.612318,30
9509,0.612318,30
9510,0.612318,30
9511,0.612317,30
9512,0.612317,30
9513,0.612317,30
9514,0.612317,30
9515,0.612316,30
9516,0.612316,30
9517,0.612316,30
9518,0.612315,30
9519,0.612315,30
9520,0.612315,30
9521,0.612314,30
9522,0.612314,30
9523,0.612314,30
9524,0.612314,30
9525,0.612313,30
9526,0.612313,30
9527,0.612313,30
9528,0.612312,30
9529,0.612312,30
9530,0.612312,30
9531,0.612312,30
9532,0.612311,30
9533,0.612311,30
9534,0.612311,30
9535,0.61231,30
9536,0.61231,30
9537,0.61231,30
9538,0.61231,30
9539,0.612309,30
9540,0.612309,30
9541,0.612309,30
9542,0.612308,30
9543,0.612308,30
9544,0.612308,30
9545,0.612308,30
9546,0.612307,30
9547,0.612307,30
9548,0.612307,30
9549,0.612306,30
9550,0.612306,30
9551,0.612306,30
9552,0.612306,30
9553,0.612305,30
9554,0.612305,30
9555,0.612305,30
9556,0.612304,30
9557,0.612304,30
9558,0.612304,30
9559,0.612304,30
9560,0.612303,30
9561,0.612303,30
9562,0.612303,30
9563,0.612302,30
9564,0.612302,30
9565,0.612302,30
9566,0.612302,30
9567,0.612301,30
9568,0.612301,30
9569,0.612301,30
9570,0.6123,30
9571,0.6123,30
9572,0.6123,30
9573,0.6123,30
9574,0.612299,30
9575,0.612299,30
9576,0.612299,30
9577,0.612299,30
9578,0.612298,30
9579,0.612298,30
9580,0.612298,30
9581,0.612297,30
9582,0.612297,30
9583,0.612297,30
9584,0.612297,30
9585,0.612296,30
9586,0.612296,30
9587,0.612296,30
9588,0.612295,30
9589,0.612295,30
9590,0.612295,30
9591,0.612295,30
9592,0.612294,30
9593,0.612294,30
9594,0.612294,30
9595,0.612293,30
9596,0.612293,30
9597,0.612293,30
9598,0.612293,30
9599,0.612292,30
9600,0.612292,30
9601,0.612292,30
9602,0.612291,30
9603,0.612291,30
9604,0.612291,30
9605,0.612291,30
9606,0.61229,30
9607,0.61229,30
9608,0.61229,30
9609,0.61229,30
9610,0.612289,30
9611,0.612289,30
9612,0.612289,30
9613,0.612288,30
9614,0.612288,30
9615,0.612288,30
9616,0.612288,30
9617,0.612287,30
9618,0.612287,30
9619,0.612287,30
9620,0.612287,30
9621,0.612286,30
9622,0.612286,30
9623,0.612286,30
9624,0.612285,30
9625,0.612285,30
9626,0.612285,30
9627,0.612285,30
9628,0.612284,30
9629,0.612284,30
9630,0.612284,30
9631,0.612283,30
9632,0.612283,30
9633,0.612283,30
9634,0.612283,30
9635,0.612282,30
9636,0.612282,30
9637,0.612282,30
9638,0.612282,30
9639,0.612281,30
9640,0.612281,30
9641,0.612281,30
9642,0.61228,30
9643,0.61228,30
9644,0.61228,30
9645,0.61228,30
9646,0.612279,30
9647,0.612279,30
9648,0.612279,30
9649,0.612279,30
9650,0.612278,30
9651,0.612278,30
9652,0.612278,30
9653,0.612277,30
9654,0.612277,30
9655,0.612277,30
9656,0.612277,30
9657,0.612276,30
9658,0.612276,30
9659,0.612276,30
9660,0.612276,30
9661,0.612275,30
9662,0.612275,30
9663,0.612275,30
9664,0.612274,30
9665,0.612274,30
9666,0.612274,30
9667,0.612274,30
9668,0.612273,30
9669,0.612273,30
9670,0.612273,30
9671,0.612273,30
9672,0.612272,30
9673,0.612272,30
9674,0.612272,30
9675,0.612272,30
9676,0.612271,30
9677,0.612271,30
9678,0.612271,30
9679,0.61227,30
9680,0.61227,30
9681,0.61227,30
9682,0.61227,30
9683,0.612269,30
9684,0.612269,30
9685,0.612269,30
9686,0.612269,30
9687,0.612268,30
9688,0.612268,30
9689,0.612268,30
9690,0.612268,30
9691,0.612267,30
9692,0.612267,30
9693,0.612267,30
9694,0.612266,30
9695,0.612266,30
9696,0.612266,30
9697,0.612266,30
9698,0.612265,30
9699,0.612265,30
9700,0.612265,30
9701,0.612265,30
9702,0.612264,30
9703,0.612264,30
9704,0.612264,30
9705,0.612264,30
9706,0.612263,30
9707,0.612263,30
9708,0.612263,30
9709,0.612262,30
9710,0.612262,30
9711,0.612262,30
9712,0.612262,30
9713,0.612261,30
9714,0.612261,30
9715,0.612261,30
9716,0.612261,30
9717,0.61226,30
9718,0.61226,30
9719,0.61226,30
9720,0.61226,30
9721,0.612259,30
9722,0.612259,30
9723,0.612259,30
9724,0.612258,30
9725,0.612258,30
9726,0.612258,30
9727,0.612258,30
9728,0.612257,30
9729,0.612257,30
9730,0.612257,30
9731,0.612257,30
9732,0.612256,30
9733,0.612256,30
9734,0.612256,30
9735,0.612256,30
9736,0.612255,30
9737,0.612255,30
9738,0.612255,30
9739,0.612255,30
9740,0.612254,30
9741,0.612254,30
9742,0.612254,30
9743,0.612254,30
9744,0.612253,30
9745,0.612253,30
9746,0.612253,30
9747,0.612252,30
9748,0.612252,30
9749,0.612252,30
9750,0.612252,30
9751,0.612251,30
9752,0.612251,30
9753,0.612251,30
9754,0.612251,30
9755,0.61225,30
9756,0.61225,30
9757,0.61225,30
9758,0.61225,30
9759,0.612249,30
9760,0.612249,30
9761,0.612249,30
9762,0.612249,30
9763,0.612248,30
9764,0.612248,30
9765,0.612248,30
9766,0.612248,30
9767,0.612247,30
9768,0.612247,30
9769,0.612247,30
9770,0.612247,30
9771,0.612246,30
9772,0.612246,30
9773,0.612246,30
9774,0.612246,30
9775,0.612245,30
9776,0.612245,30
9777,0.612245,30
9778,0.612244,30
9779,0.612244,30
9780,0.612244,30
9781,0.612244,30
9782,0.612243,30
9783,0.612243,30
9784,0.612243,30
9785,0.612243,30
9786,0.612242,30
9787,0.612242,30
9788,0.612242,30
9789,0.612242,30
9790,0.612241,30
9791,0.612241,30
9792,0.612241,30
9793,0.612241,30
9794,0.61224,30
9795,0.61224,30
9796,0.61224,30
9797,0.61224,30
9798,0.612239,30
9799,0.612239,30
9800,0.612239,30
9801,0.612239,30
9802,0.612238,30
9803,0.612238,30
9804,0.612238,30
9805,0.612238,30
9806,0.612237,30
9807,0.612237,30
9808,0.612237,30
9809,0.612237,30
9810,0.612236,30
9811,0.612236,30
9812,0.612236,30
9813,0.612236,30
9814,0.612235,30
9815,0.612235,30
9816,0.612235,30
9817,0.612235,30
9818,0.612234,30
9819,0.612234,30
9820,0.612234,30
9821,0.612234,30
9822,0.612233,30
9823,0.612233,30
9824,0.612233,30
9825,0.612233,30
9826,0.612232,30
9827,0.612232,30
9828,0.612232,30
9829,0.612232,30
9830,0.612231,30
9831,0.612231,30
9832,0.612231,30
9833,0.612231,30
9834,0.61223,30
9835,0.61223,30
9836,0.61223,30
9837,0.61223,30
9838,0.612229,30
9839,0.612229,30
9840,0.612229,30
9841,0.612229,30
9842,0.612228,30
9843,0.612228,30
9844,0.612228,30
9845,0.612228,30
9846,0.612227,30
9847,0.612227,30
9848,0.612227,30
9849,0.612227,30
9850,0.612226,30
9851,0.612226,30
9852,0.612226,30
9853,0.612226,30
9854,0.612225,30
9855,0.612225,30
9856,0.612225,30
9857,0.612225,30
9858,0.612224,30
9859,0.612224,30
9860,0.612224,30
9861,0.612224,30
9862,0.612223,30
9863,0.612223,30
9864,0.612223,30
9865,0.612223,30
9866,0.612222,30
9867,0.612222,30
9868,0.612222,30
9869,0.612222,30
9870,0.612221,30
9871,0.612221,30
9872,0.612221,30
9873,0.612221,30
9874,0.61222,30
9875,0.61222,30
9876,0.61222,30
9877,0.61222,30
9878,0.612219,30
9879,0.612219,30
9880,0.612219,30
9881,0.612219,30
9882,0.612218,30
9883,0.612218,30
9884,0.612218,30
9885,0.612218,30
9886,0.612218,30
9887,0.612217,30
9888,0.612217,30
9889,0.612217,30
9890,0.612217,30
9891,0.612216,30
9892,0.612216,30
9893,0.612216,30
9894,0.612216,30
9895,0.612215,30
9896,0.612215,30
9897,0.612215,30
9898,0.612215,30
9899,0.612214,30
9900,0.612214,30
9901,0.612214,30
9902,0.612214,30
9903,0.612213,30
9904,0.612213,30
9905,0.612213,30
9906,0.612213,30
9907,0.612212,30
9908,0.612212,30
9909,0.612212,30
9910,0.612212,30
9911,0.612211,30
9912,0.612211,30
9913,0.612211,30
9914,0.612211,30
9915,0.612211,30
9916,0.61221,30
9917,0.61221,30
9918,0.61221,30
9919,0.61221,30
9920,0.612209,30
9921,0.612209,30
9922,0.612209,30
9923,0.612209,30
9924,0.612208,30
9925,0.612208,30
9926,0.612208,30
9927,0.612208,30
9928,0.612207,30
9929,0.612207,30
9930,0.612207,30
9931,0.612207,30
9932,0.612206,30
9933,0.612206,30
9934,0.612206,30
9935,0.612206,30
9936,0.612205,30
9937,0.612205,30
9938,0.612205,30
9939,0.612205,30
9940,0.612205,30
9941,0.612204,30
9942,0.612204,30
9943,0.612204,30
9944,0.612204,30
9945,0.612203,30
9946,0.612203,30
9947,0.612203,30
9948,0.612203,30
9949,0.612202,30
9950,0.612202,30
9951,0.612202,30
9952,0.612202,30
9953,0.612201,30
9954,0.612201,30
9955,0.612201,30
9956,0.612201,30
9957,0.612201,30
9958,0.6122,30
9959,0.6122,30
9960,0.6122,30
9961,0.6122,30
9962,0.612199,30
9963,0.612199,30
9964,0.612199,30
9965,0.612199,30
9966,0.612198,30
9967,0.612198,30
9968,0.612198,30
9969,0.612198,30
9970,0.612197,30
9971,0.612197,30
9972,0.612197,30
9973,0.612197,30
9974,0.612197,30
9975,0.612196,30
9976,0.612196,30
9977,0.612196,30
9978,0.612196,30
9979,0.612195,30
9980,0.612195,30
9981,0.612195,30
9982,0.612195,30
9983,0.612194,30
9984,0.612194,30
9985,0.612194,30
9986,0.612194,30
9987,0.612194,30
9988,0.612193,30
9989,0.612193,30
9990,0.612193,30
9991,0.612193,30
9992,0.612192,30
9993,0.612192,30
9994,0.612192,30
9995,0.612192,30
9996,0.612191,30
9997,0.612191,30
9998,0.612191,30
9999,0.612191,30
10000,0.612191,30
